,id,state,state_abbreviation,county,party,candidate,fraction_votes,AGE775214,RHI825214,EDU635213,SEX255214,INC110213,POP060210
0,0,Missouri,MO,Adair,Democrat,Bernie Sanders,0.588,13.6,91.4,86.7,51.9,34733,45.1
1,1,Missouri,MO,Adair,Democrat,Hillary Clinton,0.40700000000000003,13.6,91.4,86.7,51.9,34733,45.1
2,2,Missouri,MO,Andrew,Democrat,Bernie Sanders,0.584,17.5,95.1,90.3,50.5,54336,40.0
3,3,Missouri,MO,Andrew,Democrat,Hillary Clinton,0.39899999999999997,17.5,95.1,90.3,50.5,54336,40.0
4,4,Missouri,MO,Atchison,Democrat,Bernie Sanders,0.546,23.8,96.8,89.3,50.4,44426,10.4
5,5,Missouri,MO,Atchison,Democrat,Hillary Clinton,0.445,23.8,96.8,89.3,50.4,44426,10.4
6,6,Missouri,MO,Audrain,Democrat,Hillary Clinton,0.496,16.7,87.9,84.3,54.5,43013,36.9
7,7,Missouri,MO,Audrain,Democrat,Bernie Sanders,0.48200000000000004,16.7,87.9,84.3,54.5,43013,36.9
8,8,Missouri,MO,Barry,Democrat,Hillary Clinton,0.516,20.2,87.1,82.2,50.2,38710,45.7
9,9,Missouri,MO,Barry,Democrat,Bernie Sanders,0.47,20.2,87.1,82.2,50.2,38710,45.7
10,10,Missouri,MO,Barton,Democrat,Bernie Sanders,0.502,18.6,92.9,85.8,50.7,40580,21.0
11,11,Missouri,MO,Barton,Democrat,Hillary Clinton,0.48100000000000004,18.6,92.9,85.8,50.7,40580,21.0
12,12,Missouri,MO,Bates,Democrat,Bernie Sanders,0.531,18.7,94.6,83.9,50.6,38579,20.4
13,13,Missouri,MO,Bates,Democrat,Hillary Clinton,0.435,18.7,94.6,83.9,50.6,38579,20.4
14,14,Missouri,MO,Benton,Democrat,Hillary Clinton,0.5329999999999999,28.8,95.5,82.9,49.7,32951,27.1
15,15,Missouri,MO,Benton,Democrat,Bernie Sanders,0.452,28.8,95.5,82.9,49.7,32951,27.1
16,16,Missouri,MO,Bollinger,Democrat,Hillary Clinton,0.5379999999999999,18.0,96.8,79.7,50.0,37716,20.0
17,17,Missouri,MO,Bollinger,Democrat,Bernie Sanders,0.451,18.0,96.8,79.7,50.0,37716,20.0
18,18,Missouri,MO,Boone,Democrat,Bernie Sanders,0.606,10.5,80.0,93.0,51.6,48627,237.3
19,19,Missouri,MO,Boone,Democrat,Hillary Clinton,0.387,10.5,80.0,93.0,51.6,48627,237.3
20,20,Missouri,MO,Buchanan,Democrat,Bernie Sanders,0.537,14.6,84.4,86.1,49.7,44363,218.6
21,21,Missouri,MO,Buchanan,Democrat,Hillary Clinton,0.445,14.6,84.4,86.1,49.7,44363,218.6
22,22,Missouri,MO,Butler,Democrat,Hillary Clinton,0.527,17.7,89.3,78.2,51.1,34969,61.6
23,23,Missouri,MO,Butler,Democrat,Bernie Sanders,0.45399999999999996,17.7,89.3,78.2,51.1,34969,61.6
24,24,Missouri,MO,Caldwell,Democrat,Bernie Sanders,0.556,18.9,95.1,86.9,49.6,41169,22.1
25,25,Missouri,MO,Caldwell,Democrat,Hillary Clinton,0.43200000000000005,18.9,95.1,86.9,49.6,41169,22.1
26,26,Missouri,MO,Callaway,Democrat,Bernie Sanders,0.542,14.2,90.4,86.0,49.2,47964,53.1
27,27,Missouri,MO,Callaway,Democrat,Hillary Clinton,0.445,14.2,90.4,86.0,49.2,47964,53.1
28,28,Missouri,MO,Camden,Democrat,Bernie Sanders,0.499,24.9,94.6,89.4,50.6,43458,67.1
29,29,Missouri,MO,Camden,Democrat,Hillary Clinton,0.489,24.9,94.6,89.4,50.6,43458,67.1
30,30,Missouri,MO,Carroll,Democrat,Bernie Sanders,0.507,20.6,94.3,83.9,50.8,46002,13.4
31,31,Missouri,MO,Carroll,Democrat,Hillary Clinton,0.46299999999999997,20.6,94.3,83.9,50.8,46002,13.4
32,32,Missouri,MO,Carter,Democrat,Bernie Sanders,0.5,17.8,94.9,74.7,51.5,30962,12.3
33,33,Missouri,MO,Carter,Democrat,Hillary Clinton,0.486,17.8,94.9,74.7,51.5,30962,12.3
34,34,Missouri,MO,Cass,Democrat,Bernie Sanders,0.521,15.5,88.7,92.0,51.1,60350,142.8
35,35,Missouri,MO,Cass,Democrat,Hillary Clinton,0.46799999999999997,15.5,88.7,92.0,51.1,60350,142.8
36,36,Missouri,MO,Cedar,Democrat,Bernie Sanders,0.511,24.0,94.9,84.1,50.4,30302,29.5
37,37,Missouri,MO,Cedar,Democrat,Hillary Clinton,0.47,24.0,94.9,84.1,50.4,30302,29.5
38,38,Missouri,MO,Chariton,Democrat,Hillary Clinton,0.521,22.5,95.5,83.2,50.3,39385,10.4
39,39,Missouri,MO,Chariton,Democrat,Bernie Sanders,0.445,22.5,95.5,83.2,50.3,39385,10.4
40,40,Missouri,MO,Christian,Democrat,Bernie Sanders,0.584,14.3,93.6,91.6,51.2,52838,137.6
41,41,Missouri,MO,Christian,Democrat,Hillary Clinton,0.408,14.3,93.6,91.6,51.2,52838,137.6
42,42,Missouri,MO,Clark,Democrat,Hillary Clinton,0.514,19.1,97.2,85.2,49.4,40204,14.1
43,43,Missouri,MO,Clark,Democrat,Bernie Sanders,0.45299999999999996,19.1,97.2,85.2,49.4,40204,14.1
44,44,Missouri,MO,Clay,Democrat,Bernie Sanders,0.537,12.8,82.4,91.8,51.0,60936,558.6
45,45,Missouri,MO,Clay,Democrat,Hillary Clinton,0.455,12.8,82.4,91.8,51.0,60936,558.6
46,46,Missouri,MO,Clinton,Democrat,Bernie Sanders,0.514,17.3,93.6,90.4,49.6,53826,49.5
47,47,Missouri,MO,Clinton,Democrat,Hillary Clinton,0.462,17.3,93.6,90.4,49.6,53826,49.5
48,48,Missouri,MO,Cole,Democrat,Bernie Sanders,0.535,14.0,82.3,90.4,49.4,53931,193.0
49,49,Missouri,MO,Cole,Democrat,Hillary Clinton,0.45299999999999996,14.0,82.3,90.4,49.4,53931,193.0
50,50,Missouri,MO,Cooper,Democrat,Hillary Clinton,0.501,16.5,88.3,85.9,47.3,45992,31.2
51,51,Missouri,MO,Cooper,Democrat,Bernie Sanders,0.486,16.5,88.3,85.9,47.3,45992,31.2
52,52,Missouri,MO,Crawford,Democrat,Bernie Sanders,0.562,17.8,95.8,78.1,50.6,35897,33.3
53,53,Missouri,MO,Crawford,Democrat,Hillary Clinton,0.41200000000000003,17.8,95.8,78.1,50.6,35897,33.3
54,54,Missouri,MO,Dade,Democrat,Bernie Sanders,0.51,22.2,94.3,85.3,49.2,35483,16.1
55,55,Missouri,MO,Dade,Democrat,Hillary Clinton,0.48100000000000004,22.2,94.3,85.3,49.2,35483,16.1
56,56,Missouri,MO,Dallas,Democrat,Bernie Sanders,0.557,19.6,95.1,76.9,50.1,40120,31.0
57,57,Missouri,MO,Dallas,Democrat,Hillary Clinton,0.429,19.6,95.1,76.9,50.1,40120,31.0
58,58,Missouri,MO,Daviess,Democrat,Hillary Clinton,0.51,18.9,96.2,84.2,49.6,42393,15.0
59,59,Missouri,MO,Daviess,Democrat,Bernie Sanders,0.47100000000000003,18.9,96.2,84.2,49.6,42393,15.0
60,60,Missouri,MO,Dent,Democrat,Bernie Sanders,0.556,20.3,94.6,76.8,50.0,36311,20.8
61,61,Missouri,MO,Dent,Democrat,Hillary Clinton,0.405,20.3,94.6,76.8,50.0,36311,20.8
62,62,Missouri,MO,Douglas,Democrat,Bernie Sanders,0.581,22.2,95.7,81.7,50.6,32130,16.8
63,63,Missouri,MO,Douglas,Democrat,Hillary Clinton,0.405,22.2,95.7,81.7,50.6,32130,16.8
64,64,Missouri,MO,Dunklin,Democrat,Hillary Clinton,0.609,17.4,81.2,72.3,52.1,31304,59.1
65,65,Missouri,MO,Dunklin,Democrat,Bernie Sanders,0.377,17.4,81.2,72.3,52.1,31304,59.1
66,66,Missouri,MO,Franklin,Democrat,Bernie Sanders,0.5539999999999999,15.6,95.3,85.4,50.3,48857,110.0
67,67,Missouri,MO,Franklin,Democrat,Hillary Clinton,0.429,15.6,95.3,85.4,50.3,48857,110.0
68,68,Missouri,MO,Gasconade,Democrat,Bernie Sanders,0.5529999999999999,21.6,96.3,84.2,50.6,41392,29.4
69,69,Missouri,MO,Gasconade,Democrat,Hillary Clinton,0.43799999999999994,21.6,96.3,84.2,50.6,41392,29.4
70,70,Missouri,MO,Gentry,Democrat,Bernie Sanders,0.494,19.7,96.8,85.7,51.7,39192,13.7
71,71,Missouri,MO,Gentry,Democrat,Hillary Clinton,0.48,19.7,96.8,85.7,51.7,39192,13.7
72,72,Missouri,MO,Greene,Democrat,Bernie Sanders,0.611,15.3,88.4,90.1,51.2,40337,407.5
73,73,Missouri,MO,Greene,Democrat,Hillary Clinton,0.38299999999999995,15.3,88.4,90.1,51.2,40337,407.5
74,74,Missouri,MO,Grundy,Democrat,Bernie Sanders,0.534,21.2,95.0,85.4,52.6,37964,23.6
75,75,Missouri,MO,Grundy,Democrat,Hillary Clinton,0.446,21.2,95.0,85.4,52.6,37964,23.6
76,76,Missouri,MO,Harrison,Democrat,Bernie Sanders,0.5,21.0,95.5,82.7,50.2,37739,12.4
77,77,Missouri,MO,Harrison,Democrat,Hillary Clinton,0.485,21.0,95.5,82.7,50.2,37739,12.4
78,78,Missouri,MO,Henry,Democrat,Hillary Clinton,0.517,20.5,93.9,85.8,50.9,39839,32.0
79,79,Missouri,MO,Henry,Democrat,Bernie Sanders,0.461,20.5,93.9,85.8,50.9,39839,32.0
80,80,Missouri,MO,Hickory,Democrat,Hillary Clinton,0.537,31.9,95.5,82.4,51.1,29325,24.1
81,81,Missouri,MO,Hickory,Democrat,Bernie Sanders,0.441,31.9,95.5,82.4,51.1,29325,24.1
82,82,Missouri,MO,Holt,Democrat,Hillary Clinton,0.522,22.8,96.6,89.7,50.7,42979,10.6
83,83,Missouri,MO,Holt,Democrat,Bernie Sanders,0.449,22.8,96.6,89.7,50.7,42979,10.6
84,84,Missouri,MO,Howard,Democrat,Hillary Clinton,0.488,17.0,90.6,85.6,50.2,42747,21.9
85,85,Missouri,MO,Howard,Democrat,Bernie Sanders,0.48200000000000004,17.0,90.6,85.6,50.2,42747,21.9
86,86,Missouri,MO,Howell,Democrat,Bernie Sanders,0.584,18.5,94.6,82.6,51.3,32533,43.6
87,87,Missouri,MO,Howell,Democrat,Hillary Clinton,0.402,18.5,94.6,82.6,51.3,32533,43.6
88,88,Missouri,MO,Iron,Democrat,Bernie Sanders,0.535,18.7,94.2,77.3,50.7,36387,19.3
89,89,Missouri,MO,Iron,Democrat,Hillary Clinton,0.43799999999999994,18.7,94.2,77.3,50.7,36387,19.3
90,90,Missouri,MO,Jackson,Democrat,Hillary Clinton,0.529,13.5,62.9,88.3,51.6,47015,1115.3
91,91,Missouri,MO,Jackson,Democrat,Bernie Sanders,0.46399999999999997,13.5,62.9,88.3,51.6,47015,1115.3
92,92,Missouri,MO,Jasper,Democrat,Bernie Sanders,0.62,13.9,84.9,84.3,51.1,40399,183.9
93,93,Missouri,MO,Jasper,Democrat,Hillary Clinton,0.371,13.9,84.9,84.3,51.1,40399,183.9
94,94,Missouri,MO,Jefferson,Democrat,Bernie Sanders,0.5429999999999999,13.3,94.8,87.4,50.4,54845,333.1
95,95,Missouri,MO,Jefferson,Democrat,Hillary Clinton,0.442,13.3,94.8,87.4,50.4,54845,333.1
96,96,Missouri,MO,Johnson,Democrat,Bernie Sanders,0.562,11.8,86.0,91.6,48.8,47223,63.4
97,97,Missouri,MO,Johnson,Democrat,Hillary Clinton,0.425,11.8,86.0,91.6,48.8,47223,63.4
98,98,Missouri,MO,Knox,Democrat,Hillary Clinton,0.568,21.0,96.2,85.0,50.5,34481,8.2
99,99,Missouri,MO,Knox,Democrat,Bernie Sanders,0.39799999999999996,21.0,96.2,85.0,50.5,34481,8.2
100,100,Missouri,MO,Lafayette,Democrat,Bernie Sanders,0.522,17.9,92.2,86.9,50.4,50527,53.1
101,101,Missouri,MO,Lafayette,Democrat,Hillary Clinton,0.462,17.9,92.2,86.9,50.4,50527,53.1
102,102,Missouri,MO,Lawrence,Democrat,Bernie Sanders,0.535,17.8,89.8,84.5,50.5,39334,63.2
103,103,Missouri,MO,Lawrence,Democrat,Hillary Clinton,0.45299999999999996,17.8,89.8,84.5,50.5,39334,63.2
104,104,Missouri,MO,Lewis,Democrat,Hillary Clinton,0.483,18.0,92.8,87.4,50.0,42071,20.2
105,105,Missouri,MO,Lewis,Democrat,Bernie Sanders,0.483,18.0,92.8,87.4,50.0,42071,20.2
106,106,Missouri,MO,Lincoln,Democrat,Bernie Sanders,0.546,12.4,93.4,85.2,49.8,52835,83.9
107,107,Missouri,MO,Lincoln,Democrat,Hillary Clinton,0.431,12.4,93.4,85.2,49.8,52835,83.9
108,108,Missouri,MO,Linn,Democrat,Hillary Clinton,0.505,20.2,95.6,87.5,51.4,38250,20.7
109,109,Missouri,MO,Linn,Democrat,Bernie Sanders,0.473,20.2,95.6,87.5,51.4,38250,20.7
110,110,Missouri,MO,Livingston,Democrat,Bernie Sanders,0.486,19.3,93.0,87.0,55.9,40116,28.5
111,111,Missouri,MO,Livingston,Democrat,Hillary Clinton,0.485,19.3,93.0,87.0,55.9,40116,28.5
112,112,Missouri,MO,Macon,Democrat,Bernie Sanders,0.524,21.0,94.0,85.8,50.9,38443,19.4
113,113,Missouri,MO,Macon,Democrat,Hillary Clinton,0.43700000000000006,21.0,94.0,85.8,50.9,38443,19.4
114,114,Missouri,MO,Madison,Democrat,Hillary Clinton,0.494,19.2,95.3,75.0,50.8,35870,24.7
115,115,Missouri,MO,Madison,Democrat,Bernie Sanders,0.47600000000000003,19.2,95.3,75.0,50.8,35870,24.7
116,116,Missouri,MO,Maries,Democrat,Hillary Clinton,0.502,19.3,96.2,82.7,49.7,42566,17.4
117,117,Missouri,MO,Maries,Democrat,Bernie Sanders,0.479,19.3,96.2,82.7,49.7,42566,17.4
118,118,Missouri,MO,Marion,Democrat,Hillary Clinton,0.547,16.9,90.2,84.1,51.6,42046,65.9
119,119,Missouri,MO,Marion,Democrat,Bernie Sanders,0.418,16.9,90.2,84.1,51.6,42046,65.9
120,120,Missouri,MO,McDonald,Democrat,Bernie Sanders,0.503,14.0,79.0,78.5,49.2,37997,42.8
121,121,Missouri,MO,McDonald,Democrat,Hillary Clinton,0.47600000000000003,14.0,79.0,78.5,49.2,37997,42.8
122,122,Missouri,MO,Mercer,Democrat,Hillary Clinton,0.519,20.8,96.5,87.7,49.8,40272,8.3
123,123,Missouri,MO,Mercer,Democrat,Bernie Sanders,0.474,20.8,96.5,87.7,49.8,40272,8.3
124,124,Missouri,MO,Miller,Democrat,Bernie Sanders,0.517,18.0,95.0,84.8,50.1,35507,41.8
125,125,Missouri,MO,Miller,Democrat,Hillary Clinton,0.465,18.0,95.0,84.8,50.1,35507,41.8
126,126,Missouri,MO,Mississippi,Democrat,Hillary Clinton,0.672,16.2,71.9,71.6,46.6,29787,34.9
127,127,Missouri,MO,Mississippi,Democrat,Bernie Sanders,0.289,16.2,71.9,71.6,46.6,29787,34.9
128,128,Missouri,MO,Moniteau,Democrat,Bernie Sanders,0.537,14.8,89.4,82.3,46.9,47118,37.6
129,129,Missouri,MO,Moniteau,Democrat,Hillary Clinton,0.446,14.8,89.4,82.3,46.9,47118,37.6
130,130,Missouri,MO,Monroe,Democrat,Hillary Clinton,0.509,20.8,93.6,87.6,49.4,40657,13.6
131,131,Missouri,MO,Monroe,Democrat,Bernie Sanders,0.457,20.8,93.6,87.6,49.4,40657,13.6
132,132,Missouri,MO,Montgomery,Democrat,Hillary Clinton,0.494,19.8,94.7,80.8,50.1,40236,22.8
133,133,Missouri,MO,Montgomery,Democrat,Bernie Sanders,0.485,19.8,94.7,80.8,50.1,40236,22.8
134,134,Missouri,MO,Morgan,Democrat,Hillary Clinton,0.515,23.7,94.6,79.2,49.7,34797,34.4
135,135,Missouri,MO,Morgan,Democrat,Bernie Sanders,0.47100000000000003,23.7,94.6,79.2,49.7,34797,34.4
136,136,Missouri,MO,Newton,Democrat,Bernie Sanders,0.55,17.4,86.8,85.4,50.3,42268,93.0
137,137,Missouri,MO,Newton,Democrat,Hillary Clinton,0.439,17.4,86.8,85.4,50.3,42268,93.0
138,138,Missouri,MO,Nodaway,Democrat,Bernie Sanders,0.561,13.9,93.0,91.1,49.7,36641,26.6
139,139,Missouri,MO,Nodaway,Democrat,Hillary Clinton,0.41600000000000004,13.9,93.0,91.1,49.7,36641,26.6
140,140,Missouri,MO,Oregon,Democrat,Hillary Clinton,0.53,22.1,94.2,79.8,50.8,27743,13.8
141,141,Missouri,MO,Oregon,Democrat,Bernie Sanders,0.45,22.1,94.2,79.8,50.8,27743,13.8
142,142,Missouri,MO,Osage,Democrat,Bernie Sanders,0.495,16.7,97.9,88.6,48.1,51408,23.0
143,143,Missouri,MO,Osage,Democrat,Hillary Clinton,0.47700000000000004,16.7,97.9,88.6,48.1,51408,23.0
144,144,Missouri,MO,Ozark,Democrat,Bernie Sanders,0.568,26.3,95.7,82.8,49.5,32078,13.1
145,145,Missouri,MO,Ozark,Democrat,Hillary Clinton,0.42100000000000004,26.3,95.7,82.8,49.5,32078,13.1
146,146,Missouri,MO,Pemiscot,Democrat,Hillary Clinton,0.6940000000000001,15.3,69.3,72.5,52.7,28889,37.1
147,147,Missouri,MO,Pemiscot,Democrat,Bernie Sanders,0.28800000000000003,15.3,69.3,72.5,52.7,28889,37.1
148,148,Missouri,MO,Perry,Democrat,Bernie Sanders,0.494,16.6,95.5,82.8,49.9,47876,40.0
149,149,Missouri,MO,Perry,Democrat,Hillary Clinton,0.493,16.6,95.5,82.8,49.9,47876,40.0
150,150,Missouri,MO,Pettis,Democrat,Bernie Sanders,0.535,15.3,85.5,81.8,50.6,38580,61.9
151,151,Missouri,MO,Pettis,Democrat,Hillary Clinton,0.44799999999999995,15.3,85.5,81.8,50.6,38580,61.9
152,152,Missouri,MO,Phelps,Democrat,Bernie Sanders,0.589,14.9,88.9,86.8,47.6,41964,67.2
153,153,Missouri,MO,Phelps,Democrat,Hillary Clinton,0.384,14.9,88.9,86.8,47.6,41964,67.2
154,154,Missouri,MO,Pike,Democrat,Hillary Clinton,0.57,16.5,88.4,78.9,44.8,39850,27.6
155,155,Missouri,MO,Pike,Democrat,Bernie Sanders,0.41,16.5,88.4,78.9,44.8,39850,27.6
156,156,Missouri,MO,Platte,Democrat,Bernie Sanders,0.521,13.0,82.5,94.2,50.6,67721,212.6
157,157,Missouri,MO,Platte,Democrat,Hillary Clinton,0.47100000000000003,13.0,82.5,94.2,50.6,67721,212.6
158,158,Missouri,MO,Polk,Democrat,Bernie Sanders,0.527,17.1,93.8,83.7,51.2,39512,49.0
159,159,Missouri,MO,Polk,Democrat,Hillary Clinton,0.461,17.1,93.8,83.7,51.2,39512,49.0
160,160,Missouri,MO,Pulaski,Democrat,Bernie Sanders,0.528,7.6,69.4,90.1,43.2,49820,95.5
161,161,Missouri,MO,Pulaski,Democrat,Hillary Clinton,0.446,7.6,69.4,90.1,43.2,49820,95.5
162,162,Missouri,MO,Putnam,Democrat,Bernie Sanders,0.495,23.6,96.8,84.7,49.1,36713,9.6
163,163,Missouri,MO,Putnam,Democrat,Hillary Clinton,0.46799999999999997,23.6,96.8,84.7,49.1,36713,9.6
164,164,Missouri,MO,Ralls,Democrat,Hillary Clinton,0.545,19.3,95.7,89.6,49.6,47969,21.6
165,165,Missouri,MO,Ralls,Democrat,Bernie Sanders,0.409,19.3,95.7,89.6,49.6,47969,21.6
166,166,Missouri,MO,Randolph,Democrat,Bernie Sanders,0.52,15.4,89.3,84.6,47.5,37203,52.7
167,167,Missouri,MO,Randolph,Democrat,Hillary Clinton,0.449,15.4,89.3,84.6,47.5,37203,52.7
168,168,Missouri,MO,Ray,Democrat,Bernie Sanders,0.495,17.1,93.9,88.3,49.9,52698,41.3
169,169,Missouri,MO,Ray,Democrat,Hillary Clinton,0.48200000000000004,17.1,93.9,88.3,49.9,52698,41.3
170,170,Missouri,MO,Reynolds,Democrat,Hillary Clinton,0.47100000000000003,22.7,94.6,77.1,48.8,34496,8.3
171,171,Missouri,MO,Reynolds,Democrat,Bernie Sanders,0.467,22.7,94.6,77.1,48.8,34496,8.3
172,172,Missouri,MO,Ripley,Democrat,Hillary Clinton,0.491,19.6,95.4,75.2,50.7,32291,22.4
173,173,Missouri,MO,Ripley,Democrat,Bernie Sanders,0.473,19.6,95.4,75.2,50.7,32291,22.4
174,174,Missouri,MO,Saline,Democrat,Hillary Clinton,0.514,16.6,80.9,82.8,50.3,39519,30.9
175,175,Missouri,MO,Saline,Democrat,Bernie Sanders,0.455,16.6,80.9,82.8,50.3,39519,30.9
176,176,Missouri,MO,Schuyler,Democrat,Hillary Clinton,0.49200000000000005,19.7,97.5,85.9,50.9,34688,14.4
177,177,Missouri,MO,Schuyler,Democrat,Bernie Sanders,0.47200000000000003,19.7,97.5,85.9,50.9,34688,14.4
178,178,Missouri,MO,Scotland,Democrat,Bernie Sanders,0.547,18.9,97.7,78.7,50.7,39028,11.1
179,179,Missouri,MO,Scotland,Democrat,Hillary Clinton,0.441,18.9,97.7,78.7,50.7,39028,11.1
180,180,Missouri,MO,Scott,Democrat,Hillary Clinton,0.55,16.5,83.9,80.3,51.4,40651,93.3
181,181,Missouri,MO,Scott,Democrat,Bernie Sanders,0.43,16.5,83.9,80.3,51.4,40651,93.3
182,182,Missouri,MO,Shannon,Democrat,Hillary Clinton,0.506,19.6,94.2,81.0,50.1,31132,8.4
183,183,Missouri,MO,Shannon,Democrat,Bernie Sanders,0.465,19.6,94.2,81.0,50.1,31132,8.4
184,184,Missouri,MO,Shelby,Democrat,Hillary Clinton,0.511,20.6,96.4,89.5,50.3,35938,12.7
185,185,Missouri,MO,Shelby,Democrat,Bernie Sanders,0.426,20.6,96.4,89.5,50.3,35938,12.7
186,186,Missouri,MO,Stoddard,Democrat,Hillary Clinton,0.5660000000000001,19.0,95.6,79.8,51.3,37965,36.4
187,187,Missouri,MO,Stoddard,Democrat,Bernie Sanders,0.41100000000000003,19.0,95.6,79.8,51.3,37965,36.4
188,188,Missouri,MO,Stone,Democrat,Bernie Sanders,0.515,27.4,95.2,84.9,51.1,40850,69.4
189,189,Missouri,MO,Stone,Democrat,Hillary Clinton,0.469,27.4,95.2,84.9,51.1,40850,69.4
190,190,Missouri,MO,Sullivan,Democrat,Hillary Clinton,0.598,18.4,79.5,82.1,49.2,36676,10.4
191,191,Missouri,MO,Sullivan,Democrat,Bernie Sanders,0.37799999999999995,18.4,79.5,82.1,49.2,36676,10.4
192,192,Missouri,MO,Taney,Democrat,Bernie Sanders,0.529,19.7,89.6,84.7,51.5,38461,81.7
193,193,Missouri,MO,Taney,Democrat,Hillary Clinton,0.462,19.7,89.6,84.7,51.5,38461,81.7
194,194,Missouri,MO,Texas,Democrat,Bernie Sanders,0.512,19.5,91.1,82.9,47.9,36082,22.1
195,195,Missouri,MO,Texas,Democrat,Hillary Clinton,0.46299999999999997,19.5,91.1,82.9,47.9,36082,22.1
196,196,Missouri,MO,Vernon,Democrat,Bernie Sanders,0.505,17.7,94.2,84.9,51.2,38679,25.6
197,197,Missouri,MO,Vernon,Democrat,Hillary Clinton,0.478,17.7,94.2,84.9,51.2,38679,25.6
198,198,Missouri,MO,Warren,Democrat,Bernie Sanders,0.545,16.6,91.9,84.3,50.1,50830,75.9
199,199,Missouri,MO,Warren,Democrat,Hillary Clinton,0.44,16.6,91.9,84.3,50.1,50830,75.9
200,200,Missouri,MO,Washington,Democrat,Hillary Clinton,0.514,15.4,94.4,71.6,48.4,34702,33.2
201,201,Missouri,MO,Washington,Democrat,Bernie Sanders,0.45299999999999996,15.4,94.4,71.6,48.4,34702,33.2
202,202,Missouri,MO,Wayne,Democrat,Hillary Clinton,0.578,21.9,95.6,77.1,50.2,33159,17.8
203,203,Missouri,MO,Wayne,Democrat,Bernie Sanders,0.38799999999999996,21.9,95.6,77.1,50.2,33159,17.8
204,204,Missouri,MO,Webster,Democrat,Bernie Sanders,0.5479999999999999,14.6,94.7,84.7,49.1,44596,61.1
205,205,Missouri,MO,Webster,Democrat,Hillary Clinton,0.44,14.6,94.7,84.7,49.1,44596,61.1
206,206,Missouri,MO,Worth,Democrat,Bernie Sanders,0.535,24.3,96.5,92.9,50.1,39348,8.1
207,207,Missouri,MO,Worth,Democrat,Hillary Clinton,0.415,24.3,96.5,92.9,50.1,39348,8.1
208,208,Missouri,MO,Wright,Democrat,Hillary Clinton,0.505,19.1,95.3,76.5,51.1,28645,27.6
209,209,Missouri,MO,Wright,Democrat,Bernie Sanders,0.484,19.1,95.3,76.5,51.1,28645,27.6
210,0,Missouri,MO,Adair,Republican,Donald Trump,0.40399999999999997,13.6,91.4,86.7,51.9,34733,45.1
211,1,Missouri,MO,Adair,Republican,Ted Cruz,0.335,13.6,91.4,86.7,51.9,34733,45.1
212,2,Missouri,MO,Adair,Republican,John Kasich,0.14800000000000002,13.6,91.4,86.7,51.9,34733,45.1
213,3,Missouri,MO,Adair,Republican,Marco Rubio,0.086,13.6,91.4,86.7,51.9,34733,45.1
214,4,Missouri,MO,Andrew,Republican,Donald Trump,0.41700000000000004,17.5,95.1,90.3,50.5,54336,40.0
215,5,Missouri,MO,Andrew,Republican,Ted Cruz,0.369,17.5,95.1,90.3,50.5,54336,40.0
216,6,Missouri,MO,Andrew,Republican,John Kasich,0.11599999999999999,17.5,95.1,90.3,50.5,54336,40.0
217,7,Missouri,MO,Andrew,Republican,Marco Rubio,0.063,17.5,95.1,90.3,50.5,54336,40.0
218,8,Missouri,MO,Atchison,Republican,Donald Trump,0.43700000000000006,23.8,96.8,89.3,50.4,44426,10.4
219,9,Missouri,MO,Atchison,Republican,Ted Cruz,0.29100000000000004,23.8,96.8,89.3,50.4,44426,10.4
220,10,Missouri,MO,Atchison,Republican,Marco Rubio,0.121,23.8,96.8,89.3,50.4,44426,10.4
221,11,Missouri,MO,Atchison,Republican,John Kasich,0.11,23.8,96.8,89.3,50.4,44426,10.4
222,12,Missouri,MO,Audrain,Republican,Ted Cruz,0.408,16.7,87.9,84.3,54.5,43013,36.9
223,13,Missouri,MO,Audrain,Republican,Donald Trump,0.4,16.7,87.9,84.3,54.5,43013,36.9
224,14,Missouri,MO,Audrain,Republican,John Kasich,0.105,16.7,87.9,84.3,54.5,43013,36.9
225,15,Missouri,MO,Audrain,Republican,Marco Rubio,0.057,16.7,87.9,84.3,54.5,43013,36.9
226,16,Missouri,MO,Barry,Republican,Ted Cruz,0.45399999999999996,20.2,87.1,82.2,50.2,38710,45.7
227,17,Missouri,MO,Barry,Republican,Donald Trump,0.431,20.2,87.1,82.2,50.2,38710,45.7
228,18,Missouri,MO,Barry,Republican,John Kasich,0.057,20.2,87.1,82.2,50.2,38710,45.7
229,19,Missouri,MO,Barry,Republican,Marco Rubio,0.036000000000000004,20.2,87.1,82.2,50.2,38710,45.7
230,20,Missouri,MO,Barton,Republican,Ted Cruz,0.539,18.6,92.9,85.8,50.7,40580,21.0
231,21,Missouri,MO,Barton,Republican,Donald Trump,0.341,18.6,92.9,85.8,50.7,40580,21.0
232,22,Missouri,MO,Barton,Republican,John Kasich,0.059000000000000004,18.6,92.9,85.8,50.7,40580,21.0
233,23,Missouri,MO,Barton,Republican,Marco Rubio,0.036000000000000004,18.6,92.9,85.8,50.7,40580,21.0
234,24,Missouri,MO,Bates,Republican,Donald Trump,0.46,18.7,94.6,83.9,50.6,38579,20.4
235,25,Missouri,MO,Bates,Republican,Ted Cruz,0.381,18.7,94.6,83.9,50.6,38579,20.4
236,26,Missouri,MO,Bates,Republican,John Kasich,0.07,18.7,94.6,83.9,50.6,38579,20.4
237,27,Missouri,MO,Bates,Republican,Marco Rubio,0.05,18.7,94.6,83.9,50.6,38579,20.4
238,28,Missouri,MO,Benton,Republican,Donald Trump,0.5539999999999999,28.8,95.5,82.9,49.7,32951,27.1
239,29,Missouri,MO,Benton,Republican,Ted Cruz,0.32,28.8,95.5,82.9,49.7,32951,27.1
240,30,Missouri,MO,Benton,Republican,John Kasich,0.07,28.8,95.5,82.9,49.7,32951,27.1
241,31,Missouri,MO,Benton,Republican,Marco Rubio,0.034,28.8,95.5,82.9,49.7,32951,27.1
242,32,Missouri,MO,Bollinger,Republican,Donald Trump,0.47600000000000003,18.0,96.8,79.7,50.0,37716,20.0
243,33,Missouri,MO,Bollinger,Republican,Ted Cruz,0.41600000000000004,18.0,96.8,79.7,50.0,37716,20.0
244,34,Missouri,MO,Bollinger,Republican,John Kasich,0.053,18.0,96.8,79.7,50.0,37716,20.0
245,35,Missouri,MO,Bollinger,Republican,Marco Rubio,0.037000000000000005,18.0,96.8,79.7,50.0,37716,20.0
246,36,Missouri,MO,Boone,Republican,Ted Cruz,0.439,10.5,80.0,93.0,51.6,48627,237.3
247,37,Missouri,MO,Boone,Republican,Donald Trump,0.309,10.5,80.0,93.0,51.6,48627,237.3
248,38,Missouri,MO,Boone,Republican,John Kasich,0.146,10.5,80.0,93.0,51.6,48627,237.3
249,39,Missouri,MO,Boone,Republican,Marco Rubio,0.08199999999999999,10.5,80.0,93.0,51.6,48627,237.3
250,40,Missouri,MO,Buchanan,Republican,Donald Trump,0.41600000000000004,14.6,84.4,86.1,49.7,44363,218.6
251,41,Missouri,MO,Buchanan,Republican,Ted Cruz,0.344,14.6,84.4,86.1,49.7,44363,218.6
252,42,Missouri,MO,Buchanan,Republican,John Kasich,0.131,14.6,84.4,86.1,49.7,44363,218.6
253,43,Missouri,MO,Buchanan,Republican,Marco Rubio,0.075,14.6,84.4,86.1,49.7,44363,218.6
254,44,Missouri,MO,Butler,Republican,Donald Trump,0.505,17.7,89.3,78.2,51.1,34969,61.6
255,45,Missouri,MO,Butler,Republican,Ted Cruz,0.37,17.7,89.3,78.2,51.1,34969,61.6
256,46,Missouri,MO,Butler,Republican,John Kasich,0.059000000000000004,17.7,89.3,78.2,51.1,34969,61.6
257,47,Missouri,MO,Butler,Republican,Marco Rubio,0.045,17.7,89.3,78.2,51.1,34969,61.6
258,48,Missouri,MO,Caldwell,Republican,Donald Trump,0.43700000000000006,18.9,95.1,86.9,49.6,41169,22.1
259,49,Missouri,MO,Caldwell,Republican,Ted Cruz,0.392,18.9,95.1,86.9,49.6,41169,22.1
260,50,Missouri,MO,Caldwell,Republican,John Kasich,0.083,18.9,95.1,86.9,49.6,41169,22.1
261,51,Missouri,MO,Caldwell,Republican,Marco Rubio,0.054000000000000006,18.9,95.1,86.9,49.6,41169,22.1
262,52,Missouri,MO,Callaway,Republican,Ted Cruz,0.43200000000000005,14.2,90.4,86.0,49.2,47964,53.1
263,53,Missouri,MO,Callaway,Republican,Donald Trump,0.41600000000000004,14.2,90.4,86.0,49.2,47964,53.1
264,54,Missouri,MO,Callaway,Republican,John Kasich,0.077,14.2,90.4,86.0,49.2,47964,53.1
265,55,Missouri,MO,Callaway,Republican,Marco Rubio,0.049,14.2,90.4,86.0,49.2,47964,53.1
266,56,Missouri,MO,Camden,Republican,Donald Trump,0.5489999999999999,24.9,94.6,89.4,50.6,43458,67.1
267,57,Missouri,MO,Camden,Republican,Ted Cruz,0.3,24.9,94.6,89.4,50.6,43458,67.1
268,58,Missouri,MO,Camden,Republican,John Kasich,0.085,24.9,94.6,89.4,50.6,43458,67.1
269,59,Missouri,MO,Camden,Republican,Marco Rubio,0.047,24.9,94.6,89.4,50.6,43458,67.1
270,60,Missouri,MO,Carroll,Republican,Donald Trump,0.513,20.6,94.3,83.9,50.8,46002,13.4
271,61,Missouri,MO,Carroll,Republican,Ted Cruz,0.335,20.6,94.3,83.9,50.8,46002,13.4
272,62,Missouri,MO,Carroll,Republican,John Kasich,0.077,20.6,94.3,83.9,50.8,46002,13.4
273,63,Missouri,MO,Carroll,Republican,Marco Rubio,0.046,20.6,94.3,83.9,50.8,46002,13.4
274,64,Missouri,MO,Carter,Republican,Donald Trump,0.535,17.8,94.9,74.7,51.5,30962,12.3
275,65,Missouri,MO,Carter,Republican,Ted Cruz,0.34700000000000003,17.8,94.9,74.7,51.5,30962,12.3
276,66,Missouri,MO,Carter,Republican,John Kasich,0.051,17.8,94.9,74.7,51.5,30962,12.3
277,67,Missouri,MO,Carter,Republican,Marco Rubio,0.043,17.8,94.9,74.7,51.5,30962,12.3
278,68,Missouri,MO,Cass,Republican,Ted Cruz,0.434,15.5,88.7,92.0,51.1,60350,142.8
279,69,Missouri,MO,Cass,Republican,Donald Trump,0.39,15.5,88.7,92.0,51.1,60350,142.8
280,70,Missouri,MO,Cass,Republican,John Kasich,0.09300000000000001,15.5,88.7,92.0,51.1,60350,142.8
281,71,Missouri,MO,Cass,Republican,Marco Rubio,0.06,15.5,88.7,92.0,51.1,60350,142.8
282,72,Missouri,MO,Cedar,Republican,Ted Cruz,0.445,24.0,94.9,84.1,50.4,30302,29.5
283,73,Missouri,MO,Cedar,Republican,Donald Trump,0.429,24.0,94.9,84.1,50.4,30302,29.5
284,74,Missouri,MO,Cedar,Republican,John Kasich,0.057999999999999996,24.0,94.9,84.1,50.4,30302,29.5
285,75,Missouri,MO,Cedar,Republican,Marco Rubio,0.032,24.0,94.9,84.1,50.4,30302,29.5
286,76,Missouri,MO,Chariton,Republican,Donald Trump,0.423,22.5,95.5,83.2,50.3,39385,10.4
287,77,Missouri,MO,Chariton,Republican,Ted Cruz,0.40399999999999997,22.5,95.5,83.2,50.3,39385,10.4
288,78,Missouri,MO,Chariton,Republican,John Kasich,0.094,22.5,95.5,83.2,50.3,39385,10.4
289,79,Missouri,MO,Chariton,Republican,Marco Rubio,0.052000000000000005,22.5,95.5,83.2,50.3,39385,10.4
290,80,Missouri,MO,Christian,Republican,Ted Cruz,0.5329999999999999,14.3,93.6,91.6,51.2,52838,137.6
291,81,Missouri,MO,Christian,Republican,Donald Trump,0.348,14.3,93.6,91.6,51.2,52838,137.6
292,82,Missouri,MO,Christian,Republican,John Kasich,0.059000000000000004,14.3,93.6,91.6,51.2,52838,137.6
293,83,Missouri,MO,Christian,Republican,Marco Rubio,0.042,14.3,93.6,91.6,51.2,52838,137.6
294,84,Missouri,MO,Clark,Republican,Donald Trump,0.461,19.1,97.2,85.2,49.4,40204,14.1
295,85,Missouri,MO,Clark,Republican,Ted Cruz,0.386,19.1,97.2,85.2,49.4,40204,14.1
296,86,Missouri,MO,Clark,Republican,John Kasich,0.065,19.1,97.2,85.2,49.4,40204,14.1
297,87,Missouri,MO,Clark,Republican,Marco Rubio,0.043,19.1,97.2,85.2,49.4,40204,14.1
298,88,Missouri,MO,Clay,Republican,Ted Cruz,0.414,12.8,82.4,91.8,51.0,60936,558.6
299,89,Missouri,MO,Clay,Republican,Donald Trump,0.375,12.8,82.4,91.8,51.0,60936,558.6
300,90,Missouri,MO,Clay,Republican,John Kasich,0.11800000000000001,12.8,82.4,91.8,51.0,60936,558.6
301,91,Missouri,MO,Clay,Republican,Marco Rubio,0.07200000000000001,12.8,82.4,91.8,51.0,60936,558.6
302,92,Missouri,MO,Clinton,Republican,Donald Trump,0.45,17.3,93.6,90.4,49.6,53826,49.5
303,93,Missouri,MO,Clinton,Republican,Ted Cruz,0.384,17.3,93.6,90.4,49.6,53826,49.5
304,94,Missouri,MO,Clinton,Republican,John Kasich,0.076,17.3,93.6,90.4,49.6,53826,49.5
305,95,Missouri,MO,Clinton,Republican,Marco Rubio,0.057999999999999996,17.3,93.6,90.4,49.6,53826,49.5
306,96,Missouri,MO,Cole,Republican,Ted Cruz,0.418,14.0,82.3,90.4,49.4,53931,193.0
307,97,Missouri,MO,Cole,Republican,Donald Trump,0.377,14.0,82.3,90.4,49.4,53931,193.0
308,98,Missouri,MO,Cole,Republican,John Kasich,0.10800000000000001,14.0,82.3,90.4,49.4,53931,193.0
309,99,Missouri,MO,Cole,Republican,Marco Rubio,0.07200000000000001,14.0,82.3,90.4,49.4,53931,193.0
310,100,Missouri,MO,Cooper,Republican,Ted Cruz,0.445,16.5,88.3,85.9,47.3,45992,31.2
311,101,Missouri,MO,Cooper,Republican,Donald Trump,0.405,16.5,88.3,85.9,47.3,45992,31.2
312,102,Missouri,MO,Cooper,Republican,John Kasich,0.083,16.5,88.3,85.9,47.3,45992,31.2
313,103,Missouri,MO,Cooper,Republican,Marco Rubio,0.044000000000000004,16.5,88.3,85.9,47.3,45992,31.2
314,104,Missouri,MO,Crawford,Republican,Donald Trump,0.53,17.8,95.8,78.1,50.6,35897,33.3
315,105,Missouri,MO,Crawford,Republican,Ted Cruz,0.368,17.8,95.8,78.1,50.6,35897,33.3
316,106,Missouri,MO,Crawford,Republican,John Kasich,0.038,17.8,95.8,78.1,50.6,35897,33.3
317,107,Missouri,MO,Crawford,Republican,Marco Rubio,0.037000000000000005,17.8,95.8,78.1,50.6,35897,33.3
318,108,Missouri,MO,Dade,Republican,Ted Cruz,0.495,22.2,94.3,85.3,49.2,35483,16.1
319,109,Missouri,MO,Dade,Republican,Donald Trump,0.391,22.2,94.3,85.3,49.2,35483,16.1
320,110,Missouri,MO,Dade,Republican,John Kasich,0.055999999999999994,22.2,94.3,85.3,49.2,35483,16.1
321,111,Missouri,MO,Dade,Republican,Marco Rubio,0.034,22.2,94.3,85.3,49.2,35483,16.1
322,112,Missouri,MO,Dallas,Republican,Donald Trump,0.45799999999999996,19.6,95.1,76.9,50.1,40120,31.0
323,113,Missouri,MO,Dallas,Republican,Ted Cruz,0.44299999999999995,19.6,95.1,76.9,50.1,40120,31.0
324,114,Missouri,MO,Dallas,Republican,John Kasich,0.049,19.6,95.1,76.9,50.1,40120,31.0
325,115,Missouri,MO,Dallas,Republican,Marco Rubio,0.034,19.6,95.1,76.9,50.1,40120,31.0
326,116,Missouri,MO,Daviess,Republican,Donald Trump,0.503,18.9,96.2,84.2,49.6,42393,15.0
327,117,Missouri,MO,Daviess,Republican,Ted Cruz,0.325,18.9,96.2,84.2,49.6,42393,15.0
328,118,Missouri,MO,Daviess,Republican,John Kasich,0.083,18.9,96.2,84.2,49.6,42393,15.0
329,119,Missouri,MO,Daviess,Republican,Marco Rubio,0.059000000000000004,18.9,96.2,84.2,49.6,42393,15.0
330,120,Missouri,MO,Dent,Republican,Donald Trump,0.514,20.3,94.6,76.8,50.0,36311,20.8
331,121,Missouri,MO,Dent,Republican,Ted Cruz,0.365,20.3,94.6,76.8,50.0,36311,20.8
332,122,Missouri,MO,Dent,Republican,John Kasich,0.051,20.3,94.6,76.8,50.0,36311,20.8
333,123,Missouri,MO,Dent,Republican,Marco Rubio,0.042,20.3,94.6,76.8,50.0,36311,20.8
334,124,Missouri,MO,Douglas,Republican,Donald Trump,0.528,22.2,95.7,81.7,50.6,32130,16.8
335,125,Missouri,MO,Douglas,Republican,Ted Cruz,0.368,22.2,95.7,81.7,50.6,32130,16.8
336,126,Missouri,MO,Douglas,Republican,John Kasich,0.042,22.2,95.7,81.7,50.6,32130,16.8
337,127,Missouri,MO,Douglas,Republican,Marco Rubio,0.03,22.2,95.7,81.7,50.6,32130,16.8
338,128,Missouri,MO,Dunklin,Republican,Donald Trump,0.5589999999999999,17.4,81.2,72.3,52.1,31304,59.1
339,129,Missouri,MO,Dunklin,Republican,Ted Cruz,0.326,17.4,81.2,72.3,52.1,31304,59.1
340,130,Missouri,MO,Dunklin,Republican,John Kasich,0.055999999999999994,17.4,81.2,72.3,52.1,31304,59.1
341,131,Missouri,MO,Dunklin,Republican,Marco Rubio,0.035,17.4,81.2,72.3,52.1,31304,59.1
342,132,Missouri,MO,Franklin,Republican,Donald Trump,0.445,15.6,95.3,85.4,50.3,48857,110.0
343,133,Missouri,MO,Franklin,Republican,Ted Cruz,0.39799999999999996,15.6,95.3,85.4,50.3,48857,110.0
344,134,Missouri,MO,Franklin,Republican,John Kasich,0.076,15.6,95.3,85.4,50.3,48857,110.0
345,135,Missouri,MO,Franklin,Republican,Marco Rubio,0.055999999999999994,15.6,95.3,85.4,50.3,48857,110.0
346,136,Missouri,MO,Gasconade,Republican,Donald Trump,0.455,21.6,96.3,84.2,50.6,41392,29.4
347,137,Missouri,MO,Gasconade,Republican,Ted Cruz,0.406,21.6,96.3,84.2,50.6,41392,29.4
348,138,Missouri,MO,Gasconade,Republican,John Kasich,0.065,21.6,96.3,84.2,50.6,41392,29.4
349,139,Missouri,MO,Gasconade,Republican,Marco Rubio,0.045,21.6,96.3,84.2,50.6,41392,29.4
350,140,Missouri,MO,Gentry,Republican,Donald Trump,0.40700000000000003,19.7,96.8,85.7,51.7,39192,13.7
351,141,Missouri,MO,Gentry,Republican,Ted Cruz,0.379,19.7,96.8,85.7,51.7,39192,13.7
352,142,Missouri,MO,Gentry,Republican,John Kasich,0.10800000000000001,19.7,96.8,85.7,51.7,39192,13.7
353,143,Missouri,MO,Gentry,Republican,Marco Rubio,0.064,19.7,96.8,85.7,51.7,39192,13.7
354,144,Missouri,MO,Greene,Republican,Ted Cruz,0.517,15.3,88.4,90.1,51.2,40337,407.5
355,145,Missouri,MO,Greene,Republican,Donald Trump,0.321,15.3,88.4,90.1,51.2,40337,407.5
356,146,Missouri,MO,Greene,Republican,John Kasich,0.08900000000000001,15.3,88.4,90.1,51.2,40337,407.5
357,147,Missouri,MO,Greene,Republican,Marco Rubio,0.052000000000000005,15.3,88.4,90.1,51.2,40337,407.5
358,148,Missouri,MO,Grundy,Republican,Donald Trump,0.501,21.2,95.0,85.4,52.6,37964,23.6
359,149,Missouri,MO,Grundy,Republican,Ted Cruz,0.345,21.2,95.0,85.4,52.6,37964,23.6
360,150,Missouri,MO,Grundy,Republican,John Kasich,0.084,21.2,95.0,85.4,52.6,37964,23.6
361,151,Missouri,MO,Grundy,Republican,Marco Rubio,0.04,21.2,95.0,85.4,52.6,37964,23.6
362,152,Missouri,MO,Harrison,Republican,Donald Trump,0.465,21.0,95.5,82.7,50.2,37739,12.4
363,153,Missouri,MO,Harrison,Republican,Ted Cruz,0.364,21.0,95.5,82.7,50.2,37739,12.4
364,154,Missouri,MO,Harrison,Republican,John Kasich,0.087,21.0,95.5,82.7,50.2,37739,12.4
365,155,Missouri,MO,Harrison,Republican,Marco Rubio,0.052000000000000005,21.0,95.5,82.7,50.2,37739,12.4
366,156,Missouri,MO,Henry,Republican,Donald Trump,0.445,20.5,93.9,85.8,50.9,39839,32.0
367,157,Missouri,MO,Henry,Republican,Ted Cruz,0.38,20.5,93.9,85.8,50.9,39839,32.0
368,158,Missouri,MO,Henry,Republican,John Kasich,0.096,20.5,93.9,85.8,50.9,39839,32.0
369,159,Missouri,MO,Henry,Republican,Marco Rubio,0.052000000000000005,20.5,93.9,85.8,50.9,39839,32.0
370,160,Missouri,MO,Hickory,Republican,Donald Trump,0.5489999999999999,31.9,95.5,82.4,51.1,29325,24.1
371,161,Missouri,MO,Hickory,Republican,Ted Cruz,0.32899999999999996,31.9,95.5,82.4,51.1,29325,24.1
372,162,Missouri,MO,Hickory,Republican,Marco Rubio,0.055,31.9,95.5,82.4,51.1,29325,24.1
373,163,Missouri,MO,Hickory,Republican,John Kasich,0.035,31.9,95.5,82.4,51.1,29325,24.1
374,164,Missouri,MO,Holt,Republican,Donald Trump,0.47100000000000003,22.8,96.6,89.7,50.7,42979,10.6
375,165,Missouri,MO,Holt,Republican,Ted Cruz,0.35600000000000004,22.8,96.6,89.7,50.7,42979,10.6
376,166,Missouri,MO,Holt,Republican,John Kasich,0.076,22.8,96.6,89.7,50.7,42979,10.6
377,167,Missouri,MO,Holt,Republican,Marco Rubio,0.065,22.8,96.6,89.7,50.7,42979,10.6
378,168,Missouri,MO,Howard,Republican,Ted Cruz,0.45799999999999996,17.0,90.6,85.6,50.2,42747,21.9
379,169,Missouri,MO,Howard,Republican,Donald Trump,0.39799999999999996,17.0,90.6,85.6,50.2,42747,21.9
380,170,Missouri,MO,Howard,Republican,John Kasich,0.078,17.0,90.6,85.6,50.2,42747,21.9
381,171,Missouri,MO,Howard,Republican,Marco Rubio,0.045,17.0,90.6,85.6,50.2,42747,21.9
382,172,Missouri,MO,Howell,Republican,Donald Trump,0.5,18.5,94.6,82.6,51.3,32533,43.6
383,173,Missouri,MO,Howell,Republican,Ted Cruz,0.37200000000000005,18.5,94.6,82.6,51.3,32533,43.6
384,174,Missouri,MO,Howell,Republican,John Kasich,0.057999999999999996,18.5,94.6,82.6,51.3,32533,43.6
385,175,Missouri,MO,Howell,Republican,Marco Rubio,0.042,18.5,94.6,82.6,51.3,32533,43.6
386,176,Missouri,MO,Iron,Republican,Donald Trump,0.489,18.7,94.2,77.3,50.7,36387,19.3
387,177,Missouri,MO,Iron,Republican,Ted Cruz,0.39,18.7,94.2,77.3,50.7,36387,19.3
388,178,Missouri,MO,Iron,Republican,John Kasich,0.048,18.7,94.2,77.3,50.7,36387,19.3
389,179,Missouri,MO,Iron,Republican,Marco Rubio,0.045,18.7,94.2,77.3,50.7,36387,19.3
390,180,Missouri,MO,Jackson,Republican,Ted Cruz,0.4,13.5,62.9,88.3,51.6,47015,1115.3
391,181,Missouri,MO,Jackson,Republican,Donald Trump,0.373,13.5,62.9,88.3,51.6,47015,1115.3
392,182,Missouri,MO,Jackson,Republican,John Kasich,0.132,13.5,62.9,88.3,51.6,47015,1115.3
393,183,Missouri,MO,Jackson,Republican,Marco Rubio,0.07,13.5,62.9,88.3,51.6,47015,1115.3
394,184,Missouri,MO,Jasper,Republican,Ted Cruz,0.537,13.9,84.9,84.3,51.1,40399,183.9
395,185,Missouri,MO,Jasper,Republican,Donald Trump,0.325,13.9,84.9,84.3,51.1,40399,183.9
396,186,Missouri,MO,Jasper,Republican,John Kasich,0.066,13.9,84.9,84.3,51.1,40399,183.9
397,187,Missouri,MO,Jasper,Republican,Marco Rubio,0.051,13.9,84.9,84.3,51.1,40399,183.9
398,188,Missouri,MO,Jefferson,Republican,Donald Trump,0.513,13.3,94.8,87.4,50.4,54845,333.1
399,189,Missouri,MO,Jefferson,Republican,Ted Cruz,0.4,13.3,94.8,87.4,50.4,54845,333.1
400,190,Missouri,MO,Jefferson,Republican,Marco Rubio,0.057999999999999996,13.3,94.8,87.4,50.4,54845,333.1
401,191,Missouri,MO,Jefferson,Republican,John Kasich,0.006999999999999999,13.3,94.8,87.4,50.4,54845,333.1
402,192,Missouri,MO,Johnson,Republican,Donald Trump,0.40700000000000003,11.8,86.0,91.6,48.8,47223,63.4
403,193,Missouri,MO,Johnson,Republican,Ted Cruz,0.401,11.8,86.0,91.6,48.8,47223,63.4
404,194,Missouri,MO,Johnson,Republican,John Kasich,0.096,11.8,86.0,91.6,48.8,47223,63.4
405,195,Missouri,MO,Johnson,Republican,Marco Rubio,0.065,11.8,86.0,91.6,48.8,47223,63.4
406,196,Missouri,MO,Knox,Republican,Donald Trump,0.478,21.0,96.2,85.0,50.5,34481,8.2
407,197,Missouri,MO,Knox,Republican,Ted Cruz,0.36200000000000004,21.0,96.2,85.0,50.5,34481,8.2
408,198,Missouri,MO,Knox,Republican,John Kasich,0.08900000000000001,21.0,96.2,85.0,50.5,34481,8.2
409,199,Missouri,MO,Knox,Republican,Marco Rubio,0.045,21.0,96.2,85.0,50.5,34481,8.2
410,200,Missouri,MO,Lafayette,Republican,Donald Trump,0.42200000000000004,17.9,92.2,86.9,50.4,50527,53.1
411,201,Missouri,MO,Lafayette,Republican,Ted Cruz,0.39399999999999996,17.9,92.2,86.9,50.4,50527,53.1
412,202,Missouri,MO,Lafayette,Republican,John Kasich,0.094,17.9,92.2,86.9,50.4,50527,53.1
413,203,Missouri,MO,Lafayette,Republican,Marco Rubio,0.062,17.9,92.2,86.9,50.4,50527,53.1
414,204,Missouri,MO,Lawrence,Republican,Ted Cruz,0.512,17.8,89.8,84.5,50.5,39334,63.2
415,205,Missouri,MO,Lawrence,Republican,Donald Trump,0.379,17.8,89.8,84.5,50.5,39334,63.2
416,206,Missouri,MO,Lawrence,Republican,John Kasich,0.052000000000000005,17.8,89.8,84.5,50.5,39334,63.2
417,207,Missouri,MO,Lawrence,Republican,Marco Rubio,0.032,17.8,89.8,84.5,50.5,39334,63.2
418,208,Missouri,MO,Lewis,Republican,Donald Trump,0.499,18.0,92.8,87.4,50.0,42071,20.2
419,209,Missouri,MO,Lewis,Republican,Ted Cruz,0.374,18.0,92.8,87.4,50.0,42071,20.2
420,210,Missouri,MO,Lewis,Republican,John Kasich,0.065,18.0,92.8,87.4,50.0,42071,20.2
421,211,Missouri,MO,Lewis,Republican,Marco Rubio,0.037000000000000005,18.0,92.8,87.4,50.0,42071,20.2
422,212,Missouri,MO,Lincoln,Republican,Donald Trump,0.47,12.4,93.4,85.2,49.8,52835,83.9
423,213,Missouri,MO,Lincoln,Republican,Ted Cruz,0.423,12.4,93.4,85.2,49.8,52835,83.9
424,214,Missouri,MO,Lincoln,Republican,John Kasich,0.047,12.4,93.4,85.2,49.8,52835,83.9
425,215,Missouri,MO,Lincoln,Republican,Marco Rubio,0.04,12.4,93.4,85.2,49.8,52835,83.9
426,216,Missouri,MO,Linn,Republican,Donald Trump,0.44799999999999995,20.2,95.6,87.5,51.4,38250,20.7
427,217,Missouri,MO,Linn,Republican,Ted Cruz,0.401,20.2,95.6,87.5,51.4,38250,20.7
428,218,Missouri,MO,Linn,Republican,John Kasich,0.07,20.2,95.6,87.5,51.4,38250,20.7
429,219,Missouri,MO,Linn,Republican,Marco Rubio,0.05,20.2,95.6,87.5,51.4,38250,20.7
430,220,Missouri,MO,Livingston,Republican,Donald Trump,0.461,19.3,93.0,87.0,55.9,40116,28.5
431,221,Missouri,MO,Livingston,Republican,Ted Cruz,0.34299999999999997,19.3,93.0,87.0,55.9,40116,28.5
432,222,Missouri,MO,Livingston,Republican,John Kasich,0.10099999999999999,19.3,93.0,87.0,55.9,40116,28.5
433,223,Missouri,MO,Livingston,Republican,Marco Rubio,0.057999999999999996,19.3,93.0,87.0,55.9,40116,28.5
434,224,Missouri,MO,Macon,Republican,Donald Trump,0.46399999999999997,21.0,94.0,85.8,50.9,38443,19.4
435,225,Missouri,MO,Macon,Republican,Ted Cruz,0.38799999999999996,21.0,94.0,85.8,50.9,38443,19.4
436,226,Missouri,MO,Macon,Republican,John Kasich,0.085,21.0,94.0,85.8,50.9,38443,19.4
437,227,Missouri,MO,Macon,Republican,Marco Rubio,0.039,21.0,94.0,85.8,50.9,38443,19.4
438,228,Missouri,MO,Madison,Republican,Donald Trump,0.466,19.2,95.3,75.0,50.8,35870,24.7
439,229,Missouri,MO,Madison,Republican,Ted Cruz,0.41100000000000003,19.2,95.3,75.0,50.8,35870,24.7
440,230,Missouri,MO,Madison,Republican,John Kasich,0.061,19.2,95.3,75.0,50.8,35870,24.7
441,231,Missouri,MO,Madison,Republican,Marco Rubio,0.039,19.2,95.3,75.0,50.8,35870,24.7
442,232,Missouri,MO,Maries,Republican,Donald Trump,0.503,19.3,96.2,82.7,49.7,42566,17.4
443,233,Missouri,MO,Maries,Republican,Ted Cruz,0.39299999999999996,19.3,96.2,82.7,49.7,42566,17.4
444,234,Missouri,MO,Maries,Republican,John Kasich,0.046,19.3,96.2,82.7,49.7,42566,17.4
445,235,Missouri,MO,Maries,Republican,Marco Rubio,0.032,19.3,96.2,82.7,49.7,42566,17.4
446,236,Missouri,MO,Marion,Republican,Ted Cruz,0.446,16.9,90.2,84.1,51.6,42046,65.9
447,237,Missouri,MO,Marion,Republican,Donald Trump,0.40700000000000003,16.9,90.2,84.1,51.6,42046,65.9
448,238,Missouri,MO,Marion,Republican,John Kasich,0.073,16.9,90.2,84.1,51.6,42046,65.9
449,239,Missouri,MO,Marion,Republican,Marco Rubio,0.048,16.9,90.2,84.1,51.6,42046,65.9
450,240,Missouri,MO,McDonald,Republican,Donald Trump,0.44299999999999995,14.0,79.0,78.5,49.2,37997,42.8
451,241,Missouri,MO,McDonald,Republican,Ted Cruz,0.441,14.0,79.0,78.5,49.2,37997,42.8
452,242,Missouri,MO,McDonald,Republican,John Kasich,0.048,14.0,79.0,78.5,49.2,37997,42.8
453,243,Missouri,MO,McDonald,Republican,Marco Rubio,0.042,14.0,79.0,78.5,49.2,37997,42.8
454,244,Missouri,MO,Mercer,Republican,Donald Trump,0.6,20.8,96.5,87.7,49.8,40272,8.3
455,245,Missouri,MO,Mercer,Republican,Ted Cruz,0.27399999999999997,20.8,96.5,87.7,49.8,40272,8.3
456,246,Missouri,MO,Mercer,Republican,John Kasich,0.063,20.8,96.5,87.7,49.8,40272,8.3
457,247,Missouri,MO,Mercer,Republican,Marco Rubio,0.028999999999999998,20.8,96.5,87.7,49.8,40272,8.3
458,248,Missouri,MO,Miller,Republican,Donald Trump,0.49,18.0,95.0,84.8,50.1,35507,41.8
459,249,Missouri,MO,Miller,Republican,Ted Cruz,0.379,18.0,95.0,84.8,50.1,35507,41.8
460,250,Missouri,MO,Miller,Republican,John Kasich,0.064,18.0,95.0,84.8,50.1,35507,41.8
461,251,Missouri,MO,Miller,Republican,Marco Rubio,0.042,18.0,95.0,84.8,50.1,35507,41.8
462,252,Missouri,MO,Mississippi,Republican,Donald Trump,0.529,16.2,71.9,71.6,46.6,29787,34.9
463,253,Missouri,MO,Mississippi,Republican,Ted Cruz,0.35700000000000004,16.2,71.9,71.6,46.6,29787,34.9
464,254,Missouri,MO,Mississippi,Republican,John Kasich,0.057999999999999996,16.2,71.9,71.6,46.6,29787,34.9
465,255,Missouri,MO,Mississippi,Republican,Marco Rubio,0.034,16.2,71.9,71.6,46.6,29787,34.9
466,256,Missouri,MO,Moniteau,Republican,Ted Cruz,0.46399999999999997,14.8,89.4,82.3,46.9,47118,37.6
467,257,Missouri,MO,Moniteau,Republican,Donald Trump,0.386,14.8,89.4,82.3,46.9,47118,37.6
468,258,Missouri,MO,Moniteau,Republican,John Kasich,0.07400000000000001,14.8,89.4,82.3,46.9,47118,37.6
469,259,Missouri,MO,Moniteau,Republican,Marco Rubio,0.048,14.8,89.4,82.3,46.9,47118,37.6
470,260,Missouri,MO,Monroe,Republican,Donald Trump,0.43200000000000005,20.8,93.6,87.6,49.4,40657,13.6
471,261,Missouri,MO,Monroe,Republican,Ted Cruz,0.43,20.8,93.6,87.6,49.4,40657,13.6
472,262,Missouri,MO,Monroe,Republican,John Kasich,0.08,20.8,93.6,87.6,49.4,40657,13.6
473,263,Missouri,MO,Monroe,Republican,Marco Rubio,0.037000000000000005,20.8,93.6,87.6,49.4,40657,13.6
474,264,Missouri,MO,Montgomery,Republican,Donald Trump,0.495,19.8,94.7,80.8,50.1,40236,22.8
475,265,Missouri,MO,Montgomery,Republican,Ted Cruz,0.373,19.8,94.7,80.8,50.1,40236,22.8
476,266,Missouri,MO,Montgomery,Republican,John Kasich,0.069,19.8,94.7,80.8,50.1,40236,22.8
477,267,Missouri,MO,Montgomery,Republican,Marco Rubio,0.039,19.8,94.7,80.8,50.1,40236,22.8
478,268,Missouri,MO,Morgan,Republican,Donald Trump,0.518,23.7,94.6,79.2,49.7,34797,34.4
479,269,Missouri,MO,Morgan,Republican,Ted Cruz,0.353,23.7,94.6,79.2,49.7,34797,34.4
480,270,Missouri,MO,Morgan,Republican,John Kasich,0.063,23.7,94.6,79.2,49.7,34797,34.4
481,271,Missouri,MO,Morgan,Republican,Marco Rubio,0.043,23.7,94.6,79.2,49.7,34797,34.4
482,272,Missouri,MO,Newton,Republican,Ted Cruz,0.526,17.4,86.8,85.4,50.3,42268,93.0
483,273,Missouri,MO,Newton,Republican,Donald Trump,0.35100000000000003,17.4,86.8,85.4,50.3,42268,93.0
484,274,Missouri,MO,Newton,Republican,John Kasich,0.064,17.4,86.8,85.4,50.3,42268,93.0
485,275,Missouri,MO,Newton,Republican,Marco Rubio,0.040999999999999995,17.4,86.8,85.4,50.3,42268,93.0
486,276,Missouri,MO,Nodaway,Republican,Donald Trump,0.371,13.9,93.0,91.1,49.7,36641,26.6
487,277,Missouri,MO,Nodaway,Republican,Ted Cruz,0.37,13.9,93.0,91.1,49.7,36641,26.6
488,278,Missouri,MO,Nodaway,Republican,John Kasich,0.135,13.9,93.0,91.1,49.7,36641,26.6
489,279,Missouri,MO,Nodaway,Republican,Marco Rubio,0.08199999999999999,13.9,93.0,91.1,49.7,36641,26.6
490,280,Missouri,MO,Oregon,Republican,Donald Trump,0.517,22.1,94.2,79.8,50.8,27743,13.8
491,281,Missouri,MO,Oregon,Republican,Ted Cruz,0.37799999999999995,22.1,94.2,79.8,50.8,27743,13.8
492,282,Missouri,MO,Oregon,Republican,John Kasich,0.046,22.1,94.2,79.8,50.8,27743,13.8
493,283,Missouri,MO,Oregon,Republican,Marco Rubio,0.032,22.1,94.2,79.8,50.8,27743,13.8
494,284,Missouri,MO,Osage,Republican,Donald Trump,0.45,16.7,97.9,88.6,48.1,51408,23.0
495,285,Missouri,MO,Osage,Republican,Ted Cruz,0.413,16.7,97.9,88.6,48.1,51408,23.0
496,286,Missouri,MO,Osage,Republican,John Kasich,0.071,16.7,97.9,88.6,48.1,51408,23.0
497,287,Missouri,MO,Osage,Republican,Marco Rubio,0.044000000000000004,16.7,97.9,88.6,48.1,51408,23.0
498,288,Missouri,MO,Ozark,Republican,Donald Trump,0.502,26.3,95.7,82.8,49.5,32078,13.1
499,289,Missouri,MO,Ozark,Republican,Ted Cruz,0.384,26.3,95.7,82.8,49.5,32078,13.1
500,290,Missouri,MO,Ozark,Republican,John Kasich,0.053,26.3,95.7,82.8,49.5,32078,13.1
501,291,Missouri,MO,Ozark,Republican,Marco Rubio,0.03,26.3,95.7,82.8,49.5,32078,13.1
502,292,Missouri,MO,Pemiscot,Republican,Donald Trump,0.5710000000000001,15.3,69.3,72.5,52.7,28889,37.1
503,293,Missouri,MO,Pemiscot,Republican,Ted Cruz,0.312,15.3,69.3,72.5,52.7,28889,37.1
504,294,Missouri,MO,Pemiscot,Republican,John Kasich,0.048,15.3,69.3,72.5,52.7,28889,37.1
505,295,Missouri,MO,Pemiscot,Republican,Marco Rubio,0.037000000000000005,15.3,69.3,72.5,52.7,28889,37.1
506,296,Missouri,MO,Perry,Republican,Donald Trump,0.426,16.6,95.5,82.8,49.9,47876,40.0
507,297,Missouri,MO,Perry,Republican,Ted Cruz,0.418,16.6,95.5,82.8,49.9,47876,40.0
508,298,Missouri,MO,Perry,Republican,John Kasich,0.079,16.6,95.5,82.8,49.9,47876,40.0
509,299,Missouri,MO,Perry,Republican,Marco Rubio,0.054000000000000006,16.6,95.5,82.8,49.9,47876,40.0
510,300,Missouri,MO,Pettis,Republican,Donald Trump,0.45299999999999996,15.3,85.5,81.8,50.6,38580,61.9
511,301,Missouri,MO,Pettis,Republican,Ted Cruz,0.365,15.3,85.5,81.8,50.6,38580,61.9
512,302,Missouri,MO,Pettis,Republican,John Kasich,0.086,15.3,85.5,81.8,50.6,38580,61.9
513,303,Missouri,MO,Pettis,Republican,Marco Rubio,0.062,15.3,85.5,81.8,50.6,38580,61.9
514,304,Missouri,MO,Phelps,Republican,Donald Trump,0.45299999999999996,14.9,88.9,86.8,47.6,41964,67.2
515,305,Missouri,MO,Phelps,Republican,Ted Cruz,0.39299999999999996,14.9,88.9,86.8,47.6,41964,67.2
516,306,Missouri,MO,Phelps,Republican,John Kasich,0.073,14.9,88.9,86.8,47.6,41964,67.2
517,307,Missouri,MO,Phelps,Republican,Marco Rubio,0.055,14.9,88.9,86.8,47.6,41964,67.2
518,308,Missouri,MO,Pike,Republican,Donald Trump,0.462,16.5,88.4,78.9,44.8,39850,27.6
519,309,Missouri,MO,Pike,Republican,Ted Cruz,0.408,16.5,88.4,78.9,44.8,39850,27.6
520,310,Missouri,MO,Pike,Republican,John Kasich,0.067,16.5,88.4,78.9,44.8,39850,27.6
521,311,Missouri,MO,Pike,Republican,Marco Rubio,0.037000000000000005,16.5,88.4,78.9,44.8,39850,27.6
522,312,Missouri,MO,Platte,Republican,Ted Cruz,0.392,13.0,82.5,94.2,50.6,67721,212.6
523,313,Missouri,MO,Platte,Republican,Donald Trump,0.371,13.0,82.5,94.2,50.6,67721,212.6
524,314,Missouri,MO,Platte,Republican,John Kasich,0.14400000000000002,13.0,82.5,94.2,50.6,67721,212.6
525,315,Missouri,MO,Platte,Republican,Marco Rubio,0.071,13.0,82.5,94.2,50.6,67721,212.6
526,316,Missouri,MO,Polk,Republican,Ted Cruz,0.527,17.1,93.8,83.7,51.2,39512,49.0
527,317,Missouri,MO,Polk,Republican,Donald Trump,0.344,17.1,93.8,83.7,51.2,39512,49.0
528,318,Missouri,MO,Polk,Republican,John Kasich,0.065,17.1,93.8,83.7,51.2,39512,49.0
529,319,Missouri,MO,Polk,Republican,Marco Rubio,0.040999999999999995,17.1,93.8,83.7,51.2,39512,49.0
530,320,Missouri,MO,Pulaski,Republican,Donald Trump,0.511,7.6,69.4,90.1,43.2,49820,95.5
531,321,Missouri,MO,Pulaski,Republican,Ted Cruz,0.341,7.6,69.4,90.1,43.2,49820,95.5
532,322,Missouri,MO,Pulaski,Republican,John Kasich,0.071,7.6,69.4,90.1,43.2,49820,95.5
533,323,Missouri,MO,Pulaski,Republican,Marco Rubio,0.049,7.6,69.4,90.1,43.2,49820,95.5
534,324,Missouri,MO,Putnam,Republican,Donald Trump,0.532,23.6,96.8,84.7,49.1,36713,9.6
535,325,Missouri,MO,Putnam,Republican,Ted Cruz,0.285,23.6,96.8,84.7,49.1,36713,9.6
536,326,Missouri,MO,Putnam,Republican,John Kasich,0.092,23.6,96.8,84.7,49.1,36713,9.6
537,327,Missouri,MO,Putnam,Republican,Marco Rubio,0.046,23.6,96.8,84.7,49.1,36713,9.6
538,328,Missouri,MO,Ralls,Republican,Donald Trump,0.46799999999999997,19.3,95.7,89.6,49.6,47969,21.6
539,329,Missouri,MO,Ralls,Republican,Ted Cruz,0.405,19.3,95.7,89.6,49.6,47969,21.6
540,330,Missouri,MO,Ralls,Republican,John Kasich,0.06,19.3,95.7,89.6,49.6,47969,21.6
541,331,Missouri,MO,Ralls,Republican,Marco Rubio,0.044000000000000004,19.3,95.7,89.6,49.6,47969,21.6
542,332,Missouri,MO,Randolph,Republican,Donald Trump,0.455,15.4,89.3,84.6,47.5,37203,52.7
543,333,Missouri,MO,Randolph,Republican,Ted Cruz,0.4,15.4,89.3,84.6,47.5,37203,52.7
544,334,Missouri,MO,Randolph,Republican,John Kasich,0.07200000000000001,15.4,89.3,84.6,47.5,37203,52.7
545,335,Missouri,MO,Randolph,Republican,Marco Rubio,0.047,15.4,89.3,84.6,47.5,37203,52.7
546,336,Missouri,MO,Ray,Republican,Donald Trump,0.442,17.1,93.9,88.3,49.9,52698,41.3
547,337,Missouri,MO,Ray,Republican,Ted Cruz,0.41200000000000003,17.1,93.9,88.3,49.9,52698,41.3
548,338,Missouri,MO,Ray,Republican,John Kasich,0.071,17.1,93.9,88.3,49.9,52698,41.3
549,339,Missouri,MO,Ray,Republican,Marco Rubio,0.047,17.1,93.9,88.3,49.9,52698,41.3
550,340,Missouri,MO,Reynolds,Republican,Donald Trump,0.5870000000000001,22.7,94.6,77.1,48.8,34496,8.3
551,341,Missouri,MO,Reynolds,Republican,Ted Cruz,0.324,22.7,94.6,77.1,48.8,34496,8.3
552,342,Missouri,MO,Reynolds,Republican,John Kasich,0.04,22.7,94.6,77.1,48.8,34496,8.3
553,343,Missouri,MO,Reynolds,Republican,Marco Rubio,0.034,22.7,94.6,77.1,48.8,34496,8.3
554,344,Missouri,MO,Ripley,Republican,Donald Trump,0.48,19.6,95.4,75.2,50.7,32291,22.4
555,345,Missouri,MO,Ripley,Republican,Ted Cruz,0.386,19.6,95.4,75.2,50.7,32291,22.4
556,346,Missouri,MO,Ripley,Republican,John Kasich,0.06,19.6,95.4,75.2,50.7,32291,22.4
557,347,Missouri,MO,Ripley,Republican,Marco Rubio,0.048,19.6,95.4,75.2,50.7,32291,22.4
558,348,Missouri,MO,Saline,Republican,Donald Trump,0.44799999999999995,16.6,80.9,82.8,50.3,39519,30.9
559,349,Missouri,MO,Saline,Republican,Ted Cruz,0.389,16.6,80.9,82.8,50.3,39519,30.9
560,350,Missouri,MO,Saline,Republican,John Kasich,0.083,16.6,80.9,82.8,50.3,39519,30.9
561,351,Missouri,MO,Saline,Republican,Marco Rubio,0.049,16.6,80.9,82.8,50.3,39519,30.9
562,352,Missouri,MO,Schuyler,Republican,Donald Trump,0.574,19.7,97.5,85.9,50.9,34688,14.4
563,353,Missouri,MO,Schuyler,Republican,Ted Cruz,0.287,19.7,97.5,85.9,50.9,34688,14.4
564,354,Missouri,MO,Schuyler,Republican,John Kasich,0.071,19.7,97.5,85.9,50.9,34688,14.4
565,355,Missouri,MO,Schuyler,Republican,Marco Rubio,0.024,19.7,97.5,85.9,50.9,34688,14.4
566,356,Missouri,MO,Scotland,Republican,Donald Trump,0.48200000000000004,18.9,97.7,78.7,50.7,39028,11.1
567,357,Missouri,MO,Scotland,Republican,Ted Cruz,0.385,18.9,97.7,78.7,50.7,39028,11.1
568,358,Missouri,MO,Scotland,Republican,John Kasich,0.07,18.9,97.7,78.7,50.7,39028,11.1
569,359,Missouri,MO,Scotland,Republican,Marco Rubio,0.031,18.9,97.7,78.7,50.7,39028,11.1
570,360,Missouri,MO,Scott,Republican,Donald Trump,0.496,16.5,83.9,80.3,51.4,40651,93.3
571,361,Missouri,MO,Scott,Republican,Ted Cruz,0.39,16.5,83.9,80.3,51.4,40651,93.3
572,362,Missouri,MO,Scott,Republican,John Kasich,0.057,16.5,83.9,80.3,51.4,40651,93.3
573,363,Missouri,MO,Scott,Republican,Marco Rubio,0.036000000000000004,16.5,83.9,80.3,51.4,40651,93.3
574,364,Missouri,MO,Shannon,Republican,Donald Trump,0.532,19.6,94.2,81.0,50.1,31132,8.4
575,365,Missouri,MO,Shannon,Republican,Ted Cruz,0.363,19.6,94.2,81.0,50.1,31132,8.4
576,366,Missouri,MO,Shannon,Republican,John Kasich,0.040999999999999995,19.6,94.2,81.0,50.1,31132,8.4
577,367,Missouri,MO,Shannon,Republican,Marco Rubio,0.03,19.6,94.2,81.0,50.1,31132,8.4
578,368,Missouri,MO,Shelby,Republican,Donald Trump,0.424,20.6,96.4,89.5,50.3,35938,12.7
579,369,Missouri,MO,Shelby,Republican,Ted Cruz,0.401,20.6,96.4,89.5,50.3,35938,12.7
580,370,Missouri,MO,Shelby,Republican,John Kasich,0.084,20.6,96.4,89.5,50.3,35938,12.7
581,371,Missouri,MO,Shelby,Republican,Marco Rubio,0.059000000000000004,20.6,96.4,89.5,50.3,35938,12.7
582,372,Missouri,MO,Stoddard,Republican,Donald Trump,0.52,19.0,95.6,79.8,51.3,37965,36.4
583,373,Missouri,MO,Stoddard,Republican,Ted Cruz,0.368,19.0,95.6,79.8,51.3,37965,36.4
584,374,Missouri,MO,Stoddard,Republican,John Kasich,0.053,19.0,95.6,79.8,51.3,37965,36.4
585,375,Missouri,MO,Stoddard,Republican,Marco Rubio,0.039,19.0,95.6,79.8,51.3,37965,36.4
586,376,Missouri,MO,Stone,Republican,Donald Trump,0.479,27.4,95.2,84.9,51.1,40850,69.4
587,377,Missouri,MO,Stone,Republican,Ted Cruz,0.39299999999999996,27.4,95.2,84.9,51.1,40850,69.4
588,378,Missouri,MO,Stone,Republican,John Kasich,0.07200000000000001,27.4,95.2,84.9,51.1,40850,69.4
589,379,Missouri,MO,Stone,Republican,Marco Rubio,0.037000000000000005,27.4,95.2,84.9,51.1,40850,69.4
590,380,Missouri,MO,Sullivan,Republican,Donald Trump,0.512,18.4,79.5,82.1,49.2,36676,10.4
591,381,Missouri,MO,Sullivan,Republican,Ted Cruz,0.332,18.4,79.5,82.1,49.2,36676,10.4
592,382,Missouri,MO,Sullivan,Republican,John Kasich,0.08199999999999999,18.4,79.5,82.1,49.2,36676,10.4
593,383,Missouri,MO,Sullivan,Republican,Marco Rubio,0.044000000000000004,18.4,79.5,82.1,49.2,36676,10.4
594,384,Missouri,MO,Taney,Republican,Donald Trump,0.474,19.7,89.6,84.7,51.5,38461,81.7
595,385,Missouri,MO,Taney,Republican,Ted Cruz,0.391,19.7,89.6,84.7,51.5,38461,81.7
596,386,Missouri,MO,Taney,Republican,John Kasich,0.063,19.7,89.6,84.7,51.5,38461,81.7
597,387,Missouri,MO,Taney,Republican,Marco Rubio,0.047,19.7,89.6,84.7,51.5,38461,81.7
598,388,Missouri,MO,Texas,Republican,Donald Trump,0.51,19.5,91.1,82.9,47.9,36082,22.1
599,389,Missouri,MO,Texas,Republican,Ted Cruz,0.377,19.5,91.1,82.9,47.9,36082,22.1
600,390,Missouri,MO,Texas,Republican,John Kasich,0.046,19.5,91.1,82.9,47.9,36082,22.1
601,391,Missouri,MO,Texas,Republican,Marco Rubio,0.034,19.5,91.1,82.9,47.9,36082,22.1
602,392,Missouri,MO,Vernon,Republican,Donald Trump,0.483,17.7,94.2,84.9,51.2,38679,25.6
603,393,Missouri,MO,Vernon,Republican,Ted Cruz,0.361,17.7,94.2,84.9,51.2,38679,25.6
604,394,Missouri,MO,Vernon,Republican,John Kasich,0.075,17.7,94.2,84.9,51.2,38679,25.6
605,395,Missouri,MO,Vernon,Republican,Marco Rubio,0.042,17.7,94.2,84.9,51.2,38679,25.6
606,396,Missouri,MO,Warren,Republican,Donald Trump,0.46,16.6,91.9,84.3,50.1,50830,75.9
607,397,Missouri,MO,Warren,Republican,Ted Cruz,0.40399999999999997,16.6,91.9,84.3,50.1,50830,75.9
608,398,Missouri,MO,Warren,Republican,John Kasich,0.07,16.6,91.9,84.3,50.1,50830,75.9
609,399,Missouri,MO,Warren,Republican,Marco Rubio,0.045,16.6,91.9,84.3,50.1,50830,75.9
610,400,Missouri,MO,Washington,Republican,Donald Trump,0.508,15.4,94.4,71.6,48.4,34702,33.2
611,401,Missouri,MO,Washington,Republican,Ted Cruz,0.406,15.4,94.4,71.6,48.4,34702,33.2
612,402,Missouri,MO,Washington,Republican,Marco Rubio,0.034,15.4,94.4,71.6,48.4,34702,33.2
613,403,Missouri,MO,Washington,Republican,John Kasich,0.031,15.4,94.4,71.6,48.4,34702,33.2
614,404,Missouri,MO,Wayne,Republican,Donald Trump,0.542,21.9,95.6,77.1,50.2,33159,17.8
615,405,Missouri,MO,Wayne,Republican,Ted Cruz,0.345,21.9,95.6,77.1,50.2,33159,17.8
616,406,Missouri,MO,Wayne,Republican,John Kasich,0.053,21.9,95.6,77.1,50.2,33159,17.8
617,407,Missouri,MO,Wayne,Republican,Marco Rubio,0.032,21.9,95.6,77.1,50.2,33159,17.8
618,408,Missouri,MO,Webster,Republican,Ted Cruz,0.513,14.6,94.7,84.7,49.1,44596,61.1
619,409,Missouri,MO,Webster,Republican,Donald Trump,0.37799999999999995,14.6,94.7,84.7,49.1,44596,61.1
620,410,Missouri,MO,Webster,Republican,John Kasich,0.049,14.6,94.7,84.7,49.1,44596,61.1
621,411,Missouri,MO,Webster,Republican,Marco Rubio,0.038,14.6,94.7,84.7,49.1,44596,61.1
622,412,Missouri,MO,Worth,Republican,Donald Trump,0.47100000000000003,24.3,96.5,92.9,50.1,39348,8.1
623,413,Missouri,MO,Worth,Republican,Ted Cruz,0.366,24.3,96.5,92.9,50.1,39348,8.1
624,414,Missouri,MO,Worth,Republican,John Kasich,0.076,24.3,96.5,92.9,50.1,39348,8.1
625,415,Missouri,MO,Worth,Republican,Marco Rubio,0.061,24.3,96.5,92.9,50.1,39348,8.1
626,416,Missouri,MO,Wright,Republican,Donald Trump,0.462,19.1,95.3,76.5,51.1,28645,27.6
627,417,Missouri,MO,Wright,Republican,Ted Cruz,0.445,19.1,95.3,76.5,51.1,28645,27.6
628,418,Missouri,MO,Wright,Republican,John Kasich,0.043,19.1,95.3,76.5,51.1,28645,27.6
629,419,Missouri,MO,Wright,Republican,Marco Rubio,0.03,19.1,95.3,76.5,51.1,28645,27.6
