,id,state,state_abbreviation,county,party,candidate,fraction_votes,AGE775214,RHI825214,EDU635213,SEX255214,INC110213,POP060210
0,0,North Carolina,NC,Alamance,Democrat,Hillary Clinton,0.537,16.1,65.7,83.0,52.3,43043,356.5
1,1,North Carolina,NC,Alamance,Democrat,Bernie Sanders,0.419,16.1,65.7,83.0,52.3,43043,356.5
2,2,North Carolina,NC,Alexander,Democrat,Hillary Clinton,0.45799999999999996,18.9,87.3,79.3,49.2,40637,143.1
3,3,North Carolina,NC,Alexander,Democrat,Bernie Sanders,0.44799999999999995,18.9,87.3,79.3,49.2,40637,143.1
4,4,North Carolina,NC,Alleghany,Democrat,Bernie Sanders,0.44799999999999995,24.5,87.0,79.4,50.3,35170,47.5
5,5,North Carolina,NC,Alleghany,Democrat,Hillary Clinton,0.442,24.5,87.0,79.4,50.3,35170,47.5
6,6,North Carolina,NC,Anson,Democrat,Hillary Clinton,0.6609999999999999,16.4,45.5,76.3,48.2,33870,50.7
7,7,North Carolina,NC,Anson,Democrat,Bernie Sanders,0.262,16.4,45.5,76.3,48.2,33870,50.7
8,8,North Carolina,NC,Ashe,Democrat,Hillary Clinton,0.46399999999999997,23.6,92.4,81.4,50.4,35951,64.0
9,9,North Carolina,NC,Ashe,Democrat,Bernie Sanders,0.45899999999999996,23.6,92.4,81.4,50.4,35951,64.0
10,10,North Carolina,NC,Avery,Democrat,Bernie Sanders,0.539,20.3,89.2,81.5,45.5,36969,72.0
11,11,North Carolina,NC,Avery,Democrat,Hillary Clinton,0.414,20.3,89.2,81.5,45.5,36969,72.0
12,12,North Carolina,NC,Beaufort,Democrat,Hillary Clinton,0.556,21.6,66.0,81.7,51.9,40429,57.7
13,13,North Carolina,NC,Beaufort,Democrat,Bernie Sanders,0.349,21.6,66.0,81.7,51.9,40429,57.7
14,14,North Carolina,NC,Bertie,Democrat,Hillary Clinton,0.695,19.8,35.2,72.6,49.9,30768,30.4
15,15,North Carolina,NC,Bertie,Democrat,Bernie Sanders,0.254,19.8,35.2,72.6,49.9,30768,30.4
16,16,North Carolina,NC,Bladen,Democrat,Hillary Clinton,0.596,18.7,54.6,74.7,51.8,30164,40.2
17,17,North Carolina,NC,Bladen,Democrat,Bernie Sanders,0.264,18.7,54.6,74.7,51.8,30164,40.2
18,18,North Carolina,NC,Brunswick,Democrat,Hillary Clinton,0.601,27.0,81.4,86.3,51.4,46438,126.8
19,19,North Carolina,NC,Brunswick,Democrat,Bernie Sanders,0.355,27.0,81.4,86.3,51.4,46438,126.8
20,20,North Carolina,NC,Buncombe,Democrat,Bernie Sanders,0.621,18.1,83.7,89.0,52.0,44713,362.9
21,21,North Carolina,NC,Buncombe,Democrat,Hillary Clinton,0.354,18.1,83.7,89.0,52.0,44713,362.9
22,22,North Carolina,NC,Burke,Democrat,Hillary Clinton,0.461,18.4,82.1,76.7,50.1,37263,179.3
23,23,North Carolina,NC,Burke,Democrat,Bernie Sanders,0.45399999999999996,18.4,82.1,76.7,50.1,37263,179.3
24,24,North Carolina,NC,Cabarrus,Democrat,Hillary Clinton,0.517,12.5,69.0,86.4,51.2,53551,492.1
25,25,North Carolina,NC,Cabarrus,Democrat,Bernie Sanders,0.44299999999999995,12.5,69.0,86.4,51.2,53551,492.1
26,26,North Carolina,NC,Caldwell,Democrat,Hillary Clinton,0.47,17.8,88.0,75.7,50.6,34357,176.1
27,27,North Carolina,NC,Caldwell,Democrat,Bernie Sanders,0.45899999999999996,17.8,88.0,75.7,50.6,34357,176.1
28,28,North Carolina,NC,Camden,Democrat,Hillary Clinton,0.542,14.9,80.1,86.3,49.9,56607,41.5
29,29,North Carolina,NC,Camden,Democrat,Bernie Sanders,0.345,14.9,80.1,86.3,49.9,56607,41.5
30,30,North Carolina,NC,Carteret,Democrat,Hillary Clinton,0.485,21.8,86.2,88.3,50.7,46534,131.3
31,31,North Carolina,NC,Carteret,Democrat,Bernie Sanders,0.444,21.8,86.2,88.3,50.7,46534,131.3
32,32,North Carolina,NC,Caswell,Democrat,Hillary Clinton,0.598,19.6,61.2,73.2,49.2,35315,55.8
33,33,North Carolina,NC,Caswell,Democrat,Bernie Sanders,0.311,19.6,61.2,73.2,49.2,35315,55.8
34,34,North Carolina,NC,Catawba,Democrat,Hillary Clinton,0.512,16.2,76.8,82.3,50.9,44332,387.1
35,35,North Carolina,NC,Catawba,Democrat,Bernie Sanders,0.44,16.2,76.8,82.3,50.9,44332,387.1
36,36,North Carolina,NC,Chatham,Democrat,Hillary Clinton,0.55,23.6,71.4,85.8,52.1,57091,93.1
37,37,North Carolina,NC,Chatham,Democrat,Bernie Sanders,0.409,23.6,71.4,85.8,52.1,57091,93.1
38,38,North Carolina,NC,Cherokee,Democrat,Hillary Clinton,0.439,26.7,91.6,81.9,51.3,34432,60.3
39,39,North Carolina,NC,Cherokee,Democrat,Bernie Sanders,0.43700000000000006,26.7,91.6,81.9,51.3,34432,60.3
40,40,North Carolina,NC,Chowan,Democrat,Hillary Clinton,0.618,22.4,60.8,79.7,52.4,34420,85.8
41,41,North Carolina,NC,Chowan,Democrat,Bernie Sanders,0.298,22.4,60.8,79.7,52.4,34420,85.8
42,42,North Carolina,NC,Clay,Democrat,Hillary Clinton,0.528,28.2,94.0,86.9,50.8,38828,49.3
43,43,North Carolina,NC,Clay,Democrat,Bernie Sanders,0.385,28.2,94.0,86.9,50.8,38828,49.3
44,44,North Carolina,NC,Cleveland,Democrat,Hillary Clinton,0.5589999999999999,17.1,73.5,82.0,51.8,38989,211.3
45,45,North Carolina,NC,Cleveland,Democrat,Bernie Sanders,0.35600000000000004,17.1,73.5,82.0,51.8,38989,211.3
46,46,North Carolina,NC,Columbus,Democrat,Hillary Clinton,0.563,17.7,60.3,79.2,50.7,35761,62.0
47,47,North Carolina,NC,Columbus,Democrat,Bernie Sanders,0.311,17.7,60.3,79.2,50.7,35761,62.0
48,48,North Carolina,NC,Craven,Democrat,Hillary Clinton,0.581,17.1,66.3,87.2,49.2,47141,146.0
49,49,North Carolina,NC,Craven,Democrat,Bernie Sanders,0.35700000000000004,17.1,66.3,87.2,49.2,47141,146.0
50,50,North Carolina,NC,Cumberland,Democrat,Hillary Clinton,0.639,10.8,45.2,89.2,51.0,45231,489.7
51,51,North Carolina,NC,Cumberland,Democrat,Bernie Sanders,0.31,10.8,45.2,89.2,51.0,45231,489.7
52,52,North Carolina,NC,Dare,Democrat,Bernie Sanders,0.489,18.7,87.9,91.5,50.6,55481,88.5
53,53,North Carolina,NC,Dare,Democrat,Hillary Clinton,0.425,18.7,87.9,91.5,50.6,55481,88.5
54,54,North Carolina,NC,Davidson,Democrat,Hillary Clinton,0.503,16.8,81.0,80.4,51.0,43083,294.7
55,55,North Carolina,NC,Davidson,Democrat,Bernie Sanders,0.435,16.8,81.0,80.4,51.0,43083,294.7
56,56,North Carolina,NC,Davie,Democrat,Hillary Clinton,0.54,19.3,84.9,85.4,51.1,50139,156.2
57,57,North Carolina,NC,Davie,Democrat,Bernie Sanders,0.40399999999999997,19.3,84.9,85.4,51.1,50139,156.2
58,58,North Carolina,NC,Duplin,Democrat,Hillary Clinton,0.612,15.8,51.8,71.4,50.8,34433,71.7
59,59,North Carolina,NC,Duplin,Democrat,Bernie Sanders,0.292,15.8,51.8,71.4,50.8,34433,71.7
60,60,North Carolina,NC,Durham,Democrat,Hillary Clinton,0.575,11.1,42.2,86.9,52.1,51853,935.7
61,61,North Carolina,NC,Durham,Democrat,Bernie Sanders,0.41,11.1,42.2,86.9,52.1,51853,935.7
62,62,North Carolina,NC,Edgecombe,Democrat,Hillary Clinton,0.708,16.9,37.0,79.5,53.6,33960,111.9
63,63,North Carolina,NC,Edgecombe,Democrat,Bernie Sanders,0.22699999999999998,16.9,37.0,79.5,53.6,33960,111.9
64,64,North Carolina,NC,Forsyth,Democrat,Hillary Clinton,0.58,14.4,57.7,87.0,52.5,45724,859.2
65,65,North Carolina,NC,Forsyth,Democrat,Bernie Sanders,0.39799999999999996,14.4,57.7,87.0,52.5,45724,859.2
66,66,North Carolina,NC,Franklin,Democrat,Hillary Clinton,0.594,15.2,63.5,81.2,50.4,41696,123.3
67,67,North Carolina,NC,Franklin,Democrat,Bernie Sanders,0.34299999999999997,15.2,63.5,81.2,50.4,41696,123.3
68,68,North Carolina,NC,Gaston,Democrat,Hillary Clinton,0.541,15.1,74.6,81.0,51.6,42017,578.8
69,69,North Carolina,NC,Gaston,Democrat,Bernie Sanders,0.40299999999999997,15.1,74.6,81.0,51.6,42017,578.8
70,70,North Carolina,NC,Gates,Democrat,Hillary Clinton,0.617,17.8,62.3,83.3,51.2,46592,35.8
71,71,North Carolina,NC,Gates,Democrat,Bernie Sanders,0.293,17.8,62.3,83.3,51.2,46592,35.8
72,72,North Carolina,NC,Graham,Democrat,Hillary Clinton,0.44299999999999995,22.3,87.5,78.6,50.6,33903,30.3
73,73,North Carolina,NC,Graham,Democrat,Bernie Sanders,0.40700000000000003,22.3,87.5,78.6,50.6,33903,30.3
74,74,North Carolina,NC,Granville,Democrat,Hillary Clinton,0.588,15.3,58.5,81.1,49.0,49852,112.7
75,75,North Carolina,NC,Granville,Democrat,Bernie Sanders,0.34,15.3,58.5,81.1,49.0,49852,112.7
76,76,North Carolina,NC,Greene,Democrat,Hillary Clinton,0.5870000000000001,14.8,47.7,76.0,45.8,40853,80.3
77,77,North Carolina,NC,Greene,Democrat,Bernie Sanders,0.294,14.8,47.7,76.0,45.8,40853,80.3
78,78,North Carolina,NC,Guilford,Democrat,Hillary Clinton,0.56,13.8,52.3,87.9,52.5,45431,756.4
79,79,North Carolina,NC,Guilford,Democrat,Bernie Sanders,0.41700000000000004,13.8,52.3,87.9,52.5,45431,756.4
80,80,North Carolina,NC,Halifax,Democrat,Hillary Clinton,0.667,18.3,39.1,75.8,52.2,32329,75.5
81,81,North Carolina,NC,Halifax,Democrat,Bernie Sanders,0.248,18.3,39.1,75.8,52.2,32329,75.5
82,82,North Carolina,NC,Harnett,Democrat,Hillary Clinton,0.551,11.2,62.7,84.4,50.5,44625,192.7
83,83,North Carolina,NC,Harnett,Democrat,Bernie Sanders,0.368,11.2,62.7,84.4,50.5,44625,192.7
84,84,North Carolina,NC,Haywood,Democrat,Bernie Sanders,0.46,23.7,93.2,86.1,51.9,41557,106.6
85,85,North Carolina,NC,Haywood,Democrat,Hillary Clinton,0.445,23.7,93.2,86.1,51.9,41557,106.6
86,86,North Carolina,NC,Henderson,Democrat,Bernie Sanders,0.501,24.5,83.9,87.5,51.7,44815,286.1
87,87,North Carolina,NC,Henderson,Democrat,Hillary Clinton,0.47,24.5,83.9,87.5,51.7,44815,286.1
88,88,North Carolina,NC,Hertford,Democrat,Hillary Clinton,0.675,17.5,33.9,77.5,50.6,33406,69.9
89,89,North Carolina,NC,Hertford,Democrat,Bernie Sanders,0.222,17.5,33.9,77.5,50.6,33406,69.9
90,90,North Carolina,NC,Hoke,Democrat,Hillary Clinton,0.597,8.4,41.2,84.0,50.6,45489,120.2
91,91,North Carolina,NC,Hoke,Democrat,Bernie Sanders,0.311,8.4,41.2,84.0,50.6,45489,120.2
92,92,North Carolina,NC,Hyde,Democrat,Hillary Clinton,0.48,17.7,60.9,78.8,44.5,42279,9.5
93,93,North Carolina,NC,Hyde,Democrat,Bernie Sanders,0.405,17.7,60.9,78.8,44.5,42279,9.5
94,94,North Carolina,NC,Iredell,Democrat,Hillary Clinton,0.509,14.6,76.8,85.9,50.8,50329,277.8
95,95,North Carolina,NC,Iredell,Democrat,Bernie Sanders,0.43200000000000005,14.6,76.8,85.9,50.8,50329,277.8
96,96,North Carolina,NC,Jackson,Democrat,Bernie Sanders,0.57,17.7,81.4,85.0,50.9,36951,82.1
97,97,North Carolina,NC,Jackson,Democrat,Hillary Clinton,0.381,17.7,81.4,85.0,50.9,36951,82.1
98,98,North Carolina,NC,Johnston,Democrat,Hillary Clinton,0.521,12.3,68.9,83.2,50.9,49711,213.4
99,99,North Carolina,NC,Johnston,Democrat,Bernie Sanders,0.405,12.3,68.9,83.2,50.9,49711,213.4
100,100,North Carolina,NC,Jones,Democrat,Hillary Clinton,0.58,21.7,62.1,83.8,51.3,36213,21.6
101,101,North Carolina,NC,Jones,Democrat,Bernie Sanders,0.32,21.7,62.1,83.8,51.3,36213,21.6
102,102,North Carolina,NC,Lee,Democrat,Hillary Clinton,0.546,15.0,58.3,80.2,50.8,44819,227.0
103,103,North Carolina,NC,Lee,Democrat,Bernie Sanders,0.381,15.0,58.3,80.2,50.8,44819,227.0
104,104,North Carolina,NC,Lenoir,Democrat,Hillary Clinton,0.6409999999999999,17.9,50.1,79.0,52.2,35770,148.5
105,105,North Carolina,NC,Lenoir,Democrat,Bernie Sanders,0.264,17.9,50.1,79.0,52.2,35770,148.5
106,106,North Carolina,NC,Lincoln,Democrat,Hillary Clinton,0.513,15.9,85.2,83.6,50.2,48940,262.7
107,107,North Carolina,NC,Lincoln,Democrat,Bernie Sanders,0.418,15.9,85.2,83.6,50.2,48940,262.7
108,108,North Carolina,NC,Macon,Democrat,Hillary Clinton,0.479,26.4,89.7,85.7,51.4,37892,65.8
109,109,North Carolina,NC,Macon,Democrat,Bernie Sanders,0.442,26.4,89.7,85.7,51.4,37892,65.8
110,110,North Carolina,NC,Madison,Democrat,Bernie Sanders,0.5870000000000001,19.8,93.6,80.8,50.3,38598,46.2
111,111,North Carolina,NC,Madison,Democrat,Hillary Clinton,0.345,19.8,93.6,80.8,50.3,38598,46.2
112,112,North Carolina,NC,Martin,Democrat,Hillary Clinton,0.618,20.6,52.2,81.5,53.0,35111,53.1
113,113,North Carolina,NC,Martin,Democrat,Bernie Sanders,0.27399999999999997,20.6,52.2,81.5,53.0,35111,53.1
114,114,North Carolina,NC,McDowell,Democrat,Bernie Sanders,0.49,18.5,88.4,80.8,49.8,35297,102.1
115,115,North Carolina,NC,McDowell,Democrat,Hillary Clinton,0.409,18.5,88.4,80.8,49.8,35297,102.1
116,116,North Carolina,NC,Mecklenburg,Democrat,Hillary Clinton,0.603,10.0,48.8,88.8,51.9,55444,1755.5
117,117,North Carolina,NC,Mecklenburg,Democrat,Bernie Sanders,0.38299999999999995,10.0,48.8,88.8,51.9,55444,1755.5
118,118,North Carolina,NC,Mitchell,Democrat,Bernie Sanders,0.579,23.4,93.1,81.3,50.5,37680,70.4
119,119,North Carolina,NC,Mitchell,Democrat,Hillary Clinton,0.40399999999999997,23.4,93.1,81.3,50.5,37680,70.4
120,120,North Carolina,NC,Montgomery,Democrat,Hillary Clinton,0.5489999999999999,18.5,63.7,71.8,51.4,31830,56.5
121,121,North Carolina,NC,Montgomery,Democrat,Bernie Sanders,0.355,18.5,63.7,71.8,51.4,31830,56.5
122,122,North Carolina,NC,Moore,Democrat,Hillary Clinton,0.588,23.8,77.3,89.7,52.0,49544,126.5
123,123,North Carolina,NC,Moore,Democrat,Bernie Sanders,0.37,23.8,77.3,89.7,52.0,49544,126.5
124,124,North Carolina,NC,Nash,Democrat,Hillary Clinton,0.6579999999999999,16.4,51.6,83.1,51.9,43084,177.3
125,125,North Carolina,NC,Nash,Democrat,Bernie Sanders,0.282,16.4,51.6,83.1,51.9,43084,177.3
126,126,North Carolina,NC,Northampton,Democrat,Hillary Clinton,0.684,23.0,38.3,72.9,51.8,31433,41.2
127,127,North Carolina,NC,Northampton,Democrat,Bernie Sanders,0.22899999999999998,23.0,38.3,72.9,51.8,31433,41.2
128,128,North Carolina,NC,Onslow,Democrat,Hillary Clinton,0.542,8.4,66.9,90.2,45.4,45450,233.1
129,129,North Carolina,NC,Onslow,Democrat,Bernie Sanders,0.382,8.4,66.9,90.2,45.4,45450,233.1
130,130,North Carolina,NC,Orange,Democrat,Bernie Sanders,0.499,11.2,69.6,91.0,52.2,55569,336.2
131,131,North Carolina,NC,Orange,Democrat,Hillary Clinton,0.484,11.2,69.6,91.0,52.2,55569,336.2
132,132,North Carolina,NC,Pamlico,Democrat,Hillary Clinton,0.53,26.0,74.1,85.7,48.7,43853,39.1
133,133,North Carolina,NC,Pamlico,Democrat,Bernie Sanders,0.389,26.0,74.1,85.7,48.7,43853,39.1
134,134,North Carolina,NC,Pasquotank,Democrat,Hillary Clinton,0.652,15.5,54.9,83.7,50.8,46053,179.2
135,135,North Carolina,NC,Pasquotank,Democrat,Bernie Sanders,0.298,15.5,54.9,83.7,50.8,46053,179.2
136,136,North Carolina,NC,Pender,Democrat,Hillary Clinton,0.564,17.1,74.4,86.7,50.0,44524,60.0
137,137,North Carolina,NC,Pender,Democrat,Bernie Sanders,0.368,17.1,74.4,86.7,50.0,44524,60.0
138,138,North Carolina,NC,Perquimans,Democrat,Hillary Clinton,0.514,24.3,71.4,83.7,51.9,43709,54.4
139,139,North Carolina,NC,Perquimans,Democrat,Bernie Sanders,0.348,24.3,71.4,83.7,51.9,43709,54.4
140,140,North Carolina,NC,Person,Democrat,Hillary Clinton,0.51,17.5,66.4,83.0,51.4,42317,100.6
141,141,North Carolina,NC,Person,Democrat,Bernie Sanders,0.371,17.5,66.4,83.0,51.4,42317,100.6
142,142,North Carolina,NC,Pitt,Democrat,Hillary Clinton,0.57,11.3,56.2,85.8,52.8,40718,257.9
143,143,North Carolina,NC,Pitt,Democrat,Bernie Sanders,0.363,11.3,56.2,85.8,52.8,40718,257.9
144,144,North Carolina,NC,Polk,Democrat,Bernie Sanders,0.48700000000000004,27.5,88.1,87.0,52.2,44745,86.3
145,145,North Carolina,NC,Polk,Democrat,Hillary Clinton,0.47700000000000004,27.5,88.1,87.0,52.2,44745,86.3
146,146,North Carolina,NC,Randolph,Democrat,Hillary Clinton,0.466,16.1,80.1,78.0,50.6,41208,181.1
147,147,North Carolina,NC,Randolph,Democrat,Bernie Sanders,0.45799999999999996,16.1,80.1,78.0,50.6,41208,181.1
148,148,North Carolina,NC,Richmond,Democrat,Hillary Clinton,0.5710000000000001,16.1,57.6,80.1,51.1,32384,98.4
149,149,North Carolina,NC,Richmond,Democrat,Bernie Sanders,0.31,16.1,57.6,80.1,51.1,32384,98.4
150,150,North Carolina,NC,Robeson,Democrat,Hillary Clinton,0.51,13.0,26.6,71.5,51.6,29806,141.3
151,151,North Carolina,NC,Robeson,Democrat,Bernie Sanders,0.314,13.0,26.6,71.5,51.6,29806,141.3
152,152,North Carolina,NC,Rockingham,Democrat,Hillary Clinton,0.544,18.4,72.9,79.0,51.7,38567,165.6
153,153,North Carolina,NC,Rockingham,Democrat,Bernie Sanders,0.365,18.4,72.9,79.0,51.7,38567,165.6
154,154,North Carolina,NC,Rowan,Democrat,Hillary Clinton,0.527,16.3,72.9,81.0,50.7,41495,270.7
155,155,North Carolina,NC,Rowan,Democrat,Bernie Sanders,0.41600000000000004,16.3,72.9,81.0,50.7,41495,270.7
156,156,North Carolina,NC,Rutherford,Democrat,Hillary Clinton,0.46,19.5,83.8,81.6,51.6,36334,120.2
157,157,North Carolina,NC,Rutherford,Democrat,Bernie Sanders,0.445,19.5,83.8,81.6,51.6,36334,120.2
158,158,North Carolina,NC,Sampson,Democrat,Hillary Clinton,0.657,16.0,52.2,75.0,50.8,36496,67.1
159,159,North Carolina,NC,Sampson,Democrat,Bernie Sanders,0.26899999999999996,16.0,52.2,75.0,50.8,36496,67.1
160,160,North Carolina,NC,Scotland,Democrat,Hillary Clinton,0.63,16.1,44.6,77.6,50.8,29592,113.4
161,161,North Carolina,NC,Scotland,Democrat,Bernie Sanders,0.26899999999999996,16.1,44.6,77.6,50.8,29592,113.4
162,162,North Carolina,NC,Stanly,Democrat,Hillary Clinton,0.491,17.6,81.5,80.6,50.2,42518,153.3
163,163,North Carolina,NC,Stanly,Democrat,Bernie Sanders,0.414,17.6,81.5,80.6,50.2,42518,153.3
164,164,North Carolina,NC,Stokes,Democrat,Hillary Clinton,0.478,19.1,91.4,81.1,50.9,42703,105.6
165,165,North Carolina,NC,Stokes,Democrat,Bernie Sanders,0.44,19.1,91.4,81.1,50.9,42703,105.6
166,166,North Carolina,NC,Surry,Democrat,Hillary Clinton,0.475,18.9,84.3,75.3,51.1,35641,138.4
167,167,North Carolina,NC,Surry,Democrat,Bernie Sanders,0.44,18.9,84.3,75.3,51.1,35641,138.4
168,168,North Carolina,NC,Swain,Democrat,Bernie Sanders,0.512,18.5,63.6,82.1,51.7,36094,26.5
169,169,North Carolina,NC,Swain,Democrat,Hillary Clinton,0.41,18.5,63.6,82.1,51.7,36094,26.5
170,170,North Carolina,NC,Transylvania,Democrat,Bernie Sanders,0.499,28.5,90.3,88.4,51.6,41781,87.4
171,171,North Carolina,NC,Transylvania,Democrat,Hillary Clinton,0.45799999999999996,28.5,90.3,88.4,51.6,41781,87.4
172,172,North Carolina,NC,Tyrrell,Democrat,Hillary Clinton,0.493,19.4,53.3,71.5,46.3,34216,11.3
173,173,North Carolina,NC,Tyrrell,Democrat,Bernie Sanders,0.365,19.4,53.3,71.5,46.3,34216,11.3
174,174,North Carolina,NC,Union,Democrat,Hillary Clinton,0.5579999999999999,11.3,73.5,87.8,50.6,65892,318.7
175,175,North Carolina,NC,Union,Democrat,Bernie Sanders,0.406,11.3,73.5,87.8,50.6,65892,318.7
176,176,North Carolina,NC,Vance,Democrat,Hillary Clinton,0.64,16.4,40.9,75.6,53.2,34987,179.2
177,177,North Carolina,NC,Vance,Democrat,Bernie Sanders,0.28,16.4,40.9,75.6,53.2,34987,179.2
178,178,North Carolina,NC,Wake,Democrat,Hillary Clinton,0.534,10.0,61.0,91.6,51.3,66006,1078.8
179,179,North Carolina,NC,Wake,Democrat,Bernie Sanders,0.44799999999999995,10.0,61.0,91.6,51.3,66006,1078.8
180,180,North Carolina,NC,Warren,Democrat,Hillary Clinton,0.7,21.5,38.4,76.5,49.5,34285,48.9
181,181,North Carolina,NC,Warren,Democrat,Bernie Sanders,0.245,21.5,38.4,76.5,49.5,34285,48.9
182,182,North Carolina,NC,Washington,Democrat,Hillary Clinton,0.621,21.1,45.3,79.0,53.0,34936,38.0
183,183,North Carolina,NC,Washington,Democrat,Bernie Sanders,0.27,21.1,45.3,79.0,53.0,34936,38.0
184,184,North Carolina,NC,Watauga,Democrat,Bernie Sanders,0.685,14.2,92.1,89.0,50.0,34293,163.4
185,185,North Carolina,NC,Watauga,Democrat,Hillary Clinton,0.29600000000000004,14.2,92.1,89.0,50.0,34293,163.4
186,186,North Carolina,NC,Wayne,Democrat,Hillary Clinton,0.625,14.5,54.4,81.7,50.8,41731,221.7
187,187,North Carolina,NC,Wayne,Democrat,Bernie Sanders,0.295,14.5,54.4,81.7,50.8,41731,221.7
188,188,North Carolina,NC,Wilkes,Democrat,Hillary Clinton,0.504,19.9,88.2,74.2,50.7,33159,91.9
189,189,North Carolina,NC,Wilkes,Democrat,Bernie Sanders,0.426,19.9,88.2,74.2,50.7,33159,91.9
190,190,North Carolina,NC,Wilson,Democrat,Hillary Clinton,0.642,16.3,48.4,78.5,52.6,39204,220.6
191,191,North Carolina,NC,Wilson,Democrat,Bernie Sanders,0.294,16.3,48.4,78.5,52.6,39204,220.6
192,192,North Carolina,NC,Yadkin,Democrat,Hillary Clinton,0.48,18.3,84.7,78.8,50.4,40371,114.7
193,193,North Carolina,NC,Yadkin,Democrat,Bernie Sanders,0.452,18.3,84.7,78.8,50.4,40371,114.7
194,194,North Carolina,NC,Yancey,Democrat,Bernie Sanders,0.495,23.5,92.8,83.2,50.8,38579,57.0
195,195,North Carolina,NC,Yancey,Democrat,Hillary Clinton,0.405,23.5,92.8,83.2,50.8,38579,57.0
196,0,North Carolina,NC,Alamance,Republican,Ted Cruz,0.409,16.1,65.7,83.0,52.3,43043,356.5
197,1,North Carolina,NC,Alamance,Republican,Donald Trump,0.38299999999999995,16.1,65.7,83.0,52.3,43043,356.5
198,2,North Carolina,NC,Alamance,Republican,John Kasich,0.105,16.1,65.7,83.0,52.3,43043,356.5
199,3,North Carolina,NC,Alamance,Republican,Marco Rubio,0.076,16.1,65.7,83.0,52.3,43043,356.5
200,4,North Carolina,NC,Alexander,Republican,Ted Cruz,0.455,18.9,87.3,79.3,49.2,40637,143.1
201,5,North Carolina,NC,Alexander,Republican,Donald Trump,0.419,18.9,87.3,79.3,49.2,40637,143.1
202,6,North Carolina,NC,Alexander,Republican,John Kasich,0.06,18.9,87.3,79.3,49.2,40637,143.1
203,7,North Carolina,NC,Alexander,Republican,Marco Rubio,0.039,18.9,87.3,79.3,49.2,40637,143.1
204,8,North Carolina,NC,Alleghany,Republican,Donald Trump,0.49700000000000005,24.5,87.0,79.4,50.3,35170,47.5
205,9,North Carolina,NC,Alleghany,Republican,Ted Cruz,0.315,24.5,87.0,79.4,50.3,35170,47.5
206,10,North Carolina,NC,Alleghany,Republican,John Kasich,0.1,24.5,87.0,79.4,50.3,35170,47.5
207,11,North Carolina,NC,Alleghany,Republican,Marco Rubio,0.062,24.5,87.0,79.4,50.3,35170,47.5
208,12,North Carolina,NC,Anson,Republican,Donald Trump,0.5,16.4,45.5,76.3,48.2,33870,50.7
209,13,North Carolina,NC,Anson,Republican,Ted Cruz,0.36200000000000004,16.4,45.5,76.3,48.2,33870,50.7
210,14,North Carolina,NC,Anson,Republican,John Kasich,0.059000000000000004,16.4,45.5,76.3,48.2,33870,50.7
211,15,North Carolina,NC,Anson,Republican,Marco Rubio,0.052000000000000005,16.4,45.5,76.3,48.2,33870,50.7
212,16,North Carolina,NC,Ashe,Republican,Donald Trump,0.447,23.6,92.4,81.4,50.4,35951,64.0
213,17,North Carolina,NC,Ashe,Republican,Ted Cruz,0.35600000000000004,23.6,92.4,81.4,50.4,35951,64.0
214,18,North Carolina,NC,Ashe,Republican,John Kasich,0.099,23.6,92.4,81.4,50.4,35951,64.0
215,19,North Carolina,NC,Ashe,Republican,Marco Rubio,0.064,23.6,92.4,81.4,50.4,35951,64.0
216,20,North Carolina,NC,Avery,Republican,Donald Trump,0.426,20.3,89.2,81.5,45.5,36969,72.0
217,21,North Carolina,NC,Avery,Republican,Ted Cruz,0.349,20.3,89.2,81.5,45.5,36969,72.0
218,22,North Carolina,NC,Avery,Republican,John Kasich,0.1,20.3,89.2,81.5,45.5,36969,72.0
219,23,North Carolina,NC,Avery,Republican,Marco Rubio,0.071,20.3,89.2,81.5,45.5,36969,72.0
220,24,North Carolina,NC,Beaufort,Republican,Donald Trump,0.44299999999999995,21.6,66.0,81.7,51.9,40429,57.7
221,25,North Carolina,NC,Beaufort,Republican,Ted Cruz,0.377,21.6,66.0,81.7,51.9,40429,57.7
222,26,North Carolina,NC,Beaufort,Republican,John Kasich,0.099,21.6,66.0,81.7,51.9,40429,57.7
223,27,North Carolina,NC,Beaufort,Republican,Marco Rubio,0.052000000000000005,21.6,66.0,81.7,51.9,40429,57.7
224,28,North Carolina,NC,Bertie,Republican,Ted Cruz,0.52,19.8,35.2,72.6,49.9,30768,30.4
225,29,North Carolina,NC,Bertie,Republican,Donald Trump,0.382,19.8,35.2,72.6,49.9,30768,30.4
226,30,North Carolina,NC,Bertie,Republican,John Kasich,0.048,19.8,35.2,72.6,49.9,30768,30.4
227,31,North Carolina,NC,Bertie,Republican,Marco Rubio,0.033,19.8,35.2,72.6,49.9,30768,30.4
228,32,North Carolina,NC,Bladen,Republican,Donald Trump,0.569,18.7,54.6,74.7,51.8,30164,40.2
229,33,North Carolina,NC,Bladen,Republican,Ted Cruz,0.326,18.7,54.6,74.7,51.8,30164,40.2
230,34,North Carolina,NC,Bladen,Republican,Marco Rubio,0.039,18.7,54.6,74.7,51.8,30164,40.2
231,35,North Carolina,NC,Bladen,Republican,John Kasich,0.038,18.7,54.6,74.7,51.8,30164,40.2
232,36,North Carolina,NC,Brunswick,Republican,Donald Trump,0.525,27.0,81.4,86.3,51.4,46438,126.8
233,37,North Carolina,NC,Brunswick,Republican,Ted Cruz,0.20800000000000002,27.0,81.4,86.3,51.4,46438,126.8
234,38,North Carolina,NC,Brunswick,Republican,John Kasich,0.16399999999999998,27.0,81.4,86.3,51.4,46438,126.8
235,39,North Carolina,NC,Brunswick,Republican,Marco Rubio,0.079,27.0,81.4,86.3,51.4,46438,126.8
236,40,North Carolina,NC,Buncombe,Republican,Ted Cruz,0.419,18.1,83.7,89.0,52.0,44713,362.9
237,41,North Carolina,NC,Buncombe,Republican,Donald Trump,0.309,18.1,83.7,89.0,52.0,44713,362.9
238,42,North Carolina,NC,Buncombe,Republican,John Kasich,0.155,18.1,83.7,89.0,52.0,44713,362.9
239,43,North Carolina,NC,Buncombe,Republican,Marco Rubio,0.091,18.1,83.7,89.0,52.0,44713,362.9
240,44,North Carolina,NC,Burke,Republican,Donald Trump,0.441,18.4,82.1,76.7,50.1,37263,179.3
241,45,North Carolina,NC,Burke,Republican,Ted Cruz,0.37799999999999995,18.4,82.1,76.7,50.1,37263,179.3
242,46,North Carolina,NC,Burke,Republican,John Kasich,0.087,18.4,82.1,76.7,50.1,37263,179.3
243,47,North Carolina,NC,Burke,Republican,Marco Rubio,0.062,18.4,82.1,76.7,50.1,37263,179.3
244,48,North Carolina,NC,Cabarrus,Republican,Donald Trump,0.426,12.5,69.0,86.4,51.2,53551,492.1
245,49,North Carolina,NC,Cabarrus,Republican,Ted Cruz,0.381,12.5,69.0,86.4,51.2,53551,492.1
246,50,North Carolina,NC,Cabarrus,Republican,John Kasich,0.105,12.5,69.0,86.4,51.2,53551,492.1
247,51,North Carolina,NC,Cabarrus,Republican,Marco Rubio,0.065,12.5,69.0,86.4,51.2,53551,492.1
248,52,North Carolina,NC,Caldwell,Republican,Donald Trump,0.45399999999999996,17.8,88.0,75.7,50.6,34357,176.1
249,53,North Carolina,NC,Caldwell,Republican,Ted Cruz,0.371,17.8,88.0,75.7,50.6,34357,176.1
250,54,North Carolina,NC,Caldwell,Republican,John Kasich,0.083,17.8,88.0,75.7,50.6,34357,176.1
251,55,North Carolina,NC,Caldwell,Republican,Marco Rubio,0.057,17.8,88.0,75.7,50.6,34357,176.1
252,56,North Carolina,NC,Camden,Republican,Donald Trump,0.517,14.9,80.1,86.3,49.9,56607,41.5
253,57,North Carolina,NC,Camden,Republican,Ted Cruz,0.295,14.9,80.1,86.3,49.9,56607,41.5
254,58,North Carolina,NC,Camden,Republican,Marco Rubio,0.09699999999999999,14.9,80.1,86.3,49.9,56607,41.5
255,59,North Carolina,NC,Camden,Republican,John Kasich,0.065,14.9,80.1,86.3,49.9,56607,41.5
256,60,North Carolina,NC,Carteret,Republican,Donald Trump,0.515,21.8,86.2,88.3,50.7,46534,131.3
257,61,North Carolina,NC,Carteret,Republican,Ted Cruz,0.28600000000000003,21.8,86.2,88.3,50.7,46534,131.3
258,62,North Carolina,NC,Carteret,Republican,John Kasich,0.109,21.8,86.2,88.3,50.7,46534,131.3
259,63,North Carolina,NC,Carteret,Republican,Marco Rubio,0.061,21.8,86.2,88.3,50.7,46534,131.3
260,64,North Carolina,NC,Caswell,Republican,Donald Trump,0.49700000000000005,19.6,61.2,73.2,49.2,35315,55.8
261,65,North Carolina,NC,Caswell,Republican,Ted Cruz,0.392,19.6,61.2,73.2,49.2,35315,55.8
262,66,North Carolina,NC,Caswell,Republican,John Kasich,0.043,19.6,61.2,73.2,49.2,35315,55.8
263,67,North Carolina,NC,Caswell,Republican,Marco Rubio,0.040999999999999995,19.6,61.2,73.2,49.2,35315,55.8
264,68,North Carolina,NC,Catawba,Republican,Donald Trump,0.44,16.2,76.8,82.3,50.9,44332,387.1
265,69,North Carolina,NC,Catawba,Republican,Ted Cruz,0.38799999999999996,16.2,76.8,82.3,50.9,44332,387.1
266,70,North Carolina,NC,Catawba,Republican,John Kasich,0.094,16.2,76.8,82.3,50.9,44332,387.1
267,71,North Carolina,NC,Catawba,Republican,Marco Rubio,0.055,16.2,76.8,82.3,50.9,44332,387.1
268,72,North Carolina,NC,Chatham,Republican,Ted Cruz,0.38,23.6,71.4,85.8,52.1,57091,93.1
269,73,North Carolina,NC,Chatham,Republican,Donald Trump,0.348,23.6,71.4,85.8,52.1,57091,93.1
270,74,North Carolina,NC,Chatham,Republican,John Kasich,0.16899999999999998,23.6,71.4,85.8,52.1,57091,93.1
271,75,North Carolina,NC,Chatham,Republican,Marco Rubio,0.08,23.6,71.4,85.8,52.1,57091,93.1
272,76,North Carolina,NC,Cherokee,Republican,Donald Trump,0.504,26.7,91.6,81.9,51.3,34432,60.3
273,77,North Carolina,NC,Cherokee,Republican,Ted Cruz,0.325,26.7,91.6,81.9,51.3,34432,60.3
274,78,North Carolina,NC,Cherokee,Republican,John Kasich,0.08,26.7,91.6,81.9,51.3,34432,60.3
275,79,North Carolina,NC,Cherokee,Republican,Marco Rubio,0.062,26.7,91.6,81.9,51.3,34432,60.3
276,80,North Carolina,NC,Chowan,Republican,Donald Trump,0.435,22.4,60.8,79.7,52.4,34420,85.8
277,81,North Carolina,NC,Chowan,Republican,Ted Cruz,0.361,22.4,60.8,79.7,52.4,34420,85.8
278,82,North Carolina,NC,Chowan,Republican,John Kasich,0.11199999999999999,22.4,60.8,79.7,52.4,34420,85.8
279,83,North Carolina,NC,Chowan,Republican,Marco Rubio,0.068,22.4,60.8,79.7,52.4,34420,85.8
280,84,North Carolina,NC,Clay,Republican,Donald Trump,0.48100000000000004,28.2,94.0,86.9,50.8,38828,49.3
281,85,North Carolina,NC,Clay,Republican,Ted Cruz,0.34700000000000003,28.2,94.0,86.9,50.8,38828,49.3
282,86,North Carolina,NC,Clay,Republican,John Kasich,0.08,28.2,94.0,86.9,50.8,38828,49.3
283,87,North Carolina,NC,Clay,Republican,Marco Rubio,0.065,28.2,94.0,86.9,50.8,38828,49.3
284,88,North Carolina,NC,Cleveland,Republican,Donald Trump,0.447,17.1,73.5,82.0,51.8,38989,211.3
285,89,North Carolina,NC,Cleveland,Republican,Ted Cruz,0.408,17.1,73.5,82.0,51.8,38989,211.3
286,90,North Carolina,NC,Cleveland,Republican,John Kasich,0.07200000000000001,17.1,73.5,82.0,51.8,38989,211.3
287,91,North Carolina,NC,Cleveland,Republican,Marco Rubio,0.051,17.1,73.5,82.0,51.8,38989,211.3
288,92,North Carolina,NC,Columbus,Republican,Donald Trump,0.607,17.7,60.3,79.2,50.7,35761,62.0
289,93,North Carolina,NC,Columbus,Republican,Ted Cruz,0.27899999999999997,17.7,60.3,79.2,50.7,35761,62.0
290,94,North Carolina,NC,Columbus,Republican,John Kasich,0.051,17.7,60.3,79.2,50.7,35761,62.0
291,95,North Carolina,NC,Columbus,Republican,Marco Rubio,0.042,17.7,60.3,79.2,50.7,35761,62.0
292,96,North Carolina,NC,Craven,Republican,Donald Trump,0.447,17.1,66.3,87.2,49.2,47141,146.0
293,97,North Carolina,NC,Craven,Republican,Ted Cruz,0.342,17.1,66.3,87.2,49.2,47141,146.0
294,98,North Carolina,NC,Craven,Republican,John Kasich,0.114,17.1,66.3,87.2,49.2,47141,146.0
295,99,North Carolina,NC,Craven,Republican,Marco Rubio,0.07,17.1,66.3,87.2,49.2,47141,146.0
296,100,North Carolina,NC,Cumberland,Republican,Donald Trump,0.474,10.8,45.2,89.2,51.0,45231,489.7
297,101,North Carolina,NC,Cumberland,Republican,Ted Cruz,0.353,10.8,45.2,89.2,51.0,45231,489.7
298,102,North Carolina,NC,Cumberland,Republican,John Kasich,0.076,10.8,45.2,89.2,51.0,45231,489.7
299,103,North Carolina,NC,Cumberland,Republican,Marco Rubio,0.066,10.8,45.2,89.2,51.0,45231,489.7
300,104,North Carolina,NC,Dare,Republican,Donald Trump,0.501,18.7,87.9,91.5,50.6,55481,88.5
301,105,North Carolina,NC,Dare,Republican,Ted Cruz,0.21899999999999997,18.7,87.9,91.5,50.6,55481,88.5
302,106,North Carolina,NC,Dare,Republican,John Kasich,0.156,18.7,87.9,91.5,50.6,55481,88.5
303,107,North Carolina,NC,Dare,Republican,Marco Rubio,0.084,18.7,87.9,91.5,50.6,55481,88.5
304,108,North Carolina,NC,Davidson,Republican,Donald Trump,0.452,16.8,81.0,80.4,51.0,43083,294.7
305,109,North Carolina,NC,Davidson,Republican,Ted Cruz,0.386,16.8,81.0,80.4,51.0,43083,294.7
306,110,North Carolina,NC,Davidson,Republican,John Kasich,0.078,16.8,81.0,80.4,51.0,43083,294.7
307,111,North Carolina,NC,Davidson,Republican,Marco Rubio,0.055999999999999994,16.8,81.0,80.4,51.0,43083,294.7
308,112,North Carolina,NC,Davie,Republican,Donald Trump,0.41100000000000003,19.3,84.9,85.4,51.1,50139,156.2
309,113,North Carolina,NC,Davie,Republican,Ted Cruz,0.359,19.3,84.9,85.4,51.1,50139,156.2
310,114,North Carolina,NC,Davie,Republican,John Kasich,0.131,19.3,84.9,85.4,51.1,50139,156.2
311,115,North Carolina,NC,Davie,Republican,Marco Rubio,0.067,19.3,84.9,85.4,51.1,50139,156.2
312,116,North Carolina,NC,Duplin,Republican,Donald Trump,0.48100000000000004,15.8,51.8,71.4,50.8,34433,71.7
313,117,North Carolina,NC,Duplin,Republican,Ted Cruz,0.38799999999999996,15.8,51.8,71.4,50.8,34433,71.7
314,118,North Carolina,NC,Duplin,Republican,John Kasich,0.063,15.8,51.8,71.4,50.8,34433,71.7
315,119,North Carolina,NC,Duplin,Republican,Marco Rubio,0.043,15.8,51.8,71.4,50.8,34433,71.7
316,120,North Carolina,NC,Durham,Republican,Ted Cruz,0.377,11.1,42.2,86.9,52.1,51853,935.7
317,121,North Carolina,NC,Durham,Republican,Donald Trump,0.26899999999999996,11.1,42.2,86.9,52.1,51853,935.7
318,122,North Carolina,NC,Durham,Republican,John Kasich,0.20800000000000002,11.1,42.2,86.9,52.1,51853,935.7
319,123,North Carolina,NC,Durham,Republican,Marco Rubio,0.122,11.1,42.2,86.9,52.1,51853,935.7
320,124,North Carolina,NC,Edgecombe,Republican,Donald Trump,0.45399999999999996,16.9,37.0,79.5,53.6,33960,111.9
321,125,North Carolina,NC,Edgecombe,Republican,Ted Cruz,0.423,16.9,37.0,79.5,53.6,33960,111.9
322,126,North Carolina,NC,Edgecombe,Republican,Marco Rubio,0.055,16.9,37.0,79.5,53.6,33960,111.9
323,127,North Carolina,NC,Edgecombe,Republican,John Kasich,0.04,16.9,37.0,79.5,53.6,33960,111.9
324,128,North Carolina,NC,Forsyth,Republican,Ted Cruz,0.384,14.4,57.7,87.0,52.5,45724,859.2
325,129,North Carolina,NC,Forsyth,Republican,Donald Trump,0.33899999999999997,14.4,57.7,87.0,52.5,45724,859.2
326,130,North Carolina,NC,Forsyth,Republican,John Kasich,0.17300000000000001,14.4,57.7,87.0,52.5,45724,859.2
327,131,North Carolina,NC,Forsyth,Republican,Marco Rubio,0.083,14.4,57.7,87.0,52.5,45724,859.2
328,132,North Carolina,NC,Franklin,Republican,Ted Cruz,0.467,15.2,63.5,81.2,50.4,41696,123.3
329,133,North Carolina,NC,Franklin,Republican,Donald Trump,0.405,15.2,63.5,81.2,50.4,41696,123.3
330,134,North Carolina,NC,Franklin,Republican,John Kasich,0.062,15.2,63.5,81.2,50.4,41696,123.3
331,135,North Carolina,NC,Franklin,Republican,Marco Rubio,0.044000000000000004,15.2,63.5,81.2,50.4,41696,123.3
332,136,North Carolina,NC,Gaston,Republican,Donald Trump,0.45399999999999996,15.1,74.6,81.0,51.6,42017,578.8
333,137,North Carolina,NC,Gaston,Republican,Ted Cruz,0.368,15.1,74.6,81.0,51.6,42017,578.8
334,138,North Carolina,NC,Gaston,Republican,John Kasich,0.084,15.1,74.6,81.0,51.6,42017,578.8
335,139,North Carolina,NC,Gaston,Republican,Marco Rubio,0.07,15.1,74.6,81.0,51.6,42017,578.8
336,140,North Carolina,NC,Gates,Republican,Donald Trump,0.519,17.8,62.3,83.3,51.2,46592,35.8
337,141,North Carolina,NC,Gates,Republican,Ted Cruz,0.342,17.8,62.3,83.3,51.2,46592,35.8
338,142,North Carolina,NC,Gates,Republican,Marco Rubio,0.06,17.8,62.3,83.3,51.2,46592,35.8
339,143,North Carolina,NC,Gates,Republican,John Kasich,0.046,17.8,62.3,83.3,51.2,46592,35.8
340,144,North Carolina,NC,Graham,Republican,Donald Trump,0.518,22.3,87.5,78.6,50.6,33903,30.3
341,145,North Carolina,NC,Graham,Republican,Ted Cruz,0.33,22.3,87.5,78.6,50.6,33903,30.3
342,146,North Carolina,NC,Graham,Republican,John Kasich,0.062,22.3,87.5,78.6,50.6,33903,30.3
343,147,North Carolina,NC,Graham,Republican,Marco Rubio,0.061,22.3,87.5,78.6,50.6,33903,30.3
344,148,North Carolina,NC,Granville,Republican,Donald Trump,0.433,15.3,58.5,81.1,49.0,49852,112.7
345,149,North Carolina,NC,Granville,Republican,Ted Cruz,0.426,15.3,58.5,81.1,49.0,49852,112.7
346,150,North Carolina,NC,Granville,Republican,John Kasich,0.062,15.3,58.5,81.1,49.0,49852,112.7
347,151,North Carolina,NC,Granville,Republican,Marco Rubio,0.05,15.3,58.5,81.1,49.0,49852,112.7
348,152,North Carolina,NC,Greene,Republican,Ted Cruz,0.479,14.8,47.7,76.0,45.8,40853,80.3
349,153,North Carolina,NC,Greene,Republican,Donald Trump,0.428,14.8,47.7,76.0,45.8,40853,80.3
350,154,North Carolina,NC,Greene,Republican,John Kasich,0.045,14.8,47.7,76.0,45.8,40853,80.3
351,155,North Carolina,NC,Greene,Republican,Marco Rubio,0.033,14.8,47.7,76.0,45.8,40853,80.3
352,156,North Carolina,NC,Guilford,Republican,Ted Cruz,0.38,13.8,52.3,87.9,52.5,45431,756.4
353,157,North Carolina,NC,Guilford,Republican,Donald Trump,0.345,13.8,52.3,87.9,52.5,45431,756.4
354,158,North Carolina,NC,Guilford,Republican,John Kasich,0.16,13.8,52.3,87.9,52.5,45431,756.4
355,159,North Carolina,NC,Guilford,Republican,Marco Rubio,0.08900000000000001,13.8,52.3,87.9,52.5,45431,756.4
356,160,North Carolina,NC,Halifax,Republican,Donald Trump,0.515,18.3,39.1,75.8,52.2,32329,75.5
357,161,North Carolina,NC,Halifax,Republican,Ted Cruz,0.331,18.3,39.1,75.8,52.2,32329,75.5
358,162,North Carolina,NC,Halifax,Republican,John Kasich,0.067,18.3,39.1,75.8,52.2,32329,75.5
359,163,North Carolina,NC,Halifax,Republican,Marco Rubio,0.055,18.3,39.1,75.8,52.2,32329,75.5
360,164,North Carolina,NC,Harnett,Republican,Donald Trump,0.44299999999999995,11.2,62.7,84.4,50.5,44625,192.7
361,165,North Carolina,NC,Harnett,Republican,Ted Cruz,0.418,11.2,62.7,84.4,50.5,44625,192.7
362,166,North Carolina,NC,Harnett,Republican,John Kasich,0.059000000000000004,11.2,62.7,84.4,50.5,44625,192.7
363,167,North Carolina,NC,Harnett,Republican,Marco Rubio,0.055999999999999994,11.2,62.7,84.4,50.5,44625,192.7
364,168,North Carolina,NC,Haywood,Republican,Donald Trump,0.39799999999999996,23.7,93.2,86.1,51.9,41557,106.6
365,169,North Carolina,NC,Haywood,Republican,Ted Cruz,0.381,23.7,93.2,86.1,51.9,41557,106.6
366,170,North Carolina,NC,Haywood,Republican,John Kasich,0.113,23.7,93.2,86.1,51.9,41557,106.6
367,171,North Carolina,NC,Haywood,Republican,Marco Rubio,0.079,23.7,93.2,86.1,51.9,41557,106.6
368,172,North Carolina,NC,Henderson,Republican,Ted Cruz,0.401,24.5,83.9,87.5,51.7,44815,286.1
369,173,North Carolina,NC,Henderson,Republican,Donald Trump,0.337,24.5,83.9,87.5,51.7,44815,286.1
370,174,North Carolina,NC,Henderson,Republican,John Kasich,0.155,24.5,83.9,87.5,51.7,44815,286.1
371,175,North Carolina,NC,Henderson,Republican,Marco Rubio,0.085,24.5,83.9,87.5,51.7,44815,286.1
372,176,North Carolina,NC,Hertford,Republican,Donald Trump,0.486,17.5,33.9,77.5,50.6,33406,69.9
373,177,North Carolina,NC,Hertford,Republican,Ted Cruz,0.345,17.5,33.9,77.5,50.6,33406,69.9
374,178,North Carolina,NC,Hertford,Republican,John Kasich,0.064,17.5,33.9,77.5,50.6,33406,69.9
375,179,North Carolina,NC,Hertford,Republican,Marco Rubio,0.057,17.5,33.9,77.5,50.6,33406,69.9
376,180,North Carolina,NC,Hoke,Republican,Donald Trump,0.49700000000000005,8.4,41.2,84.0,50.6,45489,120.2
377,181,North Carolina,NC,Hoke,Republican,Ted Cruz,0.35700000000000004,8.4,41.2,84.0,50.6,45489,120.2
378,182,North Carolina,NC,Hoke,Republican,Marco Rubio,0.062,8.4,41.2,84.0,50.6,45489,120.2
379,183,North Carolina,NC,Hoke,Republican,John Kasich,0.05,8.4,41.2,84.0,50.6,45489,120.2
380,184,North Carolina,NC,Hyde,Republican,Donald Trump,0.525,17.7,60.9,78.8,44.5,42279,9.5
381,185,North Carolina,NC,Hyde,Republican,Ted Cruz,0.33299999999999996,17.7,60.9,78.8,44.5,42279,9.5
382,186,North Carolina,NC,Hyde,Republican,John Kasich,0.08,17.7,60.9,78.8,44.5,42279,9.5
383,187,North Carolina,NC,Hyde,Republican,Marco Rubio,0.046,17.7,60.9,78.8,44.5,42279,9.5
384,188,North Carolina,NC,Iredell,Republican,Donald Trump,0.462,14.6,76.8,85.9,50.8,50329,277.8
385,189,North Carolina,NC,Iredell,Republican,Ted Cruz,0.337,14.6,76.8,85.9,50.8,50329,277.8
386,190,North Carolina,NC,Iredell,Republican,John Kasich,0.11199999999999999,14.6,76.8,85.9,50.8,50329,277.8
387,191,North Carolina,NC,Iredell,Republican,Marco Rubio,0.064,14.6,76.8,85.9,50.8,50329,277.8
388,192,North Carolina,NC,Jackson,Republican,Donald Trump,0.395,17.7,81.4,85.0,50.9,36951,82.1
389,193,North Carolina,NC,Jackson,Republican,Ted Cruz,0.349,17.7,81.4,85.0,50.9,36951,82.1
390,194,North Carolina,NC,Jackson,Republican,John Kasich,0.133,17.7,81.4,85.0,50.9,36951,82.1
391,195,North Carolina,NC,Jackson,Republican,Marco Rubio,0.092,17.7,81.4,85.0,50.9,36951,82.1
392,196,North Carolina,NC,Johnston,Republican,Ted Cruz,0.441,12.3,68.9,83.2,50.9,49711,213.4
393,197,North Carolina,NC,Johnston,Republican,Donald Trump,0.415,12.3,68.9,83.2,50.9,49711,213.4
394,198,North Carolina,NC,Johnston,Republican,John Kasich,0.064,12.3,68.9,83.2,50.9,49711,213.4
395,199,North Carolina,NC,Johnston,Republican,Marco Rubio,0.055,12.3,68.9,83.2,50.9,49711,213.4
396,200,North Carolina,NC,Jones,Republican,Donald Trump,0.52,21.7,62.1,83.8,51.3,36213,21.6
397,201,North Carolina,NC,Jones,Republican,Ted Cruz,0.369,21.7,62.1,83.8,51.3,36213,21.6
398,202,North Carolina,NC,Jones,Republican,John Kasich,0.05,21.7,62.1,83.8,51.3,36213,21.6
399,203,North Carolina,NC,Jones,Republican,Marco Rubio,0.034,21.7,62.1,83.8,51.3,36213,21.6
400,204,North Carolina,NC,Lee,Republican,Donald Trump,0.42100000000000004,15.0,58.3,80.2,50.8,44819,227.0
401,205,North Carolina,NC,Lee,Republican,Ted Cruz,0.39399999999999996,15.0,58.3,80.2,50.8,44819,227.0
402,206,North Carolina,NC,Lee,Republican,John Kasich,0.094,15.0,58.3,80.2,50.8,44819,227.0
403,207,North Carolina,NC,Lee,Republican,Marco Rubio,0.068,15.0,58.3,80.2,50.8,44819,227.0
404,208,North Carolina,NC,Lenoir,Republican,Donald Trump,0.457,17.9,50.1,79.0,52.2,35770,148.5
405,209,North Carolina,NC,Lenoir,Republican,Ted Cruz,0.379,17.9,50.1,79.0,52.2,35770,148.5
406,210,North Carolina,NC,Lenoir,Republican,Marco Rubio,0.071,17.9,50.1,79.0,52.2,35770,148.5
407,211,North Carolina,NC,Lenoir,Republican,John Kasich,0.065,17.9,50.1,79.0,52.2,35770,148.5
408,212,North Carolina,NC,Lincoln,Republican,Donald Trump,0.45799999999999996,15.9,85.2,83.6,50.2,48940,262.7
409,213,North Carolina,NC,Lincoln,Republican,Ted Cruz,0.364,15.9,85.2,83.6,50.2,48940,262.7
410,214,North Carolina,NC,Lincoln,Republican,John Kasich,0.08800000000000001,15.9,85.2,83.6,50.2,48940,262.7
411,215,North Carolina,NC,Lincoln,Republican,Marco Rubio,0.068,15.9,85.2,83.6,50.2,48940,262.7
412,216,North Carolina,NC,Macon,Republican,Donald Trump,0.449,26.4,89.7,85.7,51.4,37892,65.8
413,217,North Carolina,NC,Macon,Republican,Ted Cruz,0.313,26.4,89.7,85.7,51.4,37892,65.8
414,218,North Carolina,NC,Macon,Republican,John Kasich,0.12300000000000001,26.4,89.7,85.7,51.4,37892,65.8
415,219,North Carolina,NC,Macon,Republican,Marco Rubio,0.08199999999999999,26.4,89.7,85.7,51.4,37892,65.8
416,220,North Carolina,NC,Madison,Republican,Ted Cruz,0.414,19.8,93.6,80.8,50.3,38598,46.2
417,221,North Carolina,NC,Madison,Republican,Donald Trump,0.4,19.8,93.6,80.8,50.3,38598,46.2
418,222,North Carolina,NC,Madison,Republican,John Kasich,0.087,19.8,93.6,80.8,50.3,38598,46.2
419,223,North Carolina,NC,Madison,Republican,Marco Rubio,0.071,19.8,93.6,80.8,50.3,38598,46.2
420,224,North Carolina,NC,Martin,Republican,Ted Cruz,0.461,20.6,52.2,81.5,53.0,35111,53.1
421,225,North Carolina,NC,Martin,Republican,Donald Trump,0.424,20.6,52.2,81.5,53.0,35111,53.1
422,226,North Carolina,NC,Martin,Republican,John Kasich,0.049,20.6,52.2,81.5,53.0,35111,53.1
423,227,North Carolina,NC,Martin,Republican,Marco Rubio,0.044000000000000004,20.6,52.2,81.5,53.0,35111,53.1
424,228,North Carolina,NC,McDowell,Republican,Donald Trump,0.41200000000000003,18.5,88.4,80.8,49.8,35297,102.1
425,229,North Carolina,NC,McDowell,Republican,Ted Cruz,0.391,18.5,88.4,80.8,49.8,35297,102.1
426,230,North Carolina,NC,McDowell,Republican,John Kasich,0.087,18.5,88.4,80.8,49.8,35297,102.1
427,231,North Carolina,NC,McDowell,Republican,Marco Rubio,0.07200000000000001,18.5,88.4,80.8,49.8,35297,102.1
428,232,North Carolina,NC,Mecklenburg,Republican,Donald Trump,0.325,10.0,48.8,88.8,51.9,55444,1755.5
429,233,North Carolina,NC,Mecklenburg,Republican,Ted Cruz,0.302,10.0,48.8,88.8,51.9,55444,1755.5
430,234,North Carolina,NC,Mecklenburg,Republican,John Kasich,0.228,10.0,48.8,88.8,51.9,55444,1755.5
431,235,North Carolina,NC,Mecklenburg,Republican,Marco Rubio,0.121,10.0,48.8,88.8,51.9,55444,1755.5
432,236,North Carolina,NC,Mitchell,Republican,Donald Trump,0.46799999999999997,23.4,93.1,81.3,50.5,37680,70.4
433,237,North Carolina,NC,Mitchell,Republican,Ted Cruz,0.313,23.4,93.1,81.3,50.5,37680,70.4
434,238,North Carolina,NC,Mitchell,Republican,John Kasich,0.106,23.4,93.1,81.3,50.5,37680,70.4
435,239,North Carolina,NC,Mitchell,Republican,Marco Rubio,0.069,23.4,93.1,81.3,50.5,37680,70.4
436,240,North Carolina,NC,Montgomery,Republican,Donald Trump,0.518,18.5,63.7,71.8,51.4,31830,56.5
437,241,North Carolina,NC,Montgomery,Republican,Ted Cruz,0.325,18.5,63.7,71.8,51.4,31830,56.5
438,242,North Carolina,NC,Montgomery,Republican,John Kasich,0.077,18.5,63.7,71.8,51.4,31830,56.5
439,243,North Carolina,NC,Montgomery,Republican,Marco Rubio,0.046,18.5,63.7,71.8,51.4,31830,56.5
440,244,North Carolina,NC,Moore,Republican,Donald Trump,0.40700000000000003,23.8,77.3,89.7,52.0,49544,126.5
441,245,North Carolina,NC,Moore,Republican,Ted Cruz,0.32899999999999996,23.8,77.3,89.7,52.0,49544,126.5
442,246,North Carolina,NC,Moore,Republican,John Kasich,0.172,23.8,77.3,89.7,52.0,49544,126.5
443,247,North Carolina,NC,Moore,Republican,Marco Rubio,0.065,23.8,77.3,89.7,52.0,49544,126.5
444,248,North Carolina,NC,Nash,Republican,Ted Cruz,0.428,16.4,51.6,83.1,51.9,43084,177.3
445,249,North Carolina,NC,Nash,Republican,Donald Trump,0.41,16.4,51.6,83.1,51.9,43084,177.3
446,250,North Carolina,NC,Nash,Republican,John Kasich,0.071,16.4,51.6,83.1,51.9,43084,177.3
447,251,North Carolina,NC,Nash,Republican,Marco Rubio,0.063,16.4,51.6,83.1,51.9,43084,177.3
448,252,North Carolina,NC,Northampton,Republican,Donald Trump,0.541,23.0,38.3,72.9,51.8,31433,41.2
449,253,North Carolina,NC,Northampton,Republican,Ted Cruz,0.314,23.0,38.3,72.9,51.8,31433,41.2
450,254,North Carolina,NC,Northampton,Republican,John Kasich,0.057999999999999996,23.0,38.3,72.9,51.8,31433,41.2
451,255,North Carolina,NC,Northampton,Republican,Marco Rubio,0.05,23.0,38.3,72.9,51.8,31433,41.2
452,256,North Carolina,NC,Onslow,Republican,Donald Trump,0.484,8.4,66.9,90.2,45.4,45450,233.1
453,257,North Carolina,NC,Onslow,Republican,Ted Cruz,0.33,8.4,66.9,90.2,45.4,45450,233.1
454,258,North Carolina,NC,Onslow,Republican,John Kasich,0.086,8.4,66.9,90.2,45.4,45450,233.1
455,259,North Carolina,NC,Onslow,Republican,Marco Rubio,0.067,8.4,66.9,90.2,45.4,45450,233.1
456,260,North Carolina,NC,Orange,Republican,Ted Cruz,0.342,11.2,69.6,91.0,52.2,55569,336.2
457,261,North Carolina,NC,Orange,Republican,Donald Trump,0.275,11.2,69.6,91.0,52.2,55569,336.2
458,262,North Carolina,NC,Orange,Republican,John Kasich,0.22,11.2,69.6,91.0,52.2,55569,336.2
459,263,North Carolina,NC,Orange,Republican,Marco Rubio,0.13699999999999998,11.2,69.6,91.0,52.2,55569,336.2
460,264,North Carolina,NC,Pamlico,Republican,Donald Trump,0.509,26.0,74.1,85.7,48.7,43853,39.1
461,265,North Carolina,NC,Pamlico,Republican,Ted Cruz,0.28300000000000003,26.0,74.1,85.7,48.7,43853,39.1
462,266,North Carolina,NC,Pamlico,Republican,John Kasich,0.11800000000000001,26.0,74.1,85.7,48.7,43853,39.1
463,267,North Carolina,NC,Pamlico,Republican,Marco Rubio,0.064,26.0,74.1,85.7,48.7,43853,39.1
464,268,North Carolina,NC,Pasquotank,Republican,Donald Trump,0.47200000000000003,15.5,54.9,83.7,50.8,46053,179.2
465,269,North Carolina,NC,Pasquotank,Republican,Ted Cruz,0.325,15.5,54.9,83.7,50.8,46053,179.2
466,270,North Carolina,NC,Pasquotank,Republican,John Kasich,0.095,15.5,54.9,83.7,50.8,46053,179.2
467,271,North Carolina,NC,Pasquotank,Republican,Marco Rubio,0.08199999999999999,15.5,54.9,83.7,50.8,46053,179.2
468,272,North Carolina,NC,Pender,Republican,Donald Trump,0.525,17.1,74.4,86.7,50.0,44524,60.0
469,273,North Carolina,NC,Pender,Republican,Ted Cruz,0.289,17.1,74.4,86.7,50.0,44524,60.0
470,274,North Carolina,NC,Pender,Republican,John Kasich,0.099,17.1,74.4,86.7,50.0,44524,60.0
471,275,North Carolina,NC,Pender,Republican,Marco Rubio,0.063,17.1,74.4,86.7,50.0,44524,60.0
472,276,North Carolina,NC,Perquimans,Republican,Donald Trump,0.441,24.3,71.4,83.7,51.9,43709,54.4
473,277,North Carolina,NC,Perquimans,Republican,Ted Cruz,0.322,24.3,71.4,83.7,51.9,43709,54.4
474,278,North Carolina,NC,Perquimans,Republican,John Kasich,0.12300000000000001,24.3,71.4,83.7,51.9,43709,54.4
475,279,North Carolina,NC,Perquimans,Republican,Marco Rubio,0.08199999999999999,24.3,71.4,83.7,51.9,43709,54.4
476,280,North Carolina,NC,Person,Republican,Donald Trump,0.457,17.5,66.4,83.0,51.4,42317,100.6
477,281,North Carolina,NC,Person,Republican,Ted Cruz,0.419,17.5,66.4,83.0,51.4,42317,100.6
478,282,North Carolina,NC,Person,Republican,Marco Rubio,0.052000000000000005,17.5,66.4,83.0,51.4,42317,100.6
479,283,North Carolina,NC,Person,Republican,John Kasich,0.048,17.5,66.4,83.0,51.4,42317,100.6
480,284,North Carolina,NC,Pitt,Republican,Ted Cruz,0.42700000000000005,11.3,56.2,85.8,52.8,40718,257.9
481,285,North Carolina,NC,Pitt,Republican,Donald Trump,0.361,11.3,56.2,85.8,52.8,40718,257.9
482,286,North Carolina,NC,Pitt,Republican,John Kasich,0.107,11.3,56.2,85.8,52.8,40718,257.9
483,287,North Carolina,NC,Pitt,Republican,Marco Rubio,0.075,11.3,56.2,85.8,52.8,40718,257.9
484,288,North Carolina,NC,Polk,Republican,Donald Trump,0.462,27.5,88.1,87.0,52.2,44745,86.3
485,289,North Carolina,NC,Polk,Republican,Ted Cruz,0.32299999999999995,27.5,88.1,87.0,52.2,44745,86.3
486,290,North Carolina,NC,Polk,Republican,John Kasich,0.129,27.5,88.1,87.0,52.2,44745,86.3
487,291,North Carolina,NC,Polk,Republican,Marco Rubio,0.061,27.5,88.1,87.0,52.2,44745,86.3
488,292,North Carolina,NC,Randolph,Republican,Donald Trump,0.428,16.1,80.1,78.0,50.6,41208,181.1
489,293,North Carolina,NC,Randolph,Republican,Ted Cruz,0.423,16.1,80.1,78.0,50.6,41208,181.1
490,294,North Carolina,NC,Randolph,Republican,John Kasich,0.069,16.1,80.1,78.0,50.6,41208,181.1
491,295,North Carolina,NC,Randolph,Republican,Marco Rubio,0.053,16.1,80.1,78.0,50.6,41208,181.1
492,296,North Carolina,NC,Richmond,Republican,Donald Trump,0.551,16.1,57.6,80.1,51.1,32384,98.4
493,297,North Carolina,NC,Richmond,Republican,Ted Cruz,0.317,16.1,57.6,80.1,51.1,32384,98.4
494,298,North Carolina,NC,Richmond,Republican,John Kasich,0.057999999999999996,16.1,57.6,80.1,51.1,32384,98.4
495,299,North Carolina,NC,Richmond,Republican,Marco Rubio,0.049,16.1,57.6,80.1,51.1,32384,98.4
496,300,North Carolina,NC,Robeson,Republican,Donald Trump,0.508,13.0,26.6,71.5,51.6,29806,141.3
497,301,North Carolina,NC,Robeson,Republican,Ted Cruz,0.324,13.0,26.6,71.5,51.6,29806,141.3
498,302,North Carolina,NC,Robeson,Republican,Marco Rubio,0.067,13.0,26.6,71.5,51.6,29806,141.3
499,303,North Carolina,NC,Robeson,Republican,John Kasich,0.052000000000000005,13.0,26.6,71.5,51.6,29806,141.3
500,304,North Carolina,NC,Rockingham,Republican,Donald Trump,0.44,18.4,72.9,79.0,51.7,38567,165.6
501,305,North Carolina,NC,Rockingham,Republican,Ted Cruz,0.39899999999999997,18.4,72.9,79.0,51.7,38567,165.6
502,306,North Carolina,NC,Rockingham,Republican,John Kasich,0.069,18.4,72.9,79.0,51.7,38567,165.6
503,307,North Carolina,NC,Rockingham,Republican,Marco Rubio,0.063,18.4,72.9,79.0,51.7,38567,165.6
504,308,North Carolina,NC,Rowan,Republican,Donald Trump,0.461,16.3,72.9,81.0,50.7,41495,270.7
505,309,North Carolina,NC,Rowan,Republican,Ted Cruz,0.371,16.3,72.9,81.0,50.7,41495,270.7
506,310,North Carolina,NC,Rowan,Republican,John Kasich,0.08800000000000001,16.3,72.9,81.0,50.7,41495,270.7
507,311,North Carolina,NC,Rowan,Republican,Marco Rubio,0.054000000000000006,16.3,72.9,81.0,50.7,41495,270.7
508,312,North Carolina,NC,Rutherford,Republican,Donald Trump,0.491,19.5,83.8,81.6,51.6,36334,120.2
509,313,North Carolina,NC,Rutherford,Republican,Ted Cruz,0.34299999999999997,19.5,83.8,81.6,51.6,36334,120.2
510,314,North Carolina,NC,Rutherford,Republican,John Kasich,0.081,19.5,83.8,81.6,51.6,36334,120.2
511,315,North Carolina,NC,Rutherford,Republican,Marco Rubio,0.064,19.5,83.8,81.6,51.6,36334,120.2
512,316,North Carolina,NC,Sampson,Republican,Donald Trump,0.48100000000000004,16.0,52.2,75.0,50.8,36496,67.1
513,317,North Carolina,NC,Sampson,Republican,Ted Cruz,0.4,16.0,52.2,75.0,50.8,36496,67.1
514,318,North Carolina,NC,Sampson,Republican,John Kasich,0.052000000000000005,16.0,52.2,75.0,50.8,36496,67.1
515,319,North Carolina,NC,Sampson,Republican,Marco Rubio,0.040999999999999995,16.0,52.2,75.0,50.8,36496,67.1
516,320,North Carolina,NC,Scotland,Republican,Donald Trump,0.489,16.1,44.6,77.6,50.8,29592,113.4
517,321,North Carolina,NC,Scotland,Republican,Ted Cruz,0.316,16.1,44.6,77.6,50.8,29592,113.4
518,322,North Carolina,NC,Scotland,Republican,John Kasich,0.091,16.1,44.6,77.6,50.8,29592,113.4
519,323,North Carolina,NC,Scotland,Republican,Marco Rubio,0.064,16.1,44.6,77.6,50.8,29592,113.4
520,324,North Carolina,NC,Stanly,Republican,Donald Trump,0.49200000000000005,17.6,81.5,80.6,50.2,42518,153.3
521,325,North Carolina,NC,Stanly,Republican,Ted Cruz,0.341,17.6,81.5,80.6,50.2,42518,153.3
522,326,North Carolina,NC,Stanly,Republican,John Kasich,0.071,17.6,81.5,80.6,50.2,42518,153.3
523,327,North Carolina,NC,Stanly,Republican,Marco Rubio,0.055,17.6,81.5,80.6,50.2,42518,153.3
524,328,North Carolina,NC,Stokes,Republican,Donald Trump,0.46,19.1,91.4,81.1,50.9,42703,105.6
525,329,North Carolina,NC,Stokes,Republican,Ted Cruz,0.41200000000000003,19.1,91.4,81.1,50.9,42703,105.6
526,330,North Carolina,NC,Stokes,Republican,John Kasich,0.063,19.1,91.4,81.1,50.9,42703,105.6
527,331,North Carolina,NC,Stokes,Republican,Marco Rubio,0.04,19.1,91.4,81.1,50.9,42703,105.6
528,332,North Carolina,NC,Surry,Republican,Donald Trump,0.44299999999999995,18.9,84.3,75.3,51.1,35641,138.4
529,333,North Carolina,NC,Surry,Republican,Ted Cruz,0.405,18.9,84.3,75.3,51.1,35641,138.4
530,334,North Carolina,NC,Surry,Republican,John Kasich,0.08,18.9,84.3,75.3,51.1,35641,138.4
531,335,North Carolina,NC,Surry,Republican,Marco Rubio,0.049,18.9,84.3,75.3,51.1,35641,138.4
532,336,North Carolina,NC,Swain,Republican,Donald Trump,0.455,18.5,63.6,82.1,51.7,36094,26.5
533,337,North Carolina,NC,Swain,Republican,Ted Cruz,0.32899999999999996,18.5,63.6,82.1,51.7,36094,26.5
534,338,North Carolina,NC,Swain,Republican,John Kasich,0.09699999999999999,18.5,63.6,82.1,51.7,36094,26.5
535,339,North Carolina,NC,Swain,Republican,Marco Rubio,0.084,18.5,63.6,82.1,51.7,36094,26.5
536,340,North Carolina,NC,Transylvania,Republican,Ted Cruz,0.371,28.5,90.3,88.4,51.6,41781,87.4
537,341,North Carolina,NC,Transylvania,Republican,Donald Trump,0.335,28.5,90.3,88.4,51.6,41781,87.4
538,342,North Carolina,NC,Transylvania,Republican,John Kasich,0.18100000000000002,28.5,90.3,88.4,51.6,41781,87.4
539,343,North Carolina,NC,Transylvania,Republican,Marco Rubio,0.08,28.5,90.3,88.4,51.6,41781,87.4
540,344,North Carolina,NC,Tyrrell,Republican,Donald Trump,0.442,19.4,53.3,71.5,46.3,34216,11.3
541,345,North Carolina,NC,Tyrrell,Republican,Ted Cruz,0.354,19.4,53.3,71.5,46.3,34216,11.3
542,346,North Carolina,NC,Tyrrell,Republican,Marco Rubio,0.085,19.4,53.3,71.5,46.3,34216,11.3
543,347,North Carolina,NC,Tyrrell,Republican,John Kasich,0.078,19.4,53.3,71.5,46.3,34216,11.3
544,348,North Carolina,NC,Union,Republican,Donald Trump,0.397,11.3,73.5,87.8,50.6,65892,318.7
545,349,North Carolina,NC,Union,Republican,Ted Cruz,0.387,11.3,73.5,87.8,50.6,65892,318.7
546,350,North Carolina,NC,Union,Republican,John Kasich,0.11699999999999999,11.3,73.5,87.8,50.6,65892,318.7
547,351,North Carolina,NC,Union,Republican,Marco Rubio,0.078,11.3,73.5,87.8,50.6,65892,318.7
548,352,North Carolina,NC,Vance,Republican,Donald Trump,0.503,16.4,40.9,75.6,53.2,34987,179.2
549,353,North Carolina,NC,Vance,Republican,Ted Cruz,0.344,16.4,40.9,75.6,53.2,34987,179.2
550,354,North Carolina,NC,Vance,Republican,Marco Rubio,0.059000000000000004,16.4,40.9,75.6,53.2,34987,179.2
551,355,North Carolina,NC,Vance,Republican,John Kasich,0.055999999999999994,16.4,40.9,75.6,53.2,34987,179.2
552,356,North Carolina,NC,Wake,Republican,Ted Cruz,0.40399999999999997,10.0,61.0,91.6,51.3,66006,1078.8
553,357,North Carolina,NC,Wake,Republican,Donald Trump,0.293,10.0,61.0,91.6,51.3,66006,1078.8
554,358,North Carolina,NC,Wake,Republican,John Kasich,0.18,10.0,61.0,91.6,51.3,66006,1078.8
555,359,North Carolina,NC,Wake,Republican,Marco Rubio,0.10300000000000001,10.0,61.0,91.6,51.3,66006,1078.8
556,360,North Carolina,NC,Warren,Republican,Donald Trump,0.535,21.5,38.4,76.5,49.5,34285,48.9
557,361,North Carolina,NC,Warren,Republican,Ted Cruz,0.304,21.5,38.4,76.5,49.5,34285,48.9
558,362,North Carolina,NC,Warren,Republican,John Kasich,0.086,21.5,38.4,76.5,49.5,34285,48.9
559,363,North Carolina,NC,Warren,Republican,Marco Rubio,0.051,21.5,38.4,76.5,49.5,34285,48.9
560,364,North Carolina,NC,Washington,Republican,Ted Cruz,0.48200000000000004,21.1,45.3,79.0,53.0,34936,38.0
561,365,North Carolina,NC,Washington,Republican,Donald Trump,0.397,21.1,45.3,79.0,53.0,34936,38.0
562,366,North Carolina,NC,Washington,Republican,John Kasich,0.054000000000000006,21.1,45.3,79.0,53.0,34936,38.0
563,367,North Carolina,NC,Washington,Republican,Marco Rubio,0.045,21.1,45.3,79.0,53.0,34936,38.0
564,368,North Carolina,NC,Watauga,Republican,Ted Cruz,0.37200000000000005,14.2,92.1,89.0,50.0,34293,163.4
565,369,North Carolina,NC,Watauga,Republican,Donald Trump,0.318,14.2,92.1,89.0,50.0,34293,163.4
566,370,North Carolina,NC,Watauga,Republican,John Kasich,0.146,14.2,92.1,89.0,50.0,34293,163.4
567,371,North Carolina,NC,Watauga,Republican,Marco Rubio,0.127,14.2,92.1,89.0,50.0,34293,163.4
568,372,North Carolina,NC,Wayne,Republican,Donald Trump,0.425,14.5,54.4,81.7,50.8,41731,221.7
569,373,North Carolina,NC,Wayne,Republican,Ted Cruz,0.42200000000000004,14.5,54.4,81.7,50.8,41731,221.7
570,374,North Carolina,NC,Wayne,Republican,John Kasich,0.064,14.5,54.4,81.7,50.8,41731,221.7
571,375,North Carolina,NC,Wayne,Republican,Marco Rubio,0.062,14.5,54.4,81.7,50.8,41731,221.7
572,376,North Carolina,NC,Wilkes,Republican,Donald Trump,0.466,19.9,88.2,74.2,50.7,33159,91.9
573,377,North Carolina,NC,Wilkes,Republican,Ted Cruz,0.374,19.9,88.2,74.2,50.7,33159,91.9
574,378,North Carolina,NC,Wilkes,Republican,John Kasich,0.08199999999999999,19.9,88.2,74.2,50.7,33159,91.9
575,379,North Carolina,NC,Wilkes,Republican,Marco Rubio,0.051,19.9,88.2,74.2,50.7,33159,91.9
576,380,North Carolina,NC,Wilson,Republican,Ted Cruz,0.441,16.3,48.4,78.5,52.6,39204,220.6
577,381,North Carolina,NC,Wilson,Republican,Donald Trump,0.41,16.3,48.4,78.5,52.6,39204,220.6
578,382,North Carolina,NC,Wilson,Republican,John Kasich,0.073,16.3,48.4,78.5,52.6,39204,220.6
579,383,North Carolina,NC,Wilson,Republican,Marco Rubio,0.054000000000000006,16.3,48.4,78.5,52.6,39204,220.6
580,384,North Carolina,NC,Yadkin,Republican,Donald Trump,0.44299999999999995,18.3,84.7,78.8,50.4,40371,114.7
581,385,North Carolina,NC,Yadkin,Republican,Ted Cruz,0.41,18.3,84.7,78.8,50.4,40371,114.7
582,386,North Carolina,NC,Yadkin,Republican,John Kasich,0.08199999999999999,18.3,84.7,78.8,50.4,40371,114.7
583,387,North Carolina,NC,Yadkin,Republican,Marco Rubio,0.036000000000000004,18.3,84.7,78.8,50.4,40371,114.7
584,388,North Carolina,NC,Yancey,Republican,Donald Trump,0.40700000000000003,23.5,92.8,83.2,50.8,38579,57.0
585,389,North Carolina,NC,Yancey,Republican,Ted Cruz,0.39899999999999997,23.5,92.8,83.2,50.8,38579,57.0
586,390,North Carolina,NC,Yancey,Republican,John Kasich,0.098,23.5,92.8,83.2,50.8,38579,57.0
587,391,North Carolina,NC,Yancey,Republican,Marco Rubio,0.057,23.5,92.8,83.2,50.8,38579,57.0
