,id,state,state_abbreviation,county,party,candidate,fraction_votes,AGE775214,RHI825214,EDU635213,SEX255214,INC110213,POP060210
0,0,Virginia,VA,Albemarle,Democrat,Hillary Clinton,0.545,16.5,77.5,91.4,52.2,67725,137.3
1,1,Virginia,VA,Albemarle,Democrat,Bernie Sanders,0.45,16.5,77.5,91.4,52.2,67725,137.3
2,2,Virginia,VA,Alleghany,Democrat,Hillary Clinton,0.633,24.3,91.8,82.7,50.8,44848,36.5
3,3,Virginia,VA,Alleghany,Democrat,Bernie Sanders,0.36,24.3,91.8,82.7,50.8,44848,36.5
4,4,Virginia,VA,Amelia,Democrat,Hillary Clinton,0.7879999999999999,18.2,72.7,78.9,51.3,52885,35.7
5,5,Virginia,VA,Amelia,Democrat,Bernie Sanders,0.21,18.2,72.7,78.9,51.3,52885,35.7
6,6,Virginia,VA,Amherst,Democrat,Hillary Clinton,0.652,18.9,75.4,79.1,52.2,44945,68.3
7,7,Virginia,VA,Amherst,Democrat,Bernie Sanders,0.341,18.9,75.4,79.1,52.2,44945,68.3
8,8,Virginia,VA,Appomattox,Democrat,Hillary Clinton,0.67,19.1,76.6,82.2,51.5,50167,44.9
9,9,Virginia,VA,Appomattox,Democrat,Bernie Sanders,0.321,19.1,76.6,82.2,51.5,50167,44.9
10,10,Virginia,VA,Arlington,Democrat,Hillary Clinton,0.669,9.3,62.8,93.3,49.9,103208,7993.6
11,11,Virginia,VA,Arlington,Democrat,Bernie Sanders,0.32799999999999996,9.3,62.8,93.3,49.9,103208,7993.6
12,12,Virginia,VA,Augusta,Democrat,Bernie Sanders,0.514,19.4,91.5,84.2,49.4,52027,76.3
13,13,Virginia,VA,Augusta,Democrat,Hillary Clinton,0.48,19.4,91.5,84.2,49.4,52027,76.3
14,14,Virginia,VA,Bath,Democrat,Hillary Clinton,0.63,25.0,92.0,90.0,49.3,51365,8.9
15,15,Virginia,VA,Bath,Democrat,Bernie Sanders,0.366,25.0,92.0,90.0,49.3,51365,8.9
16,16,Virginia,VA,Bedford,Democrat,Hillary Clinton,0.565,19.4,88.3,87.6,50.7,57596,91.2
17,17,Virginia,VA,Bedford,Democrat,Hillary Clinton,0.565,0.0,0.0,86.3,0.0,35593,904.6
18,18,Virginia,VA,Bedford,Democrat,Bernie Sanders,0.429,19.4,88.3,87.6,50.7,57596,91.2
19,19,Virginia,VA,Bedford,Democrat,Bernie Sanders,0.429,0.0,0.0,86.3,0.0,35593,904.6
20,20,Virginia,VA,Bland,Democrat,Hillary Clinton,0.517,20.3,94.5,83.4,44.7,42139,19.1
21,21,Virginia,VA,Bland,Democrat,Bernie Sanders,0.47100000000000003,20.3,94.5,83.4,44.7,42139,19.1
22,22,Virginia,VA,Botetourt,Democrat,Hillary Clinton,0.557,19.9,93.1,90.2,50.6,65935,61.2
23,23,Virginia,VA,Botetourt,Democrat,Bernie Sanders,0.436,19.9,93.1,90.2,50.6,65935,61.2
24,24,Virginia,VA,Brunswick,Democrat,Hillary Clinton,0.897,19.2,41.5,71.3,47.6,36293,30.8
25,25,Virginia,VA,Brunswick,Democrat,Bernie Sanders,0.10099999999999999,19.2,41.5,71.3,47.6,36293,30.8
26,26,Virginia,VA,Buchanan,Democrat,Hillary Clinton,0.7040000000000001,19.4,95.7,68.2,49.1,29848,47.9
27,27,Virginia,VA,Buchanan,Democrat,Bernie Sanders,0.28300000000000003,19.4,95.7,68.2,49.1,29848,47.9
28,28,Virginia,VA,Buckingham,Democrat,Hillary Clinton,0.75,16.9,61.0,70.9,45.6,38648,29.6
29,29,Virginia,VA,Buckingham,Democrat,Bernie Sanders,0.24600000000000002,16.9,61.0,70.9,45.6,38648,29.6
30,30,Virginia,VA,Campbell,Democrat,Hillary Clinton,0.657,18.1,80.4,83.8,51.3,47162,108.8
31,31,Virginia,VA,Campbell,Democrat,Bernie Sanders,0.33799999999999997,18.1,80.4,83.8,51.3,47162,108.8
32,32,Virginia,VA,Caroline,Democrat,Hillary Clinton,0.743,15.1,63.8,80.9,50.9,57218,54.1
33,33,Virginia,VA,Caroline,Democrat,Bernie Sanders,0.25,15.1,63.8,80.9,50.9,57218,54.1
34,34,Virginia,VA,Carroll,Democrat,Hillary Clinton,0.5710000000000001,21.7,95.0,76.2,50.4,32853,63.3
35,35,Virginia,VA,Carroll,Democrat,Bernie Sanders,0.424,21.7,95.0,76.2,50.4,32853,63.3
36,36,Virginia,VA,Charlotte,Democrat,Hillary Clinton,0.7909999999999999,20.2,66.9,74.8,50.2,33015,26.5
37,37,Virginia,VA,Charlotte,Democrat,Bernie Sanders,0.20199999999999999,20.2,66.9,74.8,50.2,33015,26.5
38,38,Virginia,VA,Chesterfield,Democrat,Hillary Clinton,0.6609999999999999,12.8,63.4,90.1,51.8,72088,747.1
39,39,Virginia,VA,Chesterfield,Democrat,Bernie Sanders,0.335,12.8,63.4,90.1,51.8,72088,747.1
40,40,Virginia,VA,Clarke,Democrat,Hillary Clinton,0.514,18.1,87.0,89.0,50.0,77597,79.7
41,41,Virginia,VA,Clarke,Democrat,Bernie Sanders,0.47700000000000004,18.1,87.0,89.0,50.0,77597,79.7
42,42,Virginia,VA,Craig,Democrat,Hillary Clinton,0.511,21.1,97.7,89.7,49.9,47806,15.7
43,43,Virginia,VA,Craig,Democrat,Bernie Sanders,0.48,21.1,97.7,89.7,49.9,47806,15.7
44,44,Virginia,VA,Culpeper,Democrat,Hillary Clinton,0.547,13.9,71.4,84.3,49.7,64423,123.1
45,45,Virginia,VA,Culpeper,Democrat,Bernie Sanders,0.444,13.9,71.4,84.3,49.7,64423,123.1
46,46,Virginia,VA,Cumberland,Democrat,Hillary Clinton,0.799,19.3,63.1,76.9,52.2,40557,33.8
47,47,Virginia,VA,Cumberland,Democrat,Bernie Sanders,0.198,19.3,63.1,76.9,52.2,40557,33.8
48,48,Virginia,VA,Dickenson,Democrat,Hillary Clinton,0.6,18.9,97.9,72.4,49.2,33318,48.1
49,49,Virginia,VA,Dickenson,Democrat,Bernie Sanders,0.386,18.9,97.9,72.4,49.2,33318,48.1
50,50,Virginia,VA,Dinwiddie,Democrat,Hillary Clinton,0.833,16.3,62.5,80.2,51.1,52027,55.6
51,51,Virginia,VA,Dinwiddie,Democrat,Bernie Sanders,0.161,16.3,62.5,80.2,51.1,52027,55.6
52,52,Virginia,VA,Essex,Democrat,Hillary Clinton,0.8220000000000001,20.4,55.3,76.7,52.9,44885,43.4
53,53,Virginia,VA,Essex,Democrat,Bernie Sanders,0.17,20.4,55.3,76.7,52.9,44885,43.4
54,54,Virginia,VA,Fairfax,Democrat,Hillary Clinton,0.63,11.5,52.0,91.8,50.5,110292,2766.8
55,55,Virginia,VA,Fairfax,Democrat,Hillary Clinton,0.63,15.4,58.8,92.0,50.7,97242,3616.8
56,56,Virginia,VA,Fairfax,Democrat,Bernie Sanders,0.364,11.5,52.0,91.8,50.5,110292,2766.8
57,57,Virginia,VA,Fairfax,Democrat,Bernie Sanders,0.364,15.4,58.8,92.0,50.7,97242,3616.8
58,58,Virginia,VA,Fauquier,Democrat,Hillary Clinton,0.545,14.9,81.0,91.4,50.5,88409,100.7
59,59,Virginia,VA,Fauquier,Democrat,Bernie Sanders,0.447,14.9,81.0,91.4,50.5,88409,100.7
60,60,Virginia,VA,Floyd,Democrat,Bernie Sanders,0.7,20.4,93.7,81.4,49.6,44618,40.2
61,61,Virginia,VA,Floyd,Democrat,Hillary Clinton,0.297,20.4,93.7,81.4,49.6,44618,40.2
62,62,Virginia,VA,Fluvanna,Democrat,Hillary Clinton,0.5760000000000001,18.3,78.9,85.5,54.3,68288,89.8
63,63,Virginia,VA,Fluvanna,Democrat,Bernie Sanders,0.418,18.3,78.9,85.5,54.3,68288,89.8
64,64,Virginia,VA,Franklin,Democrat,Hillary Clinton,0.626,20.8,87.2,82.7,50.7,45624,81.3
65,65,Virginia,VA,Franklin,Democrat,Hillary Clinton,0.626,17.5,37.8,79.4,54.9,31928,1045.8
66,66,Virginia,VA,Franklin,Democrat,Bernie Sanders,0.366,20.8,87.2,82.7,50.7,45624,81.3
67,67,Virginia,VA,Franklin,Democrat,Bernie Sanders,0.366,17.5,37.8,79.4,54.9,31928,1045.8
68,68,Virginia,VA,Frederick,Democrat,Hillary Clinton,0.505,15.2,84.8,86.0,50.2,68424,189.4
69,69,Virginia,VA,Frederick,Democrat,Bernie Sanders,0.488,15.2,84.8,86.0,50.2,68424,189.4
70,70,Virginia,VA,Giles,Democrat,Hillary Clinton,0.5579999999999999,20.0,95.2,80.5,50.8,45141,48.6
71,71,Virginia,VA,Giles,Democrat,Bernie Sanders,0.435,20.0,95.2,80.5,50.8,45141,48.6
72,72,Virginia,VA,Gloucester,Democrat,Hillary Clinton,0.591,17.5,85.0,89.3,50.7,60519,169.2
73,73,Virginia,VA,Gloucester,Democrat,Bernie Sanders,0.405,17.5,85.0,89.3,50.7,60519,169.2
74,74,Virginia,VA,Goochland,Democrat,Hillary Clinton,0.716,19.4,77.3,87.4,50.6,80976,77.2
75,75,Virginia,VA,Goochland,Democrat,Bernie Sanders,0.282,19.4,77.3,87.4,50.6,80976,77.2
76,76,Virginia,VA,Grayson,Democrat,Bernie Sanders,0.5,23.6,93.4,75.3,51.3,30710,35.1
77,77,Virginia,VA,Grayson,Democrat,Hillary Clinton,0.493,23.6,93.4,75.3,51.3,30710,35.1
78,78,Virginia,VA,Greene,Democrat,Bernie Sanders,0.508,15.7,84.2,83.1,50.4,59358,117.8
79,79,Virginia,VA,Greene,Democrat,Hillary Clinton,0.48700000000000004,15.7,84.2,83.1,50.4,59358,117.8
80,80,Virginia,VA,Greensville,Democrat,Hillary Clinton,0.877,15.1,37.5,72.7,38.8,39697,41.5
81,81,Virginia,VA,Greensville,Democrat,Bernie Sanders,0.11900000000000001,15.1,37.5,72.7,38.8,39697,41.5
82,82,Virginia,VA,Halifax,Democrat,Hillary Clinton,0.8079999999999999,22.0,59.8,78.9,52.0,34659,44.3
83,83,Virginia,VA,Halifax,Democrat,Bernie Sanders,0.18600000000000003,22.0,59.8,78.9,52.0,34659,44.3
84,84,Virginia,VA,Hampton,Democrat,Hillary Clinton,0.779,13.7,40.1,89.3,51.9,50705,2673.2
85,85,Virginia,VA,Hampton,Democrat,Bernie Sanders,0.217,13.7,40.1,89.3,51.9,50705,2673.2
86,86,Virginia,VA,Hanover,Democrat,Hillary Clinton,0.599,15.7,84.6,92.1,51.0,75070,213.1
87,87,Virginia,VA,Hanover,Democrat,Bernie Sanders,0.397,15.7,84.6,92.1,51.0,75070,213.1
88,88,Virginia,VA,Henrico,Democrat,Hillary Clinton,0.698,13.8,55.0,90.1,52.8,61048,1313.4
89,89,Virginia,VA,Henrico,Democrat,Bernie Sanders,0.297,13.8,55.0,90.1,52.8,61048,1313.4
90,90,Virginia,VA,Henry,Democrat,Hillary Clinton,0.727,21.8,70.5,77.0,51.8,34984,141.6
91,91,Virginia,VA,Henry,Democrat,Bernie Sanders,0.267,21.8,70.5,77.0,51.8,34984,141.6
92,92,Virginia,VA,Highland,Democrat,Bernie Sanders,0.506,29.4,97.2,78.9,50.3,49625,5.6
93,93,Virginia,VA,Highland,Democrat,Hillary Clinton,0.494,29.4,97.2,78.9,50.3,49625,5.6
94,94,Virginia,VA,Lancaster,Democrat,Hillary Clinton,0.743,35.2,68.7,87.9,53.3,49248,85.5
95,95,Virginia,VA,Lancaster,Democrat,Bernie Sanders,0.248,35.2,68.7,87.9,53.3,49248,85.5
96,96,Virginia,VA,Lee,Democrat,Hillary Clinton,0.635,18.8,92.8,74.2,47.7,31308,58.8
97,97,Virginia,VA,Lee,Democrat,Bernie Sanders,0.342,18.8,92.8,74.2,47.7,31308,58.8
98,98,Virginia,VA,Loudoun,Democrat,Hillary Clinton,0.586,7.9,58.8,93.8,50.4,122238,605.8
99,99,Virginia,VA,Loudoun,Democrat,Bernie Sanders,0.40700000000000003,7.9,58.8,93.8,50.4,122238,605.8
100,100,Virginia,VA,Louisa,Democrat,Hillary Clinton,0.655,17.6,78.0,82.5,50.6,54518,66.8
101,101,Virginia,VA,Louisa,Democrat,Bernie Sanders,0.341,17.6,78.0,82.5,50.6,54518,66.8
102,102,Virginia,VA,Lunenburg,Democrat,Hillary Clinton,0.836,19.7,60.2,69.0,47.3,35237,29.9
103,103,Virginia,VA,Lunenburg,Democrat,Bernie Sanders,0.16,19.7,60.2,69.0,47.3,35237,29.9
104,104,Virginia,VA,Madison,Democrat,Hillary Clinton,0.591,20.5,85.3,79.8,51.4,53459,41.5
105,105,Virginia,VA,Madison,Democrat,Bernie Sanders,0.40700000000000003,20.5,85.3,79.8,51.4,53459,41.5
106,106,Virginia,VA,Mathews,Democrat,Hillary Clinton,0.633,28.2,85.8,88.8,51.7,55192,104.5
107,107,Virginia,VA,Mathews,Democrat,Bernie Sanders,0.358,28.2,85.8,88.8,51.7,55192,104.5
108,108,Virginia,VA,Mecklenburg,Democrat,Hillary Clinton,0.8029999999999999,23.8,60.1,76.9,51.6,36261,52.3
109,109,Virginia,VA,Mecklenburg,Democrat,Bernie Sanders,0.191,23.8,60.1,76.9,51.6,36261,52.3
110,110,Virginia,VA,Middlesex,Democrat,Hillary Clinton,0.653,29.0,77.9,89.0,50.8,53309,84.1
111,111,Virginia,VA,Middlesex,Democrat,Bernie Sanders,0.345,29.0,77.9,89.0,50.8,53309,84.1
112,112,Virginia,VA,Montgomery,Democrat,Bernie Sanders,0.59,11.0,84.7,89.6,47.9,45543,243.9
113,113,Virginia,VA,Montgomery,Democrat,Hillary Clinton,0.40700000000000003,11.0,84.7,89.6,47.9,45543,243.9
114,114,Virginia,VA,Nelson,Democrat,Hillary Clinton,0.562,23.7,81.7,80.8,51.4,48789,31.9
115,115,Virginia,VA,Nelson,Democrat,Bernie Sanders,0.431,23.7,81.7,80.8,51.4,48789,31.9
116,116,Virginia,VA,Norfolk,Democrat,Hillary Clinton,0.6920000000000001,9.9,44.0,86.0,47.8,44747,4486.4
117,117,Virginia,VA,Norfolk,Democrat,Bernie Sanders,0.304,9.9,44.0,86.0,47.8,44747,4486.4
118,118,Virginia,VA,Northampton,Democrat,Hillary Clinton,0.725,24.4,54.1,78.1,51.6,33635,58.5
119,119,Virginia,VA,Northampton,Democrat,Bernie Sanders,0.27,24.4,54.1,78.1,51.6,33635,58.5
120,120,Virginia,VA,Northumberland,Democrat,Hillary Clinton,0.75,34.3,70.2,85.6,50.5,51342,64.5
121,121,Virginia,VA,Northumberland,Democrat,Bernie Sanders,0.243,34.3,70.2,85.6,50.5,51342,64.5
122,122,Virginia,VA,Nottoway,Democrat,Hillary Clinton,0.7809999999999999,18.3,55.2,73.8,47.0,36607,50.4
123,123,Virginia,VA,Nottoway,Democrat,Bernie Sanders,0.21100000000000002,18.3,55.2,73.8,47.0,36607,50.4
124,124,Virginia,VA,Orange,Democrat,Hillary Clinton,0.599,19.7,79.0,85.0,51.0,60287,98.2
125,125,Virginia,VA,Orange,Democrat,Bernie Sanders,0.39399999999999996,19.7,79.0,85.0,51.0,60287,98.2
126,126,Virginia,VA,Page,Democrat,Hillary Clinton,0.536,19.8,94.4,75.6,50.4,42906,77.3
127,127,Virginia,VA,Page,Democrat,Bernie Sanders,0.46,19.8,94.4,75.6,50.4,42906,77.3
128,128,Virginia,VA,Patrick,Democrat,Bernie Sanders,0.503,24.2,89.9,75.3,50.9,34864,38.3
129,129,Virginia,VA,Patrick,Democrat,Hillary Clinton,0.488,24.2,89.9,75.3,50.9,34864,38.3
130,130,Virginia,VA,Pittsylvania,Democrat,Hillary Clinton,0.752,20.0,74.2,79.1,50.9,42143,65.5
131,131,Virginia,VA,Pittsylvania,Democrat,Bernie Sanders,0.243,20.0,74.2,79.1,50.9,42143,65.5
132,132,Virginia,VA,Powhatan,Democrat,Hillary Clinton,0.644,15.7,83.5,85.9,46.3,76548,107.8
133,133,Virginia,VA,Powhatan,Democrat,Bernie Sanders,0.353,15.7,83.5,85.9,46.3,76548,107.8
134,134,Virginia,VA,Pulaski,Democrat,Hillary Clinton,0.583,20.6,91.1,81.8,49.9,44312,109.0
135,135,Virginia,VA,Pulaski,Democrat,Bernie Sanders,0.41,20.6,91.1,81.8,49.9,44312,109.0
136,136,Virginia,VA,Rappahannock,Democrat,Hillary Clinton,0.501,23.8,89.2,83.0,50.2,56438,27.7
137,137,Virginia,VA,Rappahannock,Democrat,Bernie Sanders,0.495,23.8,89.2,83.0,50.2,56438,27.7
138,138,Virginia,VA,Richmond,Democrat,Hillary Clinton,0.8,19.5,61.3,73.8,44.5,47083,48.3
139,139,Virginia,VA,Richmond,Democrat,Hillary Clinton,0.8,11.4,40.2,81.5,52.3,40496,3414.7
140,140,Virginia,VA,Richmond,Democrat,Bernie Sanders,0.192,19.5,61.3,73.8,44.5,47083,48.3
141,141,Virginia,VA,Richmond,Democrat,Bernie Sanders,0.192,11.4,40.2,81.5,52.3,40496,3414.7
142,142,Virginia,VA,Roanoke,Democrat,Hillary Clinton,0.5429999999999999,19.6,86.8,90.9,52.0,60795,368.7
143,143,Virginia,VA,Roanoke,Democrat,Hillary Clinton,0.5429999999999999,14.9,60.7,81.8,52.3,38145,2279.8
144,144,Virginia,VA,Roanoke,Democrat,Bernie Sanders,0.451,19.6,86.8,90.9,52.0,60795,368.7
145,145,Virginia,VA,Roanoke,Democrat,Bernie Sanders,0.451,14.9,60.7,81.8,52.3,38145,2279.8
146,146,Virginia,VA,Rockbridge,Democrat,Hillary Clinton,0.5710000000000001,24.2,93.1,84.4,50.6,48313,37.3
147,147,Virginia,VA,Rockbridge,Democrat,Bernie Sanders,0.428,24.2,93.1,84.4,50.6,48313,37.3
148,148,Virginia,VA,Rockingham,Democrat,Bernie Sanders,0.526,18.0,90.1,80.7,51.0,52195,89.9
149,149,Virginia,VA,Rockingham,Democrat,Hillary Clinton,0.47,18.0,90.1,80.7,51.0,52195,89.9
150,150,Virginia,VA,Russell,Democrat,Hillary Clinton,0.599,18.8,96.9,74.7,51.2,33872,61.0
151,151,Virginia,VA,Russell,Democrat,Bernie Sanders,0.38799999999999996,18.8,96.9,74.7,51.2,33872,61.0
152,152,Virginia,VA,Scott,Democrat,Hillary Clinton,0.562,21.5,96.8,74.9,49.9,38355,43.3
153,153,Virginia,VA,Scott,Democrat,Bernie Sanders,0.429,21.5,96.8,74.9,49.9,38355,43.3
154,154,Virginia,VA,Shenandoah,Democrat,Hillary Clinton,0.505,20.2,88.8,84.6,51.2,49625,82.5
155,155,Virginia,VA,Shenandoah,Democrat,Bernie Sanders,0.489,20.2,88.8,84.6,51.2,49625,82.5
156,156,Virginia,VA,Smyth,Democrat,Hillary Clinton,0.586,20.0,94.3,79.9,51.0,37239,71.4
157,157,Virginia,VA,Smyth,Democrat,Bernie Sanders,0.402,20.0,94.3,79.9,51.0,37239,71.4
158,158,Virginia,VA,Southampton,Democrat,Hillary Clinton,0.838,18.0,60.7,78.0,48.1,46150,31.0
159,159,Virginia,VA,Southampton,Democrat,Bernie Sanders,0.151,18.0,60.7,78.0,48.1,46150,31.0
160,160,Virginia,VA,Spotsylvania,Democrat,Hillary Clinton,0.604,12.2,70.1,89.1,50.8,78345,304.9
161,161,Virginia,VA,Spotsylvania,Democrat,Bernie Sanders,0.389,12.2,70.1,89.1,50.8,78345,304.9
162,162,Virginia,VA,Stafford,Democrat,Hillary Clinton,0.603,9.1,64.8,92.6,49.6,97110,479.5
163,163,Virginia,VA,Stafford,Democrat,Bernie Sanders,0.38799999999999996,9.1,64.8,92.6,49.6,97110,479.5
164,164,Virginia,VA,Suffolk,Democrat,Hillary Clinton,0.795,13.0,49.9,87.2,51.7,66085,211.4
165,165,Virginia,VA,Suffolk,Democrat,Bernie Sanders,0.2,13.0,49.9,87.2,51.7,66085,211.4
166,166,Virginia,VA,Surry,Democrat,Hillary Clinton,0.818,19.1,52.3,77.8,50.7,47292,25.3
167,167,Virginia,VA,Surry,Democrat,Bernie Sanders,0.175,19.1,52.3,77.8,50.7,47292,25.3
168,168,Virginia,VA,Sussex,Democrat,Hillary Clinton,0.905,16.2,38.6,70.0,40.6,39635,24.7
169,169,Virginia,VA,Sussex,Democrat,Bernie Sanders,0.09300000000000001,16.2,38.6,70.0,40.6,39635,24.7
170,170,Virginia,VA,Tazewell,Democrat,Hillary Clinton,0.5770000000000001,19.2,93.8,77.0,50.3,35693,86.9
171,171,Virginia,VA,Tazewell,Democrat,Bernie Sanders,0.402,19.2,93.8,77.0,50.3,35693,86.9
172,172,Virginia,VA,Warren,Democrat,Bernie Sanders,0.514,14.5,87.5,84.0,50.1,61610,176.0
173,173,Virginia,VA,Warren,Democrat,Hillary Clinton,0.48,14.5,87.5,84.0,50.1,61610,176.0
174,174,Virginia,VA,Washington,Democrat,Hillary Clinton,0.541,20.3,95.6,83.2,50.7,41897,97.8
175,175,Virginia,VA,Washington,Democrat,Bernie Sanders,0.45,20.3,95.6,83.2,50.7,41897,97.8
176,176,Virginia,VA,Westmoreland,Democrat,Hillary Clinton,0.745,23.7,63.6,79.1,51.4,49157,76.1
177,177,Virginia,VA,Westmoreland,Democrat,Bernie Sanders,0.25,23.7,63.6,79.1,51.4,49157,76.1
178,178,Virginia,VA,Wise,Democrat,Bernie Sanders,0.511,15.9,92.0,72.9,48.2,36218,102.8
179,179,Virginia,VA,Wise,Democrat,Hillary Clinton,0.48,15.9,92.0,72.9,48.2,36218,102.8
180,180,Virginia,VA,Wythe,Democrat,Hillary Clinton,0.552,19.7,94.1,81.7,51.1,41275,63.3
181,181,Virginia,VA,Wythe,Democrat,Bernie Sanders,0.442,19.7,94.1,81.7,51.1,41275,63.3
182,182,Virginia,VA,York,Democrat,Hillary Clinton,0.615,14.6,72.5,94.9,50.7,82073,624.8
183,183,Virginia,VA,York,Democrat,Bernie Sanders,0.381,14.6,72.5,94.9,50.7,82073,624.8
184,0,Virginia,VA,Albemarle,Republican,Marco Rubio,0.371,16.5,77.5,91.4,52.2,67725,137.3
185,1,Virginia,VA,Albemarle,Republican,Donald Trump,0.24600000000000002,16.5,77.5,91.4,52.2,67725,137.3
186,2,Virginia,VA,Albemarle,Republican,Ted Cruz,0.171,16.5,77.5,91.4,52.2,67725,137.3
187,3,Virginia,VA,Albemarle,Republican,John Kasich,0.155,16.5,77.5,91.4,52.2,67725,137.3
188,4,Virginia,VA,Albemarle,Republican,Ben Carson,0.045,16.5,77.5,91.4,52.2,67725,137.3
189,5,Virginia,VA,Alleghany,Republican,Donald Trump,0.469,24.3,91.8,82.7,50.8,44848,36.5
190,6,Virginia,VA,Alleghany,Republican,Marco Rubio,0.24,24.3,91.8,82.7,50.8,44848,36.5
191,7,Virginia,VA,Alleghany,Republican,Ted Cruz,0.154,24.3,91.8,82.7,50.8,44848,36.5
192,8,Virginia,VA,Alleghany,Republican,Ben Carson,0.083,24.3,91.8,82.7,50.8,44848,36.5
193,9,Virginia,VA,Alleghany,Republican,John Kasich,0.043,24.3,91.8,82.7,50.8,44848,36.5
194,10,Virginia,VA,Amelia,Republican,Donald Trump,0.48100000000000004,18.2,72.7,78.9,51.3,52885,35.7
195,11,Virginia,VA,Amelia,Republican,Ted Cruz,0.214,18.2,72.7,78.9,51.3,52885,35.7
196,12,Virginia,VA,Amelia,Republican,Marco Rubio,0.20800000000000002,18.2,72.7,78.9,51.3,52885,35.7
197,13,Virginia,VA,Amelia,Republican,Ben Carson,0.065,18.2,72.7,78.9,51.3,52885,35.7
198,14,Virginia,VA,Amelia,Republican,John Kasich,0.026000000000000002,18.2,72.7,78.9,51.3,52885,35.7
199,15,Virginia,VA,Amherst,Republican,Donald Trump,0.397,18.9,75.4,79.1,52.2,44945,68.3
200,16,Virginia,VA,Amherst,Republican,Ted Cruz,0.26899999999999996,18.9,75.4,79.1,52.2,44945,68.3
201,17,Virginia,VA,Amherst,Republican,Marco Rubio,0.196,18.9,75.4,79.1,52.2,44945,68.3
202,18,Virginia,VA,Amherst,Republican,Ben Carson,0.095,18.9,75.4,79.1,52.2,44945,68.3
203,19,Virginia,VA,Amherst,Republican,John Kasich,0.034,18.9,75.4,79.1,52.2,44945,68.3
204,20,Virginia,VA,Appomattox,Republican,Donald Trump,0.428,19.1,76.6,82.2,51.5,50167,44.9
205,21,Virginia,VA,Appomattox,Republican,Ted Cruz,0.259,19.1,76.6,82.2,51.5,50167,44.9
206,22,Virginia,VA,Appomattox,Republican,Marco Rubio,0.18100000000000002,19.1,76.6,82.2,51.5,50167,44.9
207,23,Virginia,VA,Appomattox,Republican,Ben Carson,0.086,19.1,76.6,82.2,51.5,50167,44.9
208,24,Virginia,VA,Appomattox,Republican,John Kasich,0.034,19.1,76.6,82.2,51.5,50167,44.9
209,25,Virginia,VA,Arlington,Republican,Marco Rubio,0.49700000000000005,9.3,62.8,93.3,49.9,103208,7993.6
210,26,Virginia,VA,Arlington,Republican,John Kasich,0.226,9.3,62.8,93.3,49.9,103208,7993.6
211,27,Virginia,VA,Arlington,Republican,Donald Trump,0.168,9.3,62.8,93.3,49.9,103208,7993.6
212,28,Virginia,VA,Arlington,Republican,Ted Cruz,0.079,9.3,62.8,93.3,49.9,103208,7993.6
213,29,Virginia,VA,Arlington,Republican,Ben Carson,0.017,9.3,62.8,93.3,49.9,103208,7993.6
214,30,Virginia,VA,Augusta,Republican,Donald Trump,0.373,19.4,91.5,84.2,49.4,52027,76.3
215,31,Virginia,VA,Augusta,Republican,Marco Rubio,0.248,19.4,91.5,84.2,49.4,52027,76.3
216,32,Virginia,VA,Augusta,Republican,Ted Cruz,0.23,19.4,91.5,84.2,49.4,52027,76.3
217,33,Virginia,VA,Augusta,Republican,Ben Carson,0.079,19.4,91.5,84.2,49.4,52027,76.3
218,34,Virginia,VA,Augusta,Republican,John Kasich,0.059000000000000004,19.4,91.5,84.2,49.4,52027,76.3
219,35,Virginia,VA,Bath,Republican,Donald Trump,0.495,25.0,92.0,90.0,49.3,51365,8.9
220,36,Virginia,VA,Bath,Republican,Marco Rubio,0.24600000000000002,25.0,92.0,90.0,49.3,51365,8.9
221,37,Virginia,VA,Bath,Republican,Ted Cruz,0.1,25.0,92.0,90.0,49.3,51365,8.9
222,38,Virginia,VA,Bath,Republican,Ben Carson,0.085,25.0,92.0,90.0,49.3,51365,8.9
223,39,Virginia,VA,Bath,Republican,John Kasich,0.059000000000000004,25.0,92.0,90.0,49.3,51365,8.9
224,40,Virginia,VA,Bedford,Republican,Donald Trump,0.35,19.4,88.3,87.6,50.7,57596,91.2
225,41,Virginia,VA,Bedford,Republican,Donald Trump,0.35,0.0,0.0,86.3,0.0,35593,904.6
226,42,Virginia,VA,Bedford,Republican,Ted Cruz,0.29600000000000004,19.4,88.3,87.6,50.7,57596,91.2
227,43,Virginia,VA,Bedford,Republican,Ted Cruz,0.29600000000000004,0.0,0.0,86.3,0.0,35593,904.6
228,44,Virginia,VA,Bedford,Republican,Marco Rubio,0.212,19.4,88.3,87.6,50.7,57596,91.2
229,45,Virginia,VA,Bedford,Republican,Marco Rubio,0.212,0.0,0.0,86.3,0.0,35593,904.6
230,46,Virginia,VA,Bedford,Republican,Ben Carson,0.084,19.4,88.3,87.6,50.7,57596,91.2
231,47,Virginia,VA,Bedford,Republican,Ben Carson,0.084,0.0,0.0,86.3,0.0,35593,904.6
232,48,Virginia,VA,Bedford,Republican,John Kasich,0.052000000000000005,19.4,88.3,87.6,50.7,57596,91.2
233,49,Virginia,VA,Bedford,Republican,John Kasich,0.052000000000000005,0.0,0.0,86.3,0.0,35593,904.6
234,50,Virginia,VA,Bland,Republican,Donald Trump,0.55,20.3,94.5,83.4,44.7,42139,19.1
235,51,Virginia,VA,Bland,Republican,Marco Rubio,0.172,20.3,94.5,83.4,44.7,42139,19.1
236,52,Virginia,VA,Bland,Republican,Ted Cruz,0.16,20.3,94.5,83.4,44.7,42139,19.1
237,53,Virginia,VA,Bland,Republican,Ben Carson,0.069,20.3,94.5,83.4,44.7,42139,19.1
238,54,Virginia,VA,Bland,Republican,John Kasich,0.042,20.3,94.5,83.4,44.7,42139,19.1
239,55,Virginia,VA,Botetourt,Republican,Donald Trump,0.35600000000000004,19.9,93.1,90.2,50.6,65935,61.2
240,56,Virginia,VA,Botetourt,Republican,Ted Cruz,0.264,19.9,93.1,90.2,50.6,65935,61.2
241,57,Virginia,VA,Botetourt,Republican,Marco Rubio,0.247,19.9,93.1,90.2,50.6,65935,61.2
242,58,Virginia,VA,Botetourt,Republican,Ben Carson,0.07200000000000001,19.9,93.1,90.2,50.6,65935,61.2
243,59,Virginia,VA,Botetourt,Republican,John Kasich,0.052000000000000005,19.9,93.1,90.2,50.6,65935,61.2
244,60,Virginia,VA,Brunswick,Republican,Donald Trump,0.494,19.2,41.5,71.3,47.6,36293,30.8
245,61,Virginia,VA,Brunswick,Republican,Marco Rubio,0.249,19.2,41.5,71.3,47.6,36293,30.8
246,62,Virginia,VA,Brunswick,Republican,Ted Cruz,0.11699999999999999,19.2,41.5,71.3,47.6,36293,30.8
247,63,Virginia,VA,Brunswick,Republican,Ben Carson,0.081,19.2,41.5,71.3,47.6,36293,30.8
248,64,Virginia,VA,Brunswick,Republican,John Kasich,0.048,19.2,41.5,71.3,47.6,36293,30.8
249,65,Virginia,VA,Buchanan,Republican,Donald Trump,0.6970000000000001,19.4,95.7,68.2,49.1,29848,47.9
250,66,Virginia,VA,Buchanan,Republican,Marco Rubio,0.138,19.4,95.7,68.2,49.1,29848,47.9
251,67,Virginia,VA,Buchanan,Republican,Ted Cruz,0.11699999999999999,19.4,95.7,68.2,49.1,29848,47.9
252,68,Virginia,VA,Buchanan,Republican,Ben Carson,0.024,19.4,95.7,68.2,49.1,29848,47.9
253,69,Virginia,VA,Buchanan,Republican,John Kasich,0.021,19.4,95.7,68.2,49.1,29848,47.9
254,70,Virginia,VA,Buckingham,Republican,Donald Trump,0.5,16.9,61.0,70.9,45.6,38648,29.6
255,71,Virginia,VA,Buckingham,Republican,Marco Rubio,0.204,16.9,61.0,70.9,45.6,38648,29.6
256,72,Virginia,VA,Buckingham,Republican,Ted Cruz,0.17600000000000002,16.9,61.0,70.9,45.6,38648,29.6
257,73,Virginia,VA,Buckingham,Republican,Ben Carson,0.075,16.9,61.0,70.9,45.6,38648,29.6
258,74,Virginia,VA,Buckingham,Republican,John Kasich,0.027999999999999997,16.9,61.0,70.9,45.6,38648,29.6
259,75,Virginia,VA,Campbell,Republican,Donald Trump,0.38,18.1,80.4,83.8,51.3,47162,108.8
260,76,Virginia,VA,Campbell,Republican,Ted Cruz,0.276,18.1,80.4,83.8,51.3,47162,108.8
261,77,Virginia,VA,Campbell,Republican,Marco Rubio,0.201,18.1,80.4,83.8,51.3,47162,108.8
262,78,Virginia,VA,Campbell,Republican,Ben Carson,0.099,18.1,80.4,83.8,51.3,47162,108.8
263,79,Virginia,VA,Campbell,Republican,John Kasich,0.037000000000000005,18.1,80.4,83.8,51.3,47162,108.8
264,80,Virginia,VA,Caroline,Republican,Donald Trump,0.447,15.1,63.8,80.9,50.9,57218,54.1
265,81,Virginia,VA,Caroline,Republican,Marco Rubio,0.23,15.1,63.8,80.9,50.9,57218,54.1
266,82,Virginia,VA,Caroline,Republican,Ted Cruz,0.179,15.1,63.8,80.9,50.9,57218,54.1
267,83,Virginia,VA,Caroline,Republican,Ben Carson,0.085,15.1,63.8,80.9,50.9,57218,54.1
268,84,Virginia,VA,Caroline,Republican,John Kasich,0.046,15.1,63.8,80.9,50.9,57218,54.1
269,85,Virginia,VA,Carroll,Republican,Donald Trump,0.535,21.7,95.0,76.2,50.4,32853,63.3
270,86,Virginia,VA,Carroll,Republican,Ted Cruz,0.18100000000000002,21.7,95.0,76.2,50.4,32853,63.3
271,87,Virginia,VA,Carroll,Republican,Marco Rubio,0.162,21.7,95.0,76.2,50.4,32853,63.3
272,88,Virginia,VA,Carroll,Republican,Ben Carson,0.075,21.7,95.0,76.2,50.4,32853,63.3
273,89,Virginia,VA,Carroll,Republican,John Kasich,0.038,21.7,95.0,76.2,50.4,32853,63.3
274,90,Virginia,VA,Charlotte,Republican,Donald Trump,0.534,20.2,66.9,74.8,50.2,33015,26.5
275,91,Virginia,VA,Charlotte,Republican,Marco Rubio,0.201,20.2,66.9,74.8,50.2,33015,26.5
276,92,Virginia,VA,Charlotte,Republican,Ted Cruz,0.145,20.2,66.9,74.8,50.2,33015,26.5
277,93,Virginia,VA,Charlotte,Republican,Ben Carson,0.07200000000000001,20.2,66.9,74.8,50.2,33015,26.5
278,94,Virginia,VA,Charlotte,Republican,John Kasich,0.033,20.2,66.9,74.8,50.2,33015,26.5
279,95,Virginia,VA,Chesterfield,Republican,Marco Rubio,0.349,12.8,63.4,90.1,51.8,72088,747.1
280,96,Virginia,VA,Chesterfield,Republican,Donald Trump,0.336,12.8,63.4,90.1,51.8,72088,747.1
281,97,Virginia,VA,Chesterfield,Republican,Ted Cruz,0.185,12.8,63.4,90.1,51.8,72088,747.1
282,98,Virginia,VA,Chesterfield,Republican,John Kasich,0.07,12.8,63.4,90.1,51.8,72088,747.1
283,99,Virginia,VA,Chesterfield,Republican,Ben Carson,0.052000000000000005,12.8,63.4,90.1,51.8,72088,747.1
284,100,Virginia,VA,Clarke,Republican,Donald Trump,0.331,18.1,87.0,89.0,50.0,77597,79.7
285,101,Virginia,VA,Clarke,Republican,Marco Rubio,0.295,18.1,87.0,89.0,50.0,77597,79.7
286,102,Virginia,VA,Clarke,Republican,Ted Cruz,0.214,18.1,87.0,89.0,50.0,77597,79.7
287,103,Virginia,VA,Clarke,Republican,John Kasich,0.078,18.1,87.0,89.0,50.0,77597,79.7
288,104,Virginia,VA,Clarke,Republican,Ben Carson,0.07,18.1,87.0,89.0,50.0,77597,79.7
289,105,Virginia,VA,Craig,Republican,Donald Trump,0.47100000000000003,21.1,97.7,89.7,49.9,47806,15.7
290,106,Virginia,VA,Craig,Republican,Ted Cruz,0.284,21.1,97.7,89.7,49.9,47806,15.7
291,107,Virginia,VA,Craig,Republican,Marco Rubio,0.16,21.1,97.7,89.7,49.9,47806,15.7
292,108,Virginia,VA,Craig,Republican,Ben Carson,0.053,21.1,97.7,89.7,49.9,47806,15.7
293,109,Virginia,VA,Craig,Republican,John Kasich,0.021,21.1,97.7,89.7,49.9,47806,15.7
294,110,Virginia,VA,Culpeper,Republican,Donald Trump,0.376,13.9,71.4,84.3,49.7,64423,123.1
295,111,Virginia,VA,Culpeper,Republican,Marco Rubio,0.245,13.9,71.4,84.3,49.7,64423,123.1
296,112,Virginia,VA,Culpeper,Republican,Ted Cruz,0.23199999999999998,13.9,71.4,84.3,49.7,64423,123.1
297,113,Virginia,VA,Culpeper,Republican,Ben Carson,0.071,13.9,71.4,84.3,49.7,64423,123.1
298,114,Virginia,VA,Culpeper,Republican,John Kasich,0.063,13.9,71.4,84.3,49.7,64423,123.1
299,115,Virginia,VA,Cumberland,Republican,Donald Trump,0.466,19.3,63.1,76.9,52.2,40557,33.8
300,116,Virginia,VA,Cumberland,Republican,Marco Rubio,0.23,19.3,63.1,76.9,52.2,40557,33.8
301,117,Virginia,VA,Cumberland,Republican,Ted Cruz,0.195,19.3,63.1,76.9,52.2,40557,33.8
302,118,Virginia,VA,Cumberland,Republican,Ben Carson,0.063,19.3,63.1,76.9,52.2,40557,33.8
303,119,Virginia,VA,Cumberland,Republican,John Kasich,0.019,19.3,63.1,76.9,52.2,40557,33.8
304,120,Virginia,VA,Dickenson,Republican,Donald Trump,0.605,18.9,97.9,72.4,49.2,33318,48.1
305,121,Virginia,VA,Dickenson,Republican,Marco Rubio,0.155,18.9,97.9,72.4,49.2,33318,48.1
306,122,Virginia,VA,Dickenson,Republican,Ted Cruz,0.145,18.9,97.9,72.4,49.2,33318,48.1
307,123,Virginia,VA,Dickenson,Republican,Ben Carson,0.065,18.9,97.9,72.4,49.2,33318,48.1
308,124,Virginia,VA,Dickenson,Republican,John Kasich,0.022000000000000002,18.9,97.9,72.4,49.2,33318,48.1
309,125,Virginia,VA,Dinwiddie,Republican,Donald Trump,0.52,16.3,62.5,80.2,51.1,52027,55.6
310,126,Virginia,VA,Dinwiddie,Republican,Marco Rubio,0.205,16.3,62.5,80.2,51.1,52027,55.6
311,127,Virginia,VA,Dinwiddie,Republican,Ted Cruz,0.16399999999999998,16.3,62.5,80.2,51.1,52027,55.6
312,128,Virginia,VA,Dinwiddie,Republican,Ben Carson,0.065,16.3,62.5,80.2,51.1,52027,55.6
313,129,Virginia,VA,Dinwiddie,Republican,John Kasich,0.036000000000000004,16.3,62.5,80.2,51.1,52027,55.6
314,130,Virginia,VA,Essex,Republican,Donald Trump,0.382,20.4,55.3,76.7,52.9,44885,43.4
315,131,Virginia,VA,Essex,Republican,Marco Rubio,0.35,20.4,55.3,76.7,52.9,44885,43.4
316,132,Virginia,VA,Essex,Republican,Ted Cruz,0.122,20.4,55.3,76.7,52.9,44885,43.4
317,133,Virginia,VA,Essex,Republican,Ben Carson,0.078,20.4,55.3,76.7,52.9,44885,43.4
318,134,Virginia,VA,Essex,Republican,John Kasich,0.054000000000000006,20.4,55.3,76.7,52.9,44885,43.4
319,135,Virginia,VA,Fairfax,Republican,Marco Rubio,0.4,11.5,52.0,91.8,50.5,110292,2766.8
320,136,Virginia,VA,Fairfax,Republican,Marco Rubio,0.4,15.4,58.8,92.0,50.7,97242,3616.8
321,137,Virginia,VA,Fairfax,Republican,Donald Trump,0.251,11.5,52.0,91.8,50.5,110292,2766.8
322,138,Virginia,VA,Fairfax,Republican,Donald Trump,0.251,15.4,58.8,92.0,50.7,97242,3616.8
323,139,Virginia,VA,Fairfax,Republican,John Kasich,0.175,11.5,52.0,91.8,50.5,110292,2766.8
324,140,Virginia,VA,Fairfax,Republican,John Kasich,0.175,15.4,58.8,92.0,50.7,97242,3616.8
325,141,Virginia,VA,Fairfax,Republican,Ted Cruz,0.129,11.5,52.0,91.8,50.5,110292,2766.8
326,142,Virginia,VA,Fairfax,Republican,Ted Cruz,0.129,15.4,58.8,92.0,50.7,97242,3616.8
327,143,Virginia,VA,Fairfax,Republican,Ben Carson,0.031,11.5,52.0,91.8,50.5,110292,2766.8
328,144,Virginia,VA,Fairfax,Republican,Ben Carson,0.031,15.4,58.8,92.0,50.7,97242,3616.8
329,145,Virginia,VA,Fauquier,Republican,Donald Trump,0.361,14.9,81.0,91.4,50.5,88409,100.7
330,146,Virginia,VA,Fauquier,Republican,Marco Rubio,0.275,14.9,81.0,91.4,50.5,88409,100.7
331,147,Virginia,VA,Fauquier,Republican,Ted Cruz,0.195,14.9,81.0,91.4,50.5,88409,100.7
332,148,Virginia,VA,Fauquier,Republican,John Kasich,0.09,14.9,81.0,91.4,50.5,88409,100.7
333,149,Virginia,VA,Fauquier,Republican,Ben Carson,0.066,14.9,81.0,91.4,50.5,88409,100.7
334,150,Virginia,VA,Floyd,Republican,Donald Trump,0.42,20.4,93.7,81.4,49.6,44618,40.2
335,151,Virginia,VA,Floyd,Republican,Ted Cruz,0.256,20.4,93.7,81.4,49.6,44618,40.2
336,152,Virginia,VA,Floyd,Republican,Marco Rubio,0.198,20.4,93.7,81.4,49.6,44618,40.2
337,153,Virginia,VA,Floyd,Republican,Ben Carson,0.076,20.4,93.7,81.4,49.6,44618,40.2
338,154,Virginia,VA,Floyd,Republican,John Kasich,0.04,20.4,93.7,81.4,49.6,44618,40.2
339,155,Virginia,VA,Fluvanna,Republican,Donald Trump,0.35200000000000004,18.3,78.9,85.5,54.3,68288,89.8
340,156,Virginia,VA,Fluvanna,Republican,Marco Rubio,0.284,18.3,78.9,85.5,54.3,68288,89.8
341,157,Virginia,VA,Fluvanna,Republican,Ted Cruz,0.215,18.3,78.9,85.5,54.3,68288,89.8
342,158,Virginia,VA,Fluvanna,Republican,John Kasich,0.076,18.3,78.9,85.5,54.3,68288,89.8
343,159,Virginia,VA,Fluvanna,Republican,Ben Carson,0.064,18.3,78.9,85.5,54.3,68288,89.8
344,160,Virginia,VA,Franklin,Republican,Donald Trump,0.446,20.8,87.2,82.7,50.7,45624,81.3
345,161,Virginia,VA,Franklin,Republican,Donald Trump,0.446,17.5,37.8,79.4,54.9,31928,1045.8
346,162,Virginia,VA,Franklin,Republican,Ted Cruz,0.233,20.8,87.2,82.7,50.7,45624,81.3
347,163,Virginia,VA,Franklin,Republican,Ted Cruz,0.233,17.5,37.8,79.4,54.9,31928,1045.8
348,164,Virginia,VA,Franklin,Republican,Marco Rubio,0.188,20.8,87.2,82.7,50.7,45624,81.3
349,165,Virginia,VA,Franklin,Republican,Marco Rubio,0.188,17.5,37.8,79.4,54.9,31928,1045.8
350,166,Virginia,VA,Franklin,Republican,Ben Carson,0.07200000000000001,20.8,87.2,82.7,50.7,45624,81.3
351,167,Virginia,VA,Franklin,Republican,Ben Carson,0.07200000000000001,17.5,37.8,79.4,54.9,31928,1045.8
352,168,Virginia,VA,Franklin,Republican,John Kasich,0.053,20.8,87.2,82.7,50.7,45624,81.3
353,169,Virginia,VA,Franklin,Republican,John Kasich,0.053,17.5,37.8,79.4,54.9,31928,1045.8
354,170,Virginia,VA,Frederick,Republican,Donald Trump,0.36700000000000005,15.2,84.8,86.0,50.2,68424,189.4
355,171,Virginia,VA,Frederick,Republican,Marco Rubio,0.259,15.2,84.8,86.0,50.2,68424,189.4
356,172,Virginia,VA,Frederick,Republican,Ted Cruz,0.23,15.2,84.8,86.0,50.2,68424,189.4
357,173,Virginia,VA,Frederick,Republican,Ben Carson,0.073,15.2,84.8,86.0,50.2,68424,189.4
358,174,Virginia,VA,Frederick,Republican,John Kasich,0.06,15.2,84.8,86.0,50.2,68424,189.4
359,175,Virginia,VA,Giles,Republican,Donald Trump,0.46799999999999997,20.0,95.2,80.5,50.8,45141,48.6
360,176,Virginia,VA,Giles,Republican,Marco Rubio,0.233,20.0,95.2,80.5,50.8,45141,48.6
361,177,Virginia,VA,Giles,Republican,Ted Cruz,0.168,20.0,95.2,80.5,50.8,45141,48.6
362,178,Virginia,VA,Giles,Republican,Ben Carson,0.079,20.0,95.2,80.5,50.8,45141,48.6
363,179,Virginia,VA,Giles,Republican,John Kasich,0.043,20.0,95.2,80.5,50.8,45141,48.6
364,180,Virginia,VA,Gloucester,Republican,Donald Trump,0.441,17.5,85.0,89.3,50.7,60519,169.2
365,181,Virginia,VA,Gloucester,Republican,Marco Rubio,0.281,17.5,85.0,89.3,50.7,60519,169.2
366,182,Virginia,VA,Gloucester,Republican,Ted Cruz,0.131,17.5,85.0,89.3,50.7,60519,169.2
367,183,Virginia,VA,Gloucester,Republican,Ben Carson,0.08,17.5,85.0,89.3,50.7,60519,169.2
368,184,Virginia,VA,Gloucester,Republican,John Kasich,0.055,17.5,85.0,89.3,50.7,60519,169.2
369,185,Virginia,VA,Goochland,Republican,Marco Rubio,0.35100000000000003,19.4,77.3,87.4,50.6,80976,77.2
370,186,Virginia,VA,Goochland,Republican,Donald Trump,0.336,19.4,77.3,87.4,50.6,80976,77.2
371,187,Virginia,VA,Goochland,Republican,Ted Cruz,0.182,19.4,77.3,87.4,50.6,80976,77.2
372,188,Virginia,VA,Goochland,Republican,John Kasich,0.073,19.4,77.3,87.4,50.6,80976,77.2
373,189,Virginia,VA,Goochland,Republican,Ben Carson,0.05,19.4,77.3,87.4,50.6,80976,77.2
374,190,Virginia,VA,Grayson,Republican,Donald Trump,0.518,23.6,93.4,75.3,51.3,30710,35.1
375,191,Virginia,VA,Grayson,Republican,Ted Cruz,0.182,23.6,93.4,75.3,51.3,30710,35.1
376,192,Virginia,VA,Grayson,Republican,Marco Rubio,0.17800000000000002,23.6,93.4,75.3,51.3,30710,35.1
377,193,Virginia,VA,Grayson,Republican,Ben Carson,0.08,23.6,93.4,75.3,51.3,30710,35.1
378,194,Virginia,VA,Grayson,Republican,John Kasich,0.033,23.6,93.4,75.3,51.3,30710,35.1
379,195,Virginia,VA,Greene,Republican,Donald Trump,0.35600000000000004,15.7,84.2,83.1,50.4,59358,117.8
380,196,Virginia,VA,Greene,Republican,Marco Rubio,0.252,15.7,84.2,83.1,50.4,59358,117.8
381,197,Virginia,VA,Greene,Republican,Ted Cruz,0.237,15.7,84.2,83.1,50.4,59358,117.8
382,198,Virginia,VA,Greene,Republican,Ben Carson,0.07400000000000001,15.7,84.2,83.1,50.4,59358,117.8
383,199,Virginia,VA,Greene,Republican,John Kasich,0.069,15.7,84.2,83.1,50.4,59358,117.8
384,200,Virginia,VA,Greensville,Republican,Donald Trump,0.534,15.1,37.5,72.7,38.8,39697,41.5
385,201,Virginia,VA,Greensville,Republican,Marco Rubio,0.23,15.1,37.5,72.7,38.8,39697,41.5
386,202,Virginia,VA,Greensville,Republican,Ted Cruz,0.131,15.1,37.5,72.7,38.8,39697,41.5
387,203,Virginia,VA,Greensville,Republican,Ben Carson,0.063,15.1,37.5,72.7,38.8,39697,41.5
388,204,Virginia,VA,Greensville,Republican,John Kasich,0.033,15.1,37.5,72.7,38.8,39697,41.5
389,205,Virginia,VA,Halifax,Republican,Donald Trump,0.545,22.0,59.8,78.9,52.0,34659,44.3
390,206,Virginia,VA,Halifax,Republican,Ted Cruz,0.17600000000000002,22.0,59.8,78.9,52.0,34659,44.3
391,207,Virginia,VA,Halifax,Republican,Marco Rubio,0.162,22.0,59.8,78.9,52.0,34659,44.3
392,208,Virginia,VA,Halifax,Republican,Ben Carson,0.076,22.0,59.8,78.9,52.0,34659,44.3
393,209,Virginia,VA,Halifax,Republican,John Kasich,0.036000000000000004,22.0,59.8,78.9,52.0,34659,44.3
394,210,Virginia,VA,Hampton,Republican,Donald Trump,0.40700000000000003,13.7,40.1,89.3,51.9,50705,2673.2
395,211,Virginia,VA,Hampton,Republican,Marco Rubio,0.307,13.7,40.1,89.3,51.9,50705,2673.2
396,212,Virginia,VA,Hampton,Republican,Ted Cruz,0.131,13.7,40.1,89.3,51.9,50705,2673.2
397,213,Virginia,VA,Hampton,Republican,Ben Carson,0.075,13.7,40.1,89.3,51.9,50705,2673.2
398,214,Virginia,VA,Hampton,Republican,John Kasich,0.064,13.7,40.1,89.3,51.9,50705,2673.2
399,215,Virginia,VA,Hanover,Republican,Donald Trump,0.34700000000000003,15.7,84.6,92.1,51.0,75070,213.1
400,216,Virginia,VA,Hanover,Republican,Marco Rubio,0.309,15.7,84.6,92.1,51.0,75070,213.1
401,217,Virginia,VA,Hanover,Republican,Ted Cruz,0.218,15.7,84.6,92.1,51.0,75070,213.1
402,218,Virginia,VA,Hanover,Republican,John Kasich,0.062,15.7,84.6,92.1,51.0,75070,213.1
403,219,Virginia,VA,Hanover,Republican,Ben Carson,0.055,15.7,84.6,92.1,51.0,75070,213.1
404,220,Virginia,VA,Henrico,Republican,Marco Rubio,0.369,13.8,55.0,90.1,52.8,61048,1313.4
405,221,Virginia,VA,Henrico,Republican,Donald Trump,0.289,13.8,55.0,90.1,52.8,61048,1313.4
406,222,Virginia,VA,Henrico,Republican,Ted Cruz,0.19899999999999998,13.8,55.0,90.1,52.8,61048,1313.4
407,223,Virginia,VA,Henrico,Republican,John Kasich,0.08900000000000001,13.8,55.0,90.1,52.8,61048,1313.4
408,224,Virginia,VA,Henrico,Republican,Ben Carson,0.042,13.8,55.0,90.1,52.8,61048,1313.4
409,225,Virginia,VA,Henry,Republican,Donald Trump,0.504,21.8,70.5,77.0,51.8,34984,141.6
410,226,Virginia,VA,Henry,Republican,Ted Cruz,0.195,21.8,70.5,77.0,51.8,34984,141.6
411,227,Virginia,VA,Henry,Republican,Marco Rubio,0.188,21.8,70.5,77.0,51.8,34984,141.6
412,228,Virginia,VA,Henry,Republican,Ben Carson,0.07200000000000001,21.8,70.5,77.0,51.8,34984,141.6
413,229,Virginia,VA,Henry,Republican,John Kasich,0.033,21.8,70.5,77.0,51.8,34984,141.6
414,230,Virginia,VA,Highland,Republican,Donald Trump,0.418,29.4,97.2,78.9,50.3,49625,5.6
415,231,Virginia,VA,Highland,Republican,Marco Rubio,0.23,29.4,97.2,78.9,50.3,49625,5.6
416,232,Virginia,VA,Highland,Republican,Ted Cruz,0.222,29.4,97.2,78.9,50.3,49625,5.6
417,233,Virginia,VA,Highland,Republican,John Kasich,0.064,29.4,97.2,78.9,50.3,49625,5.6
418,234,Virginia,VA,Highland,Republican,Ben Carson,0.059000000000000004,29.4,97.2,78.9,50.3,49625,5.6
419,235,Virginia,VA,Lancaster,Republican,Donald Trump,0.418,35.2,68.7,87.9,53.3,49248,85.5
420,236,Virginia,VA,Lancaster,Republican,Marco Rubio,0.311,35.2,68.7,87.9,53.3,49248,85.5
421,237,Virginia,VA,Lancaster,Republican,John Kasich,0.10800000000000001,35.2,68.7,87.9,53.3,49248,85.5
422,238,Virginia,VA,Lancaster,Republican,Ted Cruz,0.084,35.2,68.7,87.9,53.3,49248,85.5
423,239,Virginia,VA,Lancaster,Republican,Ben Carson,0.069,35.2,68.7,87.9,53.3,49248,85.5
424,240,Virginia,VA,Lee,Republican,Donald Trump,0.534,18.8,92.8,74.2,47.7,31308,58.8
425,241,Virginia,VA,Lee,Republican,Ted Cruz,0.19399999999999998,18.8,92.8,74.2,47.7,31308,58.8
426,242,Virginia,VA,Lee,Republican,Marco Rubio,0.168,18.8,92.8,74.2,47.7,31308,58.8
427,243,Virginia,VA,Lee,Republican,Ben Carson,0.061,18.8,92.8,74.2,47.7,31308,58.8
428,244,Virginia,VA,Lee,Republican,John Kasich,0.033,18.8,92.8,74.2,47.7,31308,58.8
429,245,Virginia,VA,Loudoun,Republican,Marco Rubio,0.40399999999999997,7.9,58.8,93.8,50.4,122238,605.8
430,246,Virginia,VA,Loudoun,Republican,Donald Trump,0.27899999999999997,7.9,58.8,93.8,50.4,122238,605.8
431,247,Virginia,VA,Loudoun,Republican,Ted Cruz,0.149,7.9,58.8,93.8,50.4,122238,605.8
432,248,Virginia,VA,Loudoun,Republican,John Kasich,0.114,7.9,58.8,93.8,50.4,122238,605.8
433,249,Virginia,VA,Loudoun,Republican,Ben Carson,0.043,7.9,58.8,93.8,50.4,122238,605.8
434,250,Virginia,VA,Louisa,Republican,Donald Trump,0.406,17.6,78.0,82.5,50.6,54518,66.8
435,251,Virginia,VA,Louisa,Republican,Marco Rubio,0.253,17.6,78.0,82.5,50.6,54518,66.8
436,252,Virginia,VA,Louisa,Republican,Ted Cruz,0.22,17.6,78.0,82.5,50.6,54518,66.8
437,253,Virginia,VA,Louisa,Republican,Ben Carson,0.06,17.6,78.0,82.5,50.6,54518,66.8
438,254,Virginia,VA,Louisa,Republican,John Kasich,0.05,17.6,78.0,82.5,50.6,54518,66.8
439,255,Virginia,VA,Lunenburg,Republican,Donald Trump,0.485,19.7,60.2,69.0,47.3,35237,29.9
440,256,Virginia,VA,Lunenburg,Republican,Marco Rubio,0.221,19.7,60.2,69.0,47.3,35237,29.9
441,257,Virginia,VA,Lunenburg,Republican,Ted Cruz,0.135,19.7,60.2,69.0,47.3,35237,29.9
442,258,Virginia,VA,Lunenburg,Republican,Ben Carson,0.127,19.7,60.2,69.0,47.3,35237,29.9
443,259,Virginia,VA,Lunenburg,Republican,John Kasich,0.026000000000000002,19.7,60.2,69.0,47.3,35237,29.9
444,260,Virginia,VA,Madison,Republican,Donald Trump,0.41600000000000004,20.5,85.3,79.8,51.4,53459,41.5
445,261,Virginia,VA,Madison,Republican,Ted Cruz,0.212,20.5,85.3,79.8,51.4,53459,41.5
446,262,Virginia,VA,Madison,Republican,Marco Rubio,0.193,20.5,85.3,79.8,51.4,53459,41.5
447,263,Virginia,VA,Madison,Republican,Ben Carson,0.10300000000000001,20.5,85.3,79.8,51.4,53459,41.5
448,264,Virginia,VA,Madison,Republican,John Kasich,0.065,20.5,85.3,79.8,51.4,53459,41.5
449,265,Virginia,VA,Mathews,Republican,Donald Trump,0.43,28.2,85.8,88.8,51.7,55192,104.5
450,266,Virginia,VA,Mathews,Republican,Marco Rubio,0.27,28.2,85.8,88.8,51.7,55192,104.5
451,267,Virginia,VA,Mathews,Republican,Ted Cruz,0.152,28.2,85.8,88.8,51.7,55192,104.5
452,268,Virginia,VA,Mathews,Republican,Ben Carson,0.069,28.2,85.8,88.8,51.7,55192,104.5
453,269,Virginia,VA,Mathews,Republican,John Kasich,0.068,28.2,85.8,88.8,51.7,55192,104.5
454,270,Virginia,VA,Mecklenburg,Republican,Donald Trump,0.5,23.8,60.1,76.9,51.6,36261,52.3
455,271,Virginia,VA,Mecklenburg,Republican,Marco Rubio,0.222,23.8,60.1,76.9,51.6,36261,52.3
456,272,Virginia,VA,Mecklenburg,Republican,Ted Cruz,0.142,23.8,60.1,76.9,51.6,36261,52.3
457,273,Virginia,VA,Mecklenburg,Republican,Ben Carson,0.07200000000000001,23.8,60.1,76.9,51.6,36261,52.3
458,274,Virginia,VA,Mecklenburg,Republican,John Kasich,0.052000000000000005,23.8,60.1,76.9,51.6,36261,52.3
459,275,Virginia,VA,Middlesex,Republican,Donald Trump,0.49200000000000005,29.0,77.9,89.0,50.8,53309,84.1
460,276,Virginia,VA,Middlesex,Republican,Marco Rubio,0.266,29.0,77.9,89.0,50.8,53309,84.1
461,277,Virginia,VA,Middlesex,Republican,Ted Cruz,0.096,29.0,77.9,89.0,50.8,53309,84.1
462,278,Virginia,VA,Middlesex,Republican,John Kasich,0.07,29.0,77.9,89.0,50.8,53309,84.1
463,279,Virginia,VA,Middlesex,Republican,Ben Carson,0.063,29.0,77.9,89.0,50.8,53309,84.1
464,280,Virginia,VA,Montgomery,Republican,Donald Trump,0.32299999999999995,11.0,84.7,89.6,47.9,45543,243.9
465,281,Virginia,VA,Montgomery,Republican,Marco Rubio,0.32,11.0,84.7,89.6,47.9,45543,243.9
466,282,Virginia,VA,Montgomery,Republican,Ted Cruz,0.168,11.0,84.7,89.6,47.9,45543,243.9
467,283,Virginia,VA,Montgomery,Republican,John Kasich,0.08900000000000001,11.0,84.7,89.6,47.9,45543,243.9
468,284,Virginia,VA,Montgomery,Republican,Ben Carson,0.085,11.0,84.7,89.6,47.9,45543,243.9
469,285,Virginia,VA,Nelson,Republican,Donald Trump,0.41100000000000003,23.7,81.7,80.8,51.4,48789,31.9
470,286,Virginia,VA,Nelson,Republican,Ted Cruz,0.231,23.7,81.7,80.8,51.4,48789,31.9
471,287,Virginia,VA,Nelson,Republican,Marco Rubio,0.228,23.7,81.7,80.8,51.4,48789,31.9
472,288,Virginia,VA,Nelson,Republican,Ben Carson,0.065,23.7,81.7,80.8,51.4,48789,31.9
473,289,Virginia,VA,Nelson,Republican,John Kasich,0.055999999999999994,23.7,81.7,80.8,51.4,48789,31.9
474,290,Virginia,VA,Norfolk,Republican,Donald Trump,0.365,9.9,44.0,86.0,47.8,44747,4486.4
475,291,Virginia,VA,Norfolk,Republican,Marco Rubio,0.342,9.9,44.0,86.0,47.8,44747,4486.4
476,292,Virginia,VA,Norfolk,Republican,Ted Cruz,0.11800000000000001,9.9,44.0,86.0,47.8,44747,4486.4
477,293,Virginia,VA,Norfolk,Republican,John Kasich,0.08900000000000001,9.9,44.0,86.0,47.8,44747,4486.4
478,294,Virginia,VA,Norfolk,Republican,Ben Carson,0.063,9.9,44.0,86.0,47.8,44747,4486.4
479,295,Virginia,VA,Northampton,Republican,Donald Trump,0.45399999999999996,24.4,54.1,78.1,51.6,33635,58.5
480,296,Virginia,VA,Northampton,Republican,Marco Rubio,0.265,24.4,54.1,78.1,51.6,33635,58.5
481,297,Virginia,VA,Northampton,Republican,Ted Cruz,0.11699999999999999,24.4,54.1,78.1,51.6,33635,58.5
482,298,Virginia,VA,Northampton,Republican,John Kasich,0.099,24.4,54.1,78.1,51.6,33635,58.5
483,299,Virginia,VA,Northampton,Republican,Ben Carson,0.055,24.4,54.1,78.1,51.6,33635,58.5
484,300,Virginia,VA,Northumberland,Republican,Donald Trump,0.44,34.3,70.2,85.6,50.5,51342,64.5
485,301,Virginia,VA,Northumberland,Republican,Marco Rubio,0.28600000000000003,34.3,70.2,85.6,50.5,51342,64.5
486,302,Virginia,VA,Northumberland,Republican,Ted Cruz,0.10099999999999999,34.3,70.2,85.6,50.5,51342,64.5
487,303,Virginia,VA,Northumberland,Republican,John Kasich,0.094,34.3,70.2,85.6,50.5,51342,64.5
488,304,Virginia,VA,Northumberland,Republican,Ben Carson,0.07,34.3,70.2,85.6,50.5,51342,64.5
489,305,Virginia,VA,Nottoway,Republican,Donald Trump,0.483,18.3,55.2,73.8,47.0,36607,50.4
490,306,Virginia,VA,Nottoway,Republican,Marco Rubio,0.217,18.3,55.2,73.8,47.0,36607,50.4
491,307,Virginia,VA,Nottoway,Republican,Ted Cruz,0.16399999999999998,18.3,55.2,73.8,47.0,36607,50.4
492,308,Virginia,VA,Nottoway,Republican,Ben Carson,0.1,18.3,55.2,73.8,47.0,36607,50.4
493,309,Virginia,VA,Nottoway,Republican,John Kasich,0.023,18.3,55.2,73.8,47.0,36607,50.4
494,310,Virginia,VA,Orange,Republican,Donald Trump,0.414,19.7,79.0,85.0,51.0,60287,98.2
495,311,Virginia,VA,Orange,Republican,Marco Rubio,0.24100000000000002,19.7,79.0,85.0,51.0,60287,98.2
496,312,Virginia,VA,Orange,Republican,Ted Cruz,0.18,19.7,79.0,85.0,51.0,60287,98.2
497,313,Virginia,VA,Orange,Republican,John Kasich,0.084,19.7,79.0,85.0,51.0,60287,98.2
498,314,Virginia,VA,Orange,Republican,Ben Carson,0.071,19.7,79.0,85.0,51.0,60287,98.2
499,315,Virginia,VA,Page,Republican,Donald Trump,0.51,19.8,94.4,75.6,50.4,42906,77.3
500,316,Virginia,VA,Page,Republican,Marco Rubio,0.204,19.8,94.4,75.6,50.4,42906,77.3
501,317,Virginia,VA,Page,Republican,Ted Cruz,0.158,19.8,94.4,75.6,50.4,42906,77.3
502,318,Virginia,VA,Page,Republican,Ben Carson,0.07200000000000001,19.8,94.4,75.6,50.4,42906,77.3
503,319,Virginia,VA,Page,Republican,John Kasich,0.046,19.8,94.4,75.6,50.4,42906,77.3
504,320,Virginia,VA,Patrick,Republican,Donald Trump,0.46799999999999997,24.2,89.9,75.3,50.9,34864,38.3
505,321,Virginia,VA,Patrick,Republican,Ted Cruz,0.23,24.2,89.9,75.3,50.9,34864,38.3
506,322,Virginia,VA,Patrick,Republican,Marco Rubio,0.16399999999999998,24.2,89.9,75.3,50.9,34864,38.3
507,323,Virginia,VA,Patrick,Republican,Ben Carson,0.095,24.2,89.9,75.3,50.9,34864,38.3
508,324,Virginia,VA,Patrick,Republican,John Kasich,0.033,24.2,89.9,75.3,50.9,34864,38.3
509,325,Virginia,VA,Pittsylvania,Republican,Donald Trump,0.486,20.0,74.2,79.1,50.9,42143,65.5
510,326,Virginia,VA,Pittsylvania,Republican,Ted Cruz,0.193,20.0,74.2,79.1,50.9,42143,65.5
511,327,Virginia,VA,Pittsylvania,Republican,Marco Rubio,0.17,20.0,74.2,79.1,50.9,42143,65.5
512,328,Virginia,VA,Pittsylvania,Republican,Ben Carson,0.095,20.0,74.2,79.1,50.9,42143,65.5
513,329,Virginia,VA,Pittsylvania,Republican,John Kasich,0.023,20.0,74.2,79.1,50.9,42143,65.5
514,330,Virginia,VA,Powhatan,Republican,Donald Trump,0.381,15.7,83.5,85.9,46.3,76548,107.8
515,331,Virginia,VA,Powhatan,Republican,Marco Rubio,0.285,15.7,83.5,85.9,46.3,76548,107.8
516,332,Virginia,VA,Powhatan,Republican,Ted Cruz,0.22,15.7,83.5,85.9,46.3,76548,107.8
517,333,Virginia,VA,Powhatan,Republican,Ben Carson,0.055999999999999994,15.7,83.5,85.9,46.3,76548,107.8
518,334,Virginia,VA,Powhatan,Republican,John Kasich,0.05,15.7,83.5,85.9,46.3,76548,107.8
519,335,Virginia,VA,Pulaski,Republican,Donald Trump,0.507,20.6,91.1,81.8,49.9,44312,109.0
520,336,Virginia,VA,Pulaski,Republican,Marco Rubio,0.21,20.6,91.1,81.8,49.9,44312,109.0
521,337,Virginia,VA,Pulaski,Republican,Ted Cruz,0.152,20.6,91.1,81.8,49.9,44312,109.0
522,338,Virginia,VA,Pulaski,Republican,Ben Carson,0.081,20.6,91.1,81.8,49.9,44312,109.0
523,339,Virginia,VA,Pulaski,Republican,John Kasich,0.040999999999999995,20.6,91.1,81.8,49.9,44312,109.0
524,340,Virginia,VA,Rappahannock,Republican,Donald Trump,0.406,23.8,89.2,83.0,50.2,56438,27.7
525,341,Virginia,VA,Rappahannock,Republican,Marco Rubio,0.225,23.8,89.2,83.0,50.2,56438,27.7
526,342,Virginia,VA,Rappahannock,Republican,Ted Cruz,0.192,23.8,89.2,83.0,50.2,56438,27.7
527,343,Virginia,VA,Rappahannock,Republican,Ben Carson,0.083,23.8,89.2,83.0,50.2,56438,27.7
528,344,Virginia,VA,Rappahannock,Republican,John Kasich,0.07200000000000001,23.8,89.2,83.0,50.2,56438,27.7
529,345,Virginia,VA,Richmond,Republican,Donald Trump,0.369,19.5,61.3,73.8,44.5,47083,48.3
530,346,Virginia,VA,Richmond,Republican,Donald Trump,0.369,11.4,40.2,81.5,52.3,40496,3414.7
531,347,Virginia,VA,Richmond,Republican,Marco Rubio,0.358,19.5,61.3,73.8,44.5,47083,48.3
532,348,Virginia,VA,Richmond,Republican,Marco Rubio,0.358,11.4,40.2,81.5,52.3,40496,3414.7
533,349,Virginia,VA,Richmond,Republican,Ted Cruz,0.124,19.5,61.3,73.8,44.5,47083,48.3
534,350,Virginia,VA,Richmond,Republican,Ted Cruz,0.124,11.4,40.2,81.5,52.3,40496,3414.7
535,351,Virginia,VA,Richmond,Republican,Ben Carson,0.096,19.5,61.3,73.8,44.5,47083,48.3
536,352,Virginia,VA,Richmond,Republican,Ben Carson,0.096,11.4,40.2,81.5,52.3,40496,3414.7
537,353,Virginia,VA,Richmond,Republican,John Kasich,0.040999999999999995,19.5,61.3,73.8,44.5,47083,48.3
538,354,Virginia,VA,Richmond,Republican,John Kasich,0.040999999999999995,11.4,40.2,81.5,52.3,40496,3414.7
539,355,Virginia,VA,Roanoke,Republican,Donald Trump,0.34600000000000003,19.6,86.8,90.9,52.0,60795,368.7
540,356,Virginia,VA,Roanoke,Republican,Donald Trump,0.34600000000000003,14.9,60.7,81.8,52.3,38145,2279.8
541,357,Virginia,VA,Roanoke,Republican,Marco Rubio,0.28600000000000003,19.6,86.8,90.9,52.0,60795,368.7
542,358,Virginia,VA,Roanoke,Republican,Marco Rubio,0.28600000000000003,14.9,60.7,81.8,52.3,38145,2279.8
543,359,Virginia,VA,Roanoke,Republican,Ted Cruz,0.225,19.6,86.8,90.9,52.0,60795,368.7
544,360,Virginia,VA,Roanoke,Republican,Ted Cruz,0.225,14.9,60.7,81.8,52.3,38145,2279.8
545,361,Virginia,VA,Roanoke,Republican,Ben Carson,0.067,19.6,86.8,90.9,52.0,60795,368.7
546,362,Virginia,VA,Roanoke,Republican,Ben Carson,0.067,14.9,60.7,81.8,52.3,38145,2279.8
547,363,Virginia,VA,Roanoke,Republican,John Kasich,0.066,19.6,86.8,90.9,52.0,60795,368.7
548,364,Virginia,VA,Roanoke,Republican,John Kasich,0.066,14.9,60.7,81.8,52.3,38145,2279.8
549,365,Virginia,VA,Rockbridge,Republican,Donald Trump,0.355,24.2,93.1,84.4,50.6,48313,37.3
550,366,Virginia,VA,Rockbridge,Republican,Marco Rubio,0.28800000000000003,24.2,93.1,84.4,50.6,48313,37.3
551,367,Virginia,VA,Rockbridge,Republican,Ted Cruz,0.162,24.2,93.1,84.4,50.6,48313,37.3
552,368,Virginia,VA,Rockbridge,Republican,John Kasich,0.11,24.2,93.1,84.4,50.6,48313,37.3
553,369,Virginia,VA,Rockbridge,Republican,Ben Carson,0.073,24.2,93.1,84.4,50.6,48313,37.3
554,370,Virginia,VA,Rockingham,Republican,Donald Trump,0.363,18.0,90.1,80.7,51.0,52195,89.9
555,371,Virginia,VA,Rockingham,Republican,Marco Rubio,0.263,18.0,90.1,80.7,51.0,52195,89.9
556,372,Virginia,VA,Rockingham,Republican,Ted Cruz,0.218,18.0,90.1,80.7,51.0,52195,89.9
557,373,Virginia,VA,Rockingham,Republican,Ben Carson,0.081,18.0,90.1,80.7,51.0,52195,89.9
558,374,Virginia,VA,Rockingham,Republican,John Kasich,0.063,18.0,90.1,80.7,51.0,52195,89.9
559,375,Virginia,VA,Russell,Republican,Donald Trump,0.556,18.8,96.9,74.7,51.2,33872,61.0
560,376,Virginia,VA,Russell,Republican,Ted Cruz,0.18,18.8,96.9,74.7,51.2,33872,61.0
561,377,Virginia,VA,Russell,Republican,Marco Rubio,0.17,18.8,96.9,74.7,51.2,33872,61.0
562,378,Virginia,VA,Russell,Republican,Ben Carson,0.057,18.8,96.9,74.7,51.2,33872,61.0
563,379,Virginia,VA,Russell,Republican,John Kasich,0.026000000000000002,18.8,96.9,74.7,51.2,33872,61.0
564,380,Virginia,VA,Scott,Republican,Donald Trump,0.503,21.5,96.8,74.9,49.9,38355,43.3
565,381,Virginia,VA,Scott,Republican,Ted Cruz,0.20199999999999999,21.5,96.8,74.9,49.9,38355,43.3
566,382,Virginia,VA,Scott,Republican,Marco Rubio,0.18100000000000002,21.5,96.8,74.9,49.9,38355,43.3
567,383,Virginia,VA,Scott,Republican,Ben Carson,0.076,21.5,96.8,74.9,49.9,38355,43.3
568,384,Virginia,VA,Scott,Republican,John Kasich,0.026000000000000002,21.5,96.8,74.9,49.9,38355,43.3
569,385,Virginia,VA,Shenandoah,Republican,Donald Trump,0.384,20.2,88.8,84.6,51.2,49625,82.5
570,386,Virginia,VA,Shenandoah,Republican,Marco Rubio,0.248,20.2,88.8,84.6,51.2,49625,82.5
571,387,Virginia,VA,Shenandoah,Republican,Ted Cruz,0.19699999999999998,20.2,88.8,84.6,51.2,49625,82.5
572,388,Virginia,VA,Shenandoah,Republican,Ben Carson,0.09699999999999999,20.2,88.8,84.6,51.2,49625,82.5
573,389,Virginia,VA,Shenandoah,Republican,John Kasich,0.059000000000000004,20.2,88.8,84.6,51.2,49625,82.5
574,390,Virginia,VA,Smyth,Republican,Donald Trump,0.52,20.0,94.3,79.9,51.0,37239,71.4
575,391,Virginia,VA,Smyth,Republican,Marco Rubio,0.21,20.0,94.3,79.9,51.0,37239,71.4
576,392,Virginia,VA,Smyth,Republican,Ted Cruz,0.165,20.0,94.3,79.9,51.0,37239,71.4
577,393,Virginia,VA,Smyth,Republican,Ben Carson,0.057999999999999996,20.0,94.3,79.9,51.0,37239,71.4
578,394,Virginia,VA,Smyth,Republican,John Kasich,0.035,20.0,94.3,79.9,51.0,37239,71.4
579,395,Virginia,VA,Southampton,Republican,Donald Trump,0.47,18.0,60.7,78.0,48.1,46150,31.0
580,396,Virginia,VA,Southampton,Republican,Marco Rubio,0.268,18.0,60.7,78.0,48.1,46150,31.0
581,397,Virginia,VA,Southampton,Republican,Ted Cruz,0.142,18.0,60.7,78.0,48.1,46150,31.0
582,398,Virginia,VA,Southampton,Republican,Ben Carson,0.07,18.0,60.7,78.0,48.1,46150,31.0
583,399,Virginia,VA,Southampton,Republican,John Kasich,0.040999999999999995,18.0,60.7,78.0,48.1,46150,31.0
584,400,Virginia,VA,Spotsylvania,Republican,Donald Trump,0.375,12.2,70.1,89.1,50.8,78345,304.9
585,401,Virginia,VA,Spotsylvania,Republican,Marco Rubio,0.271,12.2,70.1,89.1,50.8,78345,304.9
586,402,Virginia,VA,Spotsylvania,Republican,Ted Cruz,0.196,12.2,70.1,89.1,50.8,78345,304.9
587,403,Virginia,VA,Spotsylvania,Republican,John Kasich,0.08,12.2,70.1,89.1,50.8,78345,304.9
588,404,Virginia,VA,Spotsylvania,Republican,Ben Carson,0.069,12.2,70.1,89.1,50.8,78345,304.9
589,405,Virginia,VA,Stafford,Republican,Donald Trump,0.36,9.1,64.8,92.6,49.6,97110,479.5
590,406,Virginia,VA,Stafford,Republican,Marco Rubio,0.309,9.1,64.8,92.6,49.6,97110,479.5
591,407,Virginia,VA,Stafford,Republican,Ted Cruz,0.172,9.1,64.8,92.6,49.6,97110,479.5
592,408,Virginia,VA,Stafford,Republican,John Kasich,0.08199999999999999,9.1,64.8,92.6,49.6,97110,479.5
593,409,Virginia,VA,Stafford,Republican,Ben Carson,0.066,9.1,64.8,92.6,49.6,97110,479.5
594,410,Virginia,VA,Suffolk,Republican,Donald Trump,0.395,13.0,49.9,87.2,51.7,66085,211.4
595,411,Virginia,VA,Suffolk,Republican,Marco Rubio,0.312,13.0,49.9,87.2,51.7,66085,211.4
596,412,Virginia,VA,Suffolk,Republican,Ted Cruz,0.145,13.0,49.9,87.2,51.7,66085,211.4
597,413,Virginia,VA,Suffolk,Republican,Ben Carson,0.071,13.0,49.9,87.2,51.7,66085,211.4
598,414,Virginia,VA,Suffolk,Republican,John Kasich,0.068,13.0,49.9,87.2,51.7,66085,211.4
599,415,Virginia,VA,Surry,Republican,Donald Trump,0.45399999999999996,19.1,52.3,77.8,50.7,47292,25.3
600,416,Virginia,VA,Surry,Republican,Marco Rubio,0.226,19.1,52.3,77.8,50.7,47292,25.3
601,417,Virginia,VA,Surry,Republican,Ted Cruz,0.20600000000000002,19.1,52.3,77.8,50.7,47292,25.3
602,418,Virginia,VA,Surry,Republican,Ben Carson,0.084,19.1,52.3,77.8,50.7,47292,25.3
603,419,Virginia,VA,Surry,Republican,John Kasich,0.02,19.1,52.3,77.8,50.7,47292,25.3
604,420,Virginia,VA,Sussex,Republican,Donald Trump,0.493,16.2,38.6,70.0,40.6,39635,24.7
605,421,Virginia,VA,Sussex,Republican,Marco Rubio,0.22699999999999998,16.2,38.6,70.0,40.6,39635,24.7
606,422,Virginia,VA,Sussex,Republican,Ted Cruz,0.162,16.2,38.6,70.0,40.6,39635,24.7
607,423,Virginia,VA,Sussex,Republican,Ben Carson,0.065,16.2,38.6,70.0,40.6,39635,24.7
608,424,Virginia,VA,Sussex,Republican,John Kasich,0.039,16.2,38.6,70.0,40.6,39635,24.7
609,425,Virginia,VA,Tazewell,Republican,Donald Trump,0.579,19.2,93.8,77.0,50.3,35693,86.9
610,426,Virginia,VA,Tazewell,Republican,Ted Cruz,0.16399999999999998,19.2,93.8,77.0,50.3,35693,86.9
611,427,Virginia,VA,Tazewell,Republican,Marco Rubio,0.151,19.2,93.8,77.0,50.3,35693,86.9
612,428,Virginia,VA,Tazewell,Republican,Ben Carson,0.06,19.2,93.8,77.0,50.3,35693,86.9
613,429,Virginia,VA,Tazewell,Republican,John Kasich,0.036000000000000004,19.2,93.8,77.0,50.3,35693,86.9
614,430,Virginia,VA,Warren,Republican,Donald Trump,0.395,14.5,87.5,84.0,50.1,61610,176.0
615,431,Virginia,VA,Warren,Republican,Ted Cruz,0.257,14.5,87.5,84.0,50.1,61610,176.0
616,432,Virginia,VA,Warren,Republican,Marco Rubio,0.228,14.5,87.5,84.0,50.1,61610,176.0
617,433,Virginia,VA,Warren,Republican,Ben Carson,0.055999999999999994,14.5,87.5,84.0,50.1,61610,176.0
618,434,Virginia,VA,Warren,Republican,John Kasich,0.051,14.5,87.5,84.0,50.1,61610,176.0
619,435,Virginia,VA,Washington,Republican,Donald Trump,0.434,20.3,95.6,83.2,50.7,41897,97.8
620,436,Virginia,VA,Washington,Republican,Ted Cruz,0.245,20.3,95.6,83.2,50.7,41897,97.8
621,437,Virginia,VA,Washington,Republican,Marco Rubio,0.201,20.3,95.6,83.2,50.7,41897,97.8
622,438,Virginia,VA,Washington,Republican,Ben Carson,0.062,20.3,95.6,83.2,50.7,41897,97.8
623,439,Virginia,VA,Washington,Republican,John Kasich,0.048,20.3,95.6,83.2,50.7,41897,97.8
624,440,Virginia,VA,Westmoreland,Republican,Donald Trump,0.488,23.7,63.6,79.1,51.4,49157,76.1
625,441,Virginia,VA,Westmoreland,Republican,Marco Rubio,0.21600000000000003,23.7,63.6,79.1,51.4,49157,76.1
626,442,Virginia,VA,Westmoreland,Republican,Ted Cruz,0.132,23.7,63.6,79.1,51.4,49157,76.1
627,443,Virginia,VA,Westmoreland,Republican,John Kasich,0.083,23.7,63.6,79.1,51.4,49157,76.1
628,444,Virginia,VA,Westmoreland,Republican,Ben Carson,0.07200000000000001,23.7,63.6,79.1,51.4,49157,76.1
629,445,Virginia,VA,Wise,Republican,Donald Trump,0.5670000000000001,15.9,92.0,72.9,48.2,36218,102.8
630,446,Virginia,VA,Wise,Republican,Marco Rubio,0.17300000000000001,15.9,92.0,72.9,48.2,36218,102.8
631,447,Virginia,VA,Wise,Republican,Ted Cruz,0.141,15.9,92.0,72.9,48.2,36218,102.8
632,448,Virginia,VA,Wise,Republican,Ben Carson,0.079,15.9,92.0,72.9,48.2,36218,102.8
633,449,Virginia,VA,Wise,Republican,John Kasich,0.028999999999999998,15.9,92.0,72.9,48.2,36218,102.8
634,450,Virginia,VA,Wythe,Republican,Donald Trump,0.537,19.7,94.1,81.7,51.1,41275,63.3
635,451,Virginia,VA,Wythe,Republican,Marco Rubio,0.185,19.7,94.1,81.7,51.1,41275,63.3
636,452,Virginia,VA,Wythe,Republican,Ted Cruz,0.153,19.7,94.1,81.7,51.1,41275,63.3
637,453,Virginia,VA,Wythe,Republican,Ben Carson,0.07400000000000001,19.7,94.1,81.7,51.1,41275,63.3
638,454,Virginia,VA,Wythe,Republican,John Kasich,0.042,19.7,94.1,81.7,51.1,41275,63.3
639,455,Virginia,VA,York,Republican,Marco Rubio,0.354,14.6,72.5,94.9,50.7,82073,624.8
640,456,Virginia,VA,York,Republican,Donald Trump,0.332,14.6,72.5,94.9,50.7,82073,624.8
641,457,Virginia,VA,York,Republican,Ted Cruz,0.142,14.6,72.5,94.9,50.7,82073,624.8
642,458,Virginia,VA,York,Republican,John Kasich,0.098,14.6,72.5,94.9,50.7,82073,624.8
643,459,Virginia,VA,York,Republican,Ben Carson,0.062,14.6,72.5,94.9,50.7,82073,624.8
