,id,state,state_abbreviation,county,party,candidate,fraction_votes,AGE775214,RHI825214,EDU635213,SEX255214,INC110213,POP060210
0,0,Vermont,VT,Addison,Democrat,Bernie Sanders,0.863,16.9,93.2,90.7,49.9,57565,48.0
1,1,Vermont,VT,Addison,Democrat,Hillary Clinton,0.13699999999999998,16.9,93.2,90.7,49.9,57565,48.0
2,2,Vermont,VT,Bennington,Democrat,Bernie Sanders,0.838,21.2,94.9,90.1,51.5,50221,55.0
3,3,Vermont,VT,Bennington,Democrat,Hillary Clinton,0.158,21.2,94.9,90.1,51.5,50221,55.0
4,4,Vermont,VT,Chittenden,Democrat,Bernie Sanders,0.904,13.2,89.9,93.9,51.1,63989,291.7
5,5,Vermont,VT,Chittenden,Democrat,Hillary Clinton,0.096,13.2,89.9,93.9,51.1,63989,291.7
6,6,Vermont,VT,Essex,Democrat,Bernie Sanders,0.866,23.3,96.1,83.3,49.6,35916,9.5
7,7,Vermont,VT,Essex,Democrat,Hillary Clinton,0.131,23.3,96.1,83.3,49.6,35916,9.5
8,8,Vermont,VT,Franklin,Democrat,Bernie Sanders,0.915,13.9,94.3,88.8,50.3,56240,75.3
9,9,Vermont,VT,Franklin,Democrat,Hillary Clinton,0.085,13.9,94.3,88.8,50.3,56240,75.3
10,10,Vermont,VT,Orange,Democrat,Bernie Sanders,0.937,17.6,95.7,91.3,50.3,52480,42.1
11,11,Vermont,VT,Orange,Democrat,Hillary Clinton,0.055999999999999994,17.6,95.7,91.3,50.3,52480,42.1
12,12,Vermont,VT,Rutland,Democrat,Bernie Sanders,0.841,19.4,95.9,89.4,50.9,49271,66.3
13,13,Vermont,VT,Rutland,Democrat,Hillary Clinton,0.156,19.4,95.9,89.4,50.9,49271,66.3
14,14,Vermont,VT,Washington,Democrat,Bernie Sanders,0.82,17.0,94.4,93.5,50.6,57281,86.6
15,15,Vermont,VT,Washington,Democrat,Hillary Clinton,0.175,17.0,94.4,93.5,50.6,57281,86.6
16,16,Vermont,VT,Windham,Democrat,Bernie Sanders,0.88,19.3,93.7,90.8,51.0,50234,56.7
17,17,Vermont,VT,Windham,Democrat,Hillary Clinton,0.12,19.3,93.7,90.8,51.0,50234,56.7
18,18,Vermont,VT,Windsor,Democrat,Bernie Sanders,0.865,20.7,95.0,92.7,51.1,52460,58.5
19,19,Vermont,VT,Windsor,Democrat,Hillary Clinton,0.132,20.7,95.0,92.7,51.1,52460,58.5
20,0,Vermont,VT,Addison,Republican,Donald Trump,0.28800000000000003,16.9,93.2,90.7,49.9,57565,48.0
21,1,Vermont,VT,Addison,Republican,Marco Rubio,0.245,16.9,93.2,90.7,49.9,57565,48.0
22,2,Vermont,VT,Addison,Republican,John Kasich,0.223,16.9,93.2,90.7,49.9,57565,48.0
23,3,Vermont,VT,Addison,Republican,Ted Cruz,0.14400000000000002,16.9,93.2,90.7,49.9,57565,48.0
24,4,Vermont,VT,Addison,Republican,Ben Carson,0.07400000000000001,16.9,93.2,90.7,49.9,57565,48.0
25,5,Vermont,VT,Bennington,Republican,Donald Trump,0.439,21.2,94.9,90.1,51.5,50221,55.0
26,6,Vermont,VT,Bennington,Republican,Marco Rubio,0.198,21.2,94.9,90.1,51.5,50221,55.0
27,7,Vermont,VT,Bennington,Republican,John Kasich,0.166,21.2,94.9,90.1,51.5,50221,55.0
28,8,Vermont,VT,Bennington,Republican,Ted Cruz,0.11599999999999999,21.2,94.9,90.1,51.5,50221,55.0
29,9,Vermont,VT,Bennington,Republican,Ben Carson,0.047,21.2,94.9,90.1,51.5,50221,55.0
30,10,Vermont,VT,Chittenden,Republican,John Kasich,0.43200000000000005,13.2,89.9,93.9,51.1,63989,291.7
31,11,Vermont,VT,Chittenden,Republican,Donald Trump,0.28600000000000003,13.2,89.9,93.9,51.1,63989,291.7
32,12,Vermont,VT,Chittenden,Republican,Marco Rubio,0.159,13.2,89.9,93.9,51.1,63989,291.7
33,13,Vermont,VT,Chittenden,Republican,Ted Cruz,0.08800000000000001,13.2,89.9,93.9,51.1,63989,291.7
34,14,Vermont,VT,Chittenden,Republican,Ben Carson,0.026000000000000002,13.2,89.9,93.9,51.1,63989,291.7
35,15,Vermont,VT,Essex,Republican,John Kasich,0.342,23.3,96.1,83.3,49.6,35916,9.5
36,16,Vermont,VT,Essex,Republican,Donald Trump,0.23399999999999999,23.3,96.1,83.3,49.6,35916,9.5
37,17,Vermont,VT,Essex,Republican,Marco Rubio,0.22699999999999998,23.3,96.1,83.3,49.6,35916,9.5
38,18,Vermont,VT,Essex,Republican,Ted Cruz,0.129,23.3,96.1,83.3,49.6,35916,9.5
39,19,Vermont,VT,Essex,Republican,Ben Carson,0.049,23.3,96.1,83.3,49.6,35916,9.5
40,20,Vermont,VT,Franklin,Republican,Donald Trump,0.386,13.9,94.3,88.8,50.3,56240,75.3
41,21,Vermont,VT,Franklin,Republican,John Kasich,0.276,13.9,94.3,88.8,50.3,56240,75.3
42,22,Vermont,VT,Franklin,Republican,Marco Rubio,0.131,13.9,94.3,88.8,50.3,56240,75.3
43,23,Vermont,VT,Franklin,Republican,Ted Cruz,0.124,13.9,94.3,88.8,50.3,56240,75.3
44,24,Vermont,VT,Franklin,Republican,Ben Carson,0.040999999999999995,13.9,94.3,88.8,50.3,56240,75.3
45,25,Vermont,VT,Orange,Republican,Donald Trump,0.363,17.6,95.7,91.3,50.3,52480,42.1
46,26,Vermont,VT,Orange,Republican,John Kasich,0.17800000000000002,17.6,95.7,91.3,50.3,52480,42.1
47,27,Vermont,VT,Orange,Republican,Marco Rubio,0.17,17.6,95.7,91.3,50.3,52480,42.1
48,28,Vermont,VT,Orange,Republican,Ted Cruz,0.111,17.6,95.7,91.3,50.3,52480,42.1
49,29,Vermont,VT,Orange,Republican,Ben Carson,0.081,17.6,95.7,91.3,50.3,52480,42.1
50,30,Vermont,VT,Rutland,Republican,Donald Trump,0.35700000000000004,19.4,95.9,89.4,50.9,49271,66.3
51,31,Vermont,VT,Rutland,Republican,John Kasich,0.335,19.4,95.9,89.4,50.9,49271,66.3
52,32,Vermont,VT,Rutland,Republican,Marco Rubio,0.177,19.4,95.9,89.4,50.9,49271,66.3
53,33,Vermont,VT,Rutland,Republican,Ted Cruz,0.071,19.4,95.9,89.4,50.9,49271,66.3
54,34,Vermont,VT,Rutland,Republican,Ben Carson,0.027000000000000003,19.4,95.9,89.4,50.9,49271,66.3
55,35,Vermont,VT,Washington,Republican,Donald Trump,0.405,17.0,94.4,93.5,50.6,57281,86.6
56,36,Vermont,VT,Washington,Republican,John Kasich,0.19,17.0,94.4,93.5,50.6,57281,86.6
57,37,Vermont,VT,Washington,Republican,Ted Cruz,0.159,17.0,94.4,93.5,50.6,57281,86.6
58,38,Vermont,VT,Washington,Republican,Marco Rubio,0.135,17.0,94.4,93.5,50.6,57281,86.6
59,39,Vermont,VT,Washington,Republican,Ben Carson,0.087,17.0,94.4,93.5,50.6,57281,86.6
60,40,Vermont,VT,Windham,Republican,Donald Trump,0.48,19.3,93.7,90.8,51.0,50234,56.7
61,41,Vermont,VT,Windham,Republican,John Kasich,0.36,19.3,93.7,90.8,51.0,50234,56.7
62,42,Vermont,VT,Windham,Republican,Marco Rubio,0.16,19.3,93.7,90.8,51.0,50234,56.7
63,43,Vermont,VT,Windham,Republican,Ben Carson,0.0,19.3,93.7,90.8,51.0,50234,56.7
64,44,Vermont,VT,Windham,Republican,Ted Cruz,0.0,19.3,93.7,90.8,51.0,50234,56.7
65,45,Vermont,VT,Windsor,Republican,Donald Trump,0.361,20.7,95.0,92.7,51.1,52460,58.5
66,46,Vermont,VT,Windsor,Republican,John Kasich,0.222,20.7,95.0,92.7,51.1,52460,58.5
67,47,Vermont,VT,Windsor,Republican,Marco Rubio,0.215,20.7,95.0,92.7,51.1,52460,58.5
68,48,Vermont,VT,Windsor,Republican,Ted Cruz,0.111,20.7,95.0,92.7,51.1,52460,58.5
69,49,Vermont,VT,Windsor,Republican,Ben Carson,0.038,20.7,95.0,92.7,51.1,52460,58.5
