,id,state,state_abbreviation,county,party,candidate,fraction_votes,AGE775214,RHI825214,EDU635213,SEX255214,INC110213,POP060210
0,0,Alabama,AL,Autauga,Democrat,Hillary Clinton,0.8,13.8,75.6,85.6,51.4,53682,91.8
1,1,Alabama,AL,Autauga,Democrat,Bernie Sanders,0.182,13.8,75.6,85.6,51.4,53682,91.8
2,2,Alabama,AL,Baldwin,Democrat,Hillary Clinton,0.647,18.7,83.0,89.1,51.2,50221,114.6
3,3,Alabama,AL,Baldwin,Democrat,Bernie Sanders,0.32899999999999996,18.7,83.0,89.1,51.2,50221,114.6
4,4,Alabama,AL,Barbour,Democrat,Hillary Clinton,0.9059999999999999,16.5,46.6,73.7,46.6,32911,31.0
5,5,Alabama,AL,Barbour,Democrat,Bernie Sanders,0.078,16.5,46.6,73.7,46.6,32911,31.0
6,6,Alabama,AL,Bibb,Democrat,Hillary Clinton,0.755,14.8,74.5,77.5,45.9,36447,36.8
7,7,Alabama,AL,Bibb,Democrat,Bernie Sanders,0.19699999999999998,14.8,74.5,77.5,45.9,36447,36.8
8,8,Alabama,AL,Blount,Democrat,Hillary Clinton,0.551,17.0,87.8,77.0,50.5,44145,88.9
9,9,Alabama,AL,Blount,Democrat,Bernie Sanders,0.386,17.0,87.8,77.0,50.5,44145,88.9
10,10,Alabama,AL,Bullock,Democrat,Hillary Clinton,0.9129999999999999,14.9,22.1,67.8,45.3,32033,17.5
11,11,Alabama,AL,Bullock,Democrat,Bernie Sanders,0.066,14.9,22.1,67.8,45.3,32033,17.5
12,12,Alabama,AL,Butler,Democrat,Hillary Clinton,0.9209999999999999,18.0,53.1,76.3,53.6,29918,27.0
13,13,Alabama,AL,Butler,Democrat,Bernie Sanders,0.065,18.0,53.1,76.3,53.6,29918,27.0
14,14,Alabama,AL,Calhoun,Democrat,Hillary Clinton,0.765,16.0,72.9,78.6,51.8,39962,195.7
15,15,Alabama,AL,Calhoun,Democrat,Bernie Sanders,0.218,16.0,72.9,78.6,51.8,39962,195.7
16,16,Alabama,AL,Chambers,Democrat,Hillary Clinton,0.8859999999999999,18.3,56.8,75.1,52.3,32402,57.4
17,17,Alabama,AL,Chambers,Democrat,Bernie Sanders,0.095,18.3,56.8,75.1,52.3,32402,57.4
18,18,Alabama,AL,Cherokee,Democrat,Hillary Clinton,0.6609999999999999,20.9,91.6,78.3,50.2,34907,46.9
19,19,Alabama,AL,Cherokee,Democrat,Bernie Sanders,0.249,20.9,91.6,78.3,50.2,34907,46.9
20,20,Alabama,AL,Chilton,Democrat,Hillary Clinton,0.731,15.2,80.3,76.0,50.8,41250,63.0
21,21,Alabama,AL,Chilton,Democrat,Bernie Sanders,0.24600000000000002,15.2,80.3,76.0,50.8,41250,63.0
22,22,Alabama,AL,Choctaw,Democrat,Hillary Clinton,0.802,20.8,56.1,75.2,52.5,33941,15.2
23,23,Alabama,AL,Choctaw,Democrat,Bernie Sanders,0.124,20.8,56.1,75.2,52.5,33941,15.2
24,24,Alabama,AL,Clarke,Democrat,Hillary Clinton,0.93,18.0,53.1,78.3,52.8,29357,20.9
25,25,Alabama,AL,Clarke,Democrat,Bernie Sanders,0.063,18.0,53.1,78.3,52.8,29357,20.9
26,26,Alabama,AL,Clay,Democrat,Hillary Clinton,0.818,19.4,79.7,76.5,50.6,34002,23.1
27,27,Alabama,AL,Clay,Democrat,Bernie Sanders,0.13699999999999998,19.4,79.7,76.5,50.6,34002,23.1
28,28,Alabama,AL,Cleburne,Democrat,Hillary Clinton,0.732,18.4,92.3,76.0,50.4,38019,26.7
29,29,Alabama,AL,Cleburne,Democrat,Bernie Sanders,0.23800000000000002,18.4,92.3,76.0,50.4,38019,26.7
30,30,Alabama,AL,Coffee,Democrat,Hillary Clinton,0.772,15.9,71.3,82.4,50.5,43768,73.6
31,31,Alabama,AL,Coffee,Democrat,Bernie Sanders,0.201,15.9,71.3,82.4,50.5,43768,73.6
32,32,Alabama,AL,Colbert,Democrat,Hillary Clinton,0.65,18.5,78.8,83.5,51.8,39077,91.8
33,33,Alabama,AL,Colbert,Democrat,Bernie Sanders,0.225,18.5,78.8,83.5,51.8,39077,91.8
34,34,Alabama,AL,Conecuh,Democrat,Hillary Clinton,0.7140000000000001,20.4,51.1,77.3,51.9,24658,15.6
35,35,Alabama,AL,Conecuh,Democrat,Bernie Sanders,0.191,20.4,51.1,77.3,51.9,24658,15.6
36,36,Alabama,AL,Coosa,Democrat,Hillary Clinton,0.877,18.5,64.8,75.0,49.5,37277,17.7
37,37,Alabama,AL,Coosa,Democrat,Bernie Sanders,0.10800000000000001,18.5,64.8,75.0,49.5,37277,17.7
38,38,Alabama,AL,Covington,Democrat,Hillary Clinton,0.773,19.8,83.1,78.4,51.6,35869,36.6
39,39,Alabama,AL,Covington,Democrat,Bernie Sanders,0.19699999999999998,19.8,83.1,78.4,51.6,35869,36.6
40,40,Alabama,AL,Crenshaw,Democrat,Hillary Clinton,0.878,18.0,70.6,76.7,51.1,36275,22.8
41,41,Alabama,AL,Crenshaw,Democrat,Bernie Sanders,0.10300000000000001,18.0,70.6,76.7,51.1,36275,22.8
42,42,Alabama,AL,Cullman,Democrat,Hillary Clinton,0.608,17.6,92.1,79.8,50.5,38847,109.4
43,43,Alabama,AL,Cullman,Democrat,Bernie Sanders,0.345,17.6,92.1,79.8,50.5,38847,109.4
44,44,Alabama,AL,Dale,Democrat,Hillary Clinton,0.77,15.4,70.2,84.1,50.5,44889,89.6
45,45,Alabama,AL,Dale,Democrat,Bernie Sanders,0.207,15.4,70.2,84.1,50.5,44889,89.6
46,46,Alabama,AL,Dallas,Democrat,Hillary Clinton,0.7440000000000001,15.6,28.5,77.5,53.7,26519,44.8
47,47,Alabama,AL,Dallas,Democrat,Bernie Sanders,0.154,15.6,28.5,77.5,53.7,26519,44.8
48,48,Alabama,AL,Elmore,Democrat,Hillary Clinton,0.8009999999999999,14.0,73.7,86.6,51.5,54766,128.2
49,49,Alabama,AL,Elmore,Democrat,Bernie Sanders,0.184,14.0,73.7,86.6,51.5,54766,128.2
50,50,Alabama,AL,Escambia,Democrat,Hillary Clinton,0.885,16.7,60.6,76.2,48.8,30687,40.5
51,51,Alabama,AL,Escambia,Democrat,Bernie Sanders,0.099,16.7,60.6,76.2,48.8,30687,40.5
52,52,Alabama,AL,Etowah,Democrat,Hillary Clinton,0.746,17.3,78.4,81.8,51.6,38013,195.2
53,53,Alabama,AL,Etowah,Democrat,Bernie Sanders,0.226,17.3,78.4,81.8,51.6,38013,195.2
54,54,Alabama,AL,Fayette,Democrat,Hillary Clinton,0.767,19.6,85.0,74.9,50.5,33838,27.5
55,55,Alabama,AL,Fayette,Democrat,Bernie Sanders,0.172,19.6,85.0,74.9,50.5,33838,27.5
56,56,Alabama,AL,Franklin,Democrat,Hillary Clinton,0.484,15.9,78.0,72.5,50.3,36415,50.0
57,57,Alabama,AL,Franklin,Democrat,Bernie Sanders,0.301,15.9,78.0,72.5,50.3,36415,50.0
58,58,Alabama,AL,Geneva,Democrat,Hillary Clinton,0.7490000000000001,19.2,84.1,77.2,50.8,35625,46.6
59,59,Alabama,AL,Geneva,Democrat,Bernie Sanders,0.21600000000000003,19.2,84.1,77.2,50.8,35625,46.6
60,60,Alabama,AL,Greene,Democrat,Hillary Clinton,0.9009999999999999,17.9,17.9,76.2,52.5,24226,14.0
61,61,Alabama,AL,Greene,Democrat,Bernie Sanders,0.071,17.9,17.9,76.2,52.5,24226,14.0
62,62,Alabama,AL,Hale,Democrat,Hillary Clinton,0.7959999999999999,17.3,40.0,77.4,52.8,30051,24.5
63,63,Alabama,AL,Hale,Democrat,Bernie Sanders,0.14,17.3,40.0,77.4,52.8,30051,24.5
64,64,Alabama,AL,Henry,Democrat,Hillary Clinton,0.856,20.8,68.4,80.1,51.8,41650,30.8
65,65,Alabama,AL,Henry,Democrat,Bernie Sanders,0.11900000000000001,20.8,68.4,80.1,51.8,41650,30.8
66,66,Alabama,AL,Houston,Democrat,Hillary Clinton,0.7829999999999999,16.1,67.3,83.9,52.1,40948,175.1
67,67,Alabama,AL,Houston,Democrat,Bernie Sanders,0.201,16.1,67.3,83.9,52.1,40948,175.1
68,68,Alabama,AL,Jackson,Democrat,Hillary Clinton,0.7,18.6,89.4,74.6,50.7,37634,49.4
69,69,Alabama,AL,Jackson,Democrat,Bernie Sanders,0.26899999999999996,18.6,89.4,74.6,50.7,37634,49.4
70,70,Alabama,AL,Jefferson,Democrat,Hillary Clinton,0.816,14.3,50.8,87.4,52.8,45429,592.5
71,71,Alabama,AL,Jefferson,Democrat,Bernie Sanders,0.174,14.3,50.8,87.4,52.8,45429,592.5
72,72,Alabama,AL,Lamar,Democrat,Hillary Clinton,0.616,20.5,85.8,76.1,51.2,36028,24.1
73,73,Alabama,AL,Lamar,Democrat,Bernie Sanders,0.24100000000000002,20.5,85.8,76.1,51.2,36028,24.1
74,74,Alabama,AL,Lauderdale,Democrat,Hillary Clinton,0.652,18.2,84.7,83.8,52.1,42844,138.8
75,75,Alabama,AL,Lauderdale,Democrat,Bernie Sanders,0.309,18.2,84.7,83.8,52.1,42844,138.8
76,76,Alabama,AL,Lawrence,Democrat,Hillary Clinton,0.777,16.8,76.4,77.1,51.3,38551,49.7
77,77,Alabama,AL,Lawrence,Democrat,Bernie Sanders,0.162,16.8,76.4,77.1,51.3,38551,49.7
78,78,Alabama,AL,Lee,Democrat,Hillary Clinton,0.736,10.3,67.7,86.7,50.7,43542,230.8
79,79,Alabama,AL,Lee,Democrat,Bernie Sanders,0.254,10.3,67.7,86.7,50.7,43542,230.8
80,80,Alabama,AL,Limestone,Democrat,Hillary Clinton,0.728,13.8,77.2,81.5,49.7,48619,147.8
81,81,Alabama,AL,Limestone,Democrat,Bernie Sanders,0.255,13.8,77.2,81.5,49.7,48619,147.8
82,82,Alabama,AL,Lowndes,Democrat,Hillary Clinton,0.887,17.4,25.3,73.9,52.3,26230,15.8
83,83,Alabama,AL,Lowndes,Democrat,Bernie Sanders,0.077,17.4,25.3,73.9,52.3,26230,15.8
84,84,Alabama,AL,Macon,Democrat,Hillary Clinton,0.892,16.8,16.2,80.0,54.2,30724,35.2
85,85,Alabama,AL,Macon,Democrat,Bernie Sanders,0.1,16.8,16.2,80.0,54.2,30724,35.2
86,86,Alabama,AL,Madison,Democrat,Hillary Clinton,0.6859999999999999,13.7,65.5,90.0,51.2,58434,417.7
87,87,Alabama,AL,Madison,Democrat,Bernie Sanders,0.301,13.7,65.5,90.0,51.2,58434,417.7
88,88,Alabama,AL,Marengo,Democrat,Hillary Clinton,0.6579999999999999,18.6,45.6,83.7,53.2,35079,21.5
89,89,Alabama,AL,Marengo,Democrat,Bernie Sanders,0.2,18.6,45.6,83.7,53.2,35079,21.5
90,90,Alabama,AL,Marion,Democrat,Hillary Clinton,0.655,20.1,91.7,74.6,50.4,32888,41.5
91,91,Alabama,AL,Marion,Democrat,Bernie Sanders,0.29600000000000004,20.1,91.7,74.6,50.4,32888,41.5
92,92,Alabama,AL,Marshall,Democrat,Hillary Clinton,0.621,16.3,82.3,76.2,50.9,39526,164.4
93,93,Alabama,AL,Marshall,Democrat,Bernie Sanders,0.341,16.3,82.3,76.2,50.9,39526,164.4
94,94,Alabama,AL,Mobile,Democrat,Hillary Clinton,0.8270000000000001,14.5,57.8,83.9,52.2,43028,335.9
95,95,Alabama,AL,Mobile,Democrat,Bernie Sanders,0.162,14.5,57.8,83.9,52.2,43028,335.9
96,96,Alabama,AL,Monroe,Democrat,Hillary Clinton,0.909,17.9,54.7,76.1,52.6,29203,22.5
97,97,Alabama,AL,Monroe,Democrat,Bernie Sanders,0.076,17.9,54.7,76.1,52.6,29203,22.5
98,98,Alabama,AL,Montgomery,Democrat,Hillary Clinton,0.862,13.3,36.3,85.6,52.6,44790,292.5
99,99,Alabama,AL,Montgomery,Democrat,Bernie Sanders,0.128,13.3,36.3,85.6,52.6,44790,292.5
100,100,Alabama,AL,Morgan,Democrat,Hillary Clinton,0.731,15.9,76.6,81.4,50.8,44800,206.3
101,101,Alabama,AL,Morgan,Democrat,Bernie Sanders,0.252,15.9,76.6,81.4,50.8,44800,206.3
102,102,Alabama,AL,Perry,Democrat,Hillary Clinton,0.82,17.9,30.3,70.2,53.4,28209,14.7
103,103,Alabama,AL,Perry,Democrat,Bernie Sanders,0.124,17.9,30.3,70.2,53.4,28209,14.7
104,104,Alabama,AL,Pickens,Democrat,Hillary Clinton,0.762,17.8,54.7,79.7,50.6,28741,22.4
105,105,Alabama,AL,Pickens,Democrat,Bernie Sanders,0.14800000000000002,17.8,54.7,79.7,50.6,28741,22.4
106,106,Alabama,AL,Pike,Democrat,Hillary Clinton,0.8370000000000001,14.1,57.1,81.0,51.9,33090,48.9
107,107,Alabama,AL,Pike,Democrat,Bernie Sanders,0.145,14.1,57.1,81.0,51.9,33090,48.9
108,108,Alabama,AL,Randolph,Democrat,Hillary Clinton,0.706,19.6,75.0,72.6,51.4,35213,39.5
109,109,Alabama,AL,Randolph,Democrat,Bernie Sanders,0.187,19.6,75.0,72.6,51.4,35213,39.5
110,110,Alabama,AL,Russell,Democrat,Hillary Clinton,0.728,12.5,49.5,80.4,51.3,36143,82.6
111,111,Alabama,AL,Russell,Democrat,Bernie Sanders,0.16399999999999998,12.5,49.5,80.4,51.3,36143,82.6
112,112,Alabama,AL,Shelby,Democrat,Hillary Clinton,0.628,13.0,78.5,91.2,51.2,68770,248.5
113,113,Alabama,AL,Shelby,Democrat,Bernie Sanders,0.354,13.0,78.5,91.2,51.2,68770,248.5
114,114,Alabama,AL,Sumter,Democrat,Hillary Clinton,0.809,16.3,24.8,75.5,55.0,22186,15.2
115,115,Alabama,AL,Sumter,Democrat,Bernie Sanders,0.113,16.3,24.8,75.5,55.0,22186,15.2
116,116,Alabama,AL,Talladega,Democrat,Hillary Clinton,0.865,16.1,63.4,78.9,51.4,35439,111.7
117,117,Alabama,AL,Talladega,Democrat,Bernie Sanders,0.122,16.1,63.4,78.9,51.4,35439,111.7
118,118,Alabama,AL,Tallapoosa,Democrat,Hillary Clinton,0.88,19.6,68.9,79.2,51.4,39130,58.1
119,119,Alabama,AL,Tallapoosa,Democrat,Bernie Sanders,0.102,19.6,68.9,79.2,51.4,39130,58.1
120,120,Alabama,AL,Tuscaloosa,Democrat,Hillary Clinton,0.767,11.7,63.2,86.6,51.7,45408,147.3
121,121,Alabama,AL,Tuscaloosa,Democrat,Bernie Sanders,0.218,11.7,63.2,86.6,51.7,45408,147.3
122,122,Alabama,AL,Walker,Democrat,Hillary Clinton,0.6709999999999999,18.2,89.4,76.4,51.4,37566,84.7
123,123,Alabama,AL,Walker,Democrat,Bernie Sanders,0.275,18.2,89.4,76.4,51.4,37566,84.7
124,124,Alabama,AL,Washington,Democrat,Hillary Clinton,0.575,17.0,65.1,80.5,51.2,42156,16.3
125,125,Alabama,AL,Washington,Democrat,Bernie Sanders,0.214,17.0,65.1,80.5,51.2,42156,16.3
126,126,Alabama,AL,Wilcox,Democrat,Hillary Clinton,0.843,17.7,27.6,76.1,52.4,23642,13.1
127,127,Alabama,AL,Wilcox,Democrat,Bernie Sanders,0.10400000000000001,17.7,27.6,76.1,52.4,23642,13.1
128,128,Alabama,AL,Winston,Democrat,Hillary Clinton,0.667,20.0,94.0,72.7,50.9,32900,39.9
129,129,Alabama,AL,Winston,Democrat,Bernie Sanders,0.304,20.0,94.0,72.7,50.9,32900,39.9
130,0,Alabama,AL,Autauga,Republican,Donald Trump,0.445,13.8,75.6,85.6,51.4,53682,91.8
131,1,Alabama,AL,Autauga,Republican,Ted Cruz,0.205,13.8,75.6,85.6,51.4,53682,91.8
132,2,Alabama,AL,Autauga,Republican,Marco Rubio,0.14800000000000002,13.8,75.6,85.6,51.4,53682,91.8
133,3,Alabama,AL,Autauga,Republican,Ben Carson,0.146,13.8,75.6,85.6,51.4,53682,91.8
134,4,Alabama,AL,Autauga,Republican,John Kasich,0.035,13.8,75.6,85.6,51.4,53682,91.8
135,5,Alabama,AL,Baldwin,Republican,Donald Trump,0.469,18.7,83.0,89.1,51.2,50221,114.6
136,6,Alabama,AL,Baldwin,Republican,Marco Rubio,0.193,18.7,83.0,89.1,51.2,50221,114.6
137,7,Alabama,AL,Baldwin,Republican,Ted Cruz,0.17,18.7,83.0,89.1,51.2,50221,114.6
138,8,Alabama,AL,Baldwin,Republican,Ben Carson,0.084,18.7,83.0,89.1,51.2,50221,114.6
139,9,Alabama,AL,Baldwin,Republican,John Kasich,0.059000000000000004,18.7,83.0,89.1,51.2,50221,114.6
140,10,Alabama,AL,Barbour,Republican,Donald Trump,0.501,16.5,46.6,73.7,46.6,32911,31.0
141,11,Alabama,AL,Barbour,Republican,Ted Cruz,0.179,16.5,46.6,73.7,46.6,32911,31.0
142,12,Alabama,AL,Barbour,Republican,Marco Rubio,0.146,16.5,46.6,73.7,46.6,32911,31.0
143,13,Alabama,AL,Barbour,Republican,Ben Carson,0.122,16.5,46.6,73.7,46.6,32911,31.0
144,14,Alabama,AL,Barbour,Republican,John Kasich,0.036000000000000004,16.5,46.6,73.7,46.6,32911,31.0
145,15,Alabama,AL,Bibb,Republican,Donald Trump,0.494,14.8,74.5,77.5,45.9,36447,36.8
146,16,Alabama,AL,Bibb,Republican,Ted Cruz,0.255,14.8,74.5,77.5,45.9,36447,36.8
147,17,Alabama,AL,Bibb,Republican,Marco Rubio,0.11199999999999999,14.8,74.5,77.5,45.9,36447,36.8
148,18,Alabama,AL,Bibb,Republican,Ben Carson,0.099,14.8,74.5,77.5,45.9,36447,36.8
149,19,Alabama,AL,Bibb,Republican,John Kasich,0.021,14.8,74.5,77.5,45.9,36447,36.8
150,20,Alabama,AL,Blount,Republican,Donald Trump,0.48700000000000004,17.0,87.8,77.0,50.5,44145,88.9
151,21,Alabama,AL,Blount,Republican,Ted Cruz,0.244,17.0,87.8,77.0,50.5,44145,88.9
152,22,Alabama,AL,Blount,Republican,Marco Rubio,0.122,17.0,87.8,77.0,50.5,44145,88.9
153,23,Alabama,AL,Blount,Republican,Ben Carson,0.1,17.0,87.8,77.0,50.5,44145,88.9
154,24,Alabama,AL,Blount,Republican,John Kasich,0.022000000000000002,17.0,87.8,77.0,50.5,44145,88.9
155,25,Alabama,AL,Bullock,Republican,Donald Trump,0.565,14.9,22.1,67.8,45.3,32033,17.5
156,26,Alabama,AL,Bullock,Republican,Ted Cruz,0.17,14.9,22.1,67.8,45.3,32033,17.5
157,27,Alabama,AL,Bullock,Republican,Marco Rubio,0.11599999999999999,14.9,22.1,67.8,45.3,32033,17.5
158,28,Alabama,AL,Bullock,Republican,Ben Carson,0.085,14.9,22.1,67.8,45.3,32033,17.5
159,29,Alabama,AL,Bullock,Republican,John Kasich,0.042,14.9,22.1,67.8,45.3,32033,17.5
160,30,Alabama,AL,Butler,Republican,Donald Trump,0.5379999999999999,18.0,53.1,76.3,53.6,29918,27.0
161,31,Alabama,AL,Butler,Republican,Ted Cruz,0.16699999999999998,18.0,53.1,76.3,53.6,29918,27.0
162,32,Alabama,AL,Butler,Republican,Marco Rubio,0.133,18.0,53.1,76.3,53.6,29918,27.0
163,33,Alabama,AL,Butler,Republican,Ben Carson,0.11800000000000001,18.0,53.1,76.3,53.6,29918,27.0
164,34,Alabama,AL,Butler,Republican,John Kasich,0.027000000000000003,18.0,53.1,76.3,53.6,29918,27.0
165,35,Alabama,AL,Calhoun,Republican,Donald Trump,0.451,16.0,72.9,78.6,51.8,39962,195.7
166,36,Alabama,AL,Calhoun,Republican,Ted Cruz,0.19399999999999998,16.0,72.9,78.6,51.8,39962,195.7
167,37,Alabama,AL,Calhoun,Republican,Marco Rubio,0.163,16.0,72.9,78.6,51.8,39962,195.7
168,38,Alabama,AL,Calhoun,Republican,Ben Carson,0.11800000000000001,16.0,72.9,78.6,51.8,39962,195.7
169,39,Alabama,AL,Calhoun,Republican,John Kasich,0.048,16.0,72.9,78.6,51.8,39962,195.7
170,40,Alabama,AL,Chambers,Republican,Donald Trump,0.47600000000000003,18.3,56.8,75.1,52.3,32402,57.4
171,41,Alabama,AL,Chambers,Republican,Ted Cruz,0.2,18.3,56.8,75.1,52.3,32402,57.4
172,42,Alabama,AL,Chambers,Republican,Ben Carson,0.131,18.3,56.8,75.1,52.3,32402,57.4
173,43,Alabama,AL,Chambers,Republican,Marco Rubio,0.131,18.3,56.8,75.1,52.3,32402,57.4
174,44,Alabama,AL,Chambers,Republican,John Kasich,0.037000000000000005,18.3,56.8,75.1,52.3,32402,57.4
175,45,Alabama,AL,Cherokee,Republican,Donald Trump,0.521,20.9,91.6,78.3,50.2,34907,46.9
176,46,Alabama,AL,Cherokee,Republican,Ted Cruz,0.17300000000000001,20.9,91.6,78.3,50.2,34907,46.9
177,47,Alabama,AL,Cherokee,Republican,Marco Rubio,0.152,20.9,91.6,78.3,50.2,34907,46.9
178,48,Alabama,AL,Cherokee,Republican,Ben Carson,0.1,20.9,91.6,78.3,50.2,34907,46.9
179,49,Alabama,AL,Cherokee,Republican,John Kasich,0.027999999999999997,20.9,91.6,78.3,50.2,34907,46.9
180,50,Alabama,AL,Chilton,Republican,Donald Trump,0.493,15.2,80.3,76.0,50.8,41250,63.0
181,51,Alabama,AL,Chilton,Republican,Ted Cruz,0.218,15.2,80.3,76.0,50.8,41250,63.0
182,52,Alabama,AL,Chilton,Republican,Marco Rubio,0.134,15.2,80.3,76.0,50.8,41250,63.0
183,53,Alabama,AL,Chilton,Republican,Ben Carson,0.10800000000000001,15.2,80.3,76.0,50.8,41250,63.0
184,54,Alabama,AL,Chilton,Republican,John Kasich,0.02,15.2,80.3,76.0,50.8,41250,63.0
185,55,Alabama,AL,Choctaw,Republican,Donald Trump,0.499,20.8,56.1,75.2,52.5,33941,15.2
186,56,Alabama,AL,Choctaw,Republican,Ted Cruz,0.21,20.8,56.1,75.2,52.5,33941,15.2
187,57,Alabama,AL,Choctaw,Republican,Marco Rubio,0.147,20.8,56.1,75.2,52.5,33941,15.2
188,58,Alabama,AL,Choctaw,Republican,Ben Carson,0.079,20.8,56.1,75.2,52.5,33941,15.2
189,59,Alabama,AL,Choctaw,Republican,John Kasich,0.032,20.8,56.1,75.2,52.5,33941,15.2
190,60,Alabama,AL,Clarke,Republican,Donald Trump,0.502,18.0,53.1,78.3,52.8,29357,20.9
191,61,Alabama,AL,Clarke,Republican,Ted Cruz,0.193,18.0,53.1,78.3,52.8,29357,20.9
192,62,Alabama,AL,Clarke,Republican,Marco Rubio,0.175,18.0,53.1,78.3,52.8,29357,20.9
193,63,Alabama,AL,Clarke,Republican,Ben Carson,0.08900000000000001,18.0,53.1,78.3,52.8,29357,20.9
194,64,Alabama,AL,Clarke,Republican,John Kasich,0.027000000000000003,18.0,53.1,78.3,52.8,29357,20.9
195,65,Alabama,AL,Clay,Republican,Donald Trump,0.47600000000000003,19.4,79.7,76.5,50.6,34002,23.1
196,66,Alabama,AL,Clay,Republican,Ted Cruz,0.207,19.4,79.7,76.5,50.6,34002,23.1
197,67,Alabama,AL,Clay,Republican,Marco Rubio,0.125,19.4,79.7,76.5,50.6,34002,23.1
198,68,Alabama,AL,Clay,Republican,Ben Carson,0.122,19.4,79.7,76.5,50.6,34002,23.1
199,69,Alabama,AL,Clay,Republican,John Kasich,0.031,19.4,79.7,76.5,50.6,34002,23.1
200,70,Alabama,AL,Cleburne,Republican,Donald Trump,0.483,18.4,92.3,76.0,50.4,38019,26.7
201,71,Alabama,AL,Cleburne,Republican,Ted Cruz,0.21100000000000002,18.4,92.3,76.0,50.4,38019,26.7
202,72,Alabama,AL,Cleburne,Republican,Marco Rubio,0.136,18.4,92.3,76.0,50.4,38019,26.7
203,73,Alabama,AL,Cleburne,Republican,Ben Carson,0.1,18.4,92.3,76.0,50.4,38019,26.7
204,74,Alabama,AL,Cleburne,Republican,John Kasich,0.024,18.4,92.3,76.0,50.4,38019,26.7
205,75,Alabama,AL,Coffee,Republican,Donald Trump,0.414,15.9,71.3,82.4,50.5,43768,73.6
206,76,Alabama,AL,Coffee,Republican,Ted Cruz,0.233,15.9,71.3,82.4,50.5,43768,73.6
207,77,Alabama,AL,Coffee,Republican,Marco Rubio,0.155,15.9,71.3,82.4,50.5,43768,73.6
208,78,Alabama,AL,Coffee,Republican,Ben Carson,0.132,15.9,71.3,82.4,50.5,43768,73.6
209,79,Alabama,AL,Coffee,Republican,John Kasich,0.036000000000000004,15.9,71.3,82.4,50.5,43768,73.6
210,80,Alabama,AL,Colbert,Republican,Donald Trump,0.474,18.5,78.8,83.5,51.8,39077,91.8
211,81,Alabama,AL,Colbert,Republican,Ted Cruz,0.19699999999999998,18.5,78.8,83.5,51.8,39077,91.8
212,82,Alabama,AL,Colbert,Republican,Marco Rubio,0.177,18.5,78.8,83.5,51.8,39077,91.8
213,83,Alabama,AL,Colbert,Republican,Ben Carson,0.109,18.5,78.8,83.5,51.8,39077,91.8
214,84,Alabama,AL,Colbert,Republican,John Kasich,0.031,18.5,78.8,83.5,51.8,39077,91.8
215,85,Alabama,AL,Conecuh,Republican,Donald Trump,0.59,20.4,51.1,77.3,51.9,24658,15.6
216,86,Alabama,AL,Conecuh,Republican,Ted Cruz,0.16,20.4,51.1,77.3,51.9,24658,15.6
217,87,Alabama,AL,Conecuh,Republican,Marco Rubio,0.10800000000000001,20.4,51.1,77.3,51.9,24658,15.6
218,88,Alabama,AL,Conecuh,Republican,Ben Carson,0.105,20.4,51.1,77.3,51.9,24658,15.6
219,89,Alabama,AL,Conecuh,Republican,John Kasich,0.013000000000000001,20.4,51.1,77.3,51.9,24658,15.6
220,90,Alabama,AL,Coosa,Republican,Donald Trump,0.5529999999999999,18.5,64.8,75.0,49.5,37277,17.7
221,91,Alabama,AL,Coosa,Republican,Ted Cruz,0.195,18.5,64.8,75.0,49.5,37277,17.7
222,92,Alabama,AL,Coosa,Republican,Marco Rubio,0.10800000000000001,18.5,64.8,75.0,49.5,37277,17.7
223,93,Alabama,AL,Coosa,Republican,Ben Carson,0.09,18.5,64.8,75.0,49.5,37277,17.7
224,94,Alabama,AL,Coosa,Republican,John Kasich,0.03,18.5,64.8,75.0,49.5,37277,17.7
225,95,Alabama,AL,Covington,Republican,Donald Trump,0.48100000000000004,19.8,83.1,78.4,51.6,35869,36.6
226,96,Alabama,AL,Covington,Republican,Ted Cruz,0.185,19.8,83.1,78.4,51.6,35869,36.6
227,97,Alabama,AL,Covington,Republican,Marco Rubio,0.133,19.8,83.1,78.4,51.6,35869,36.6
228,98,Alabama,AL,Covington,Republican,Ben Carson,0.133,19.8,83.1,78.4,51.6,35869,36.6
229,99,Alabama,AL,Covington,Republican,John Kasich,0.034,19.8,83.1,78.4,51.6,35869,36.6
230,100,Alabama,AL,Crenshaw,Republican,Donald Trump,0.545,18.0,70.6,76.7,51.1,36275,22.8
231,101,Alabama,AL,Crenshaw,Republican,Ted Cruz,0.21899999999999997,18.0,70.6,76.7,51.1,36275,22.8
232,102,Alabama,AL,Crenshaw,Republican,Ben Carson,0.10400000000000001,18.0,70.6,76.7,51.1,36275,22.8
233,103,Alabama,AL,Crenshaw,Republican,Marco Rubio,0.091,18.0,70.6,76.7,51.1,36275,22.8
234,104,Alabama,AL,Crenshaw,Republican,John Kasich,0.026000000000000002,18.0,70.6,76.7,51.1,36275,22.8
235,105,Alabama,AL,Cullman,Republican,Donald Trump,0.506,17.6,92.1,79.8,50.5,38847,109.4
236,106,Alabama,AL,Cullman,Republican,Ted Cruz,0.203,17.6,92.1,79.8,50.5,38847,109.4
237,107,Alabama,AL,Cullman,Republican,Marco Rubio,0.135,17.6,92.1,79.8,50.5,38847,109.4
238,108,Alabama,AL,Cullman,Republican,Ben Carson,0.11,17.6,92.1,79.8,50.5,38847,109.4
239,109,Alabama,AL,Cullman,Republican,John Kasich,0.027000000000000003,17.6,92.1,79.8,50.5,38847,109.4
240,110,Alabama,AL,Dale,Republican,Donald Trump,0.45299999999999996,15.4,70.2,84.1,50.5,44889,89.6
241,111,Alabama,AL,Dale,Republican,Ted Cruz,0.21899999999999997,15.4,70.2,84.1,50.5,44889,89.6
242,112,Alabama,AL,Dale,Republican,Marco Rubio,0.13,15.4,70.2,84.1,50.5,44889,89.6
243,113,Alabama,AL,Dale,Republican,Ben Carson,0.125,15.4,70.2,84.1,50.5,44889,89.6
244,114,Alabama,AL,Dale,Republican,John Kasich,0.036000000000000004,15.4,70.2,84.1,50.5,44889,89.6
245,115,Alabama,AL,Dallas,Republican,Donald Trump,0.597,15.6,28.5,77.5,53.7,26519,44.8
246,116,Alabama,AL,Dallas,Republican,Ted Cruz,0.207,15.6,28.5,77.5,53.7,26519,44.8
247,117,Alabama,AL,Dallas,Republican,Marco Rubio,0.087,15.6,28.5,77.5,53.7,26519,44.8
248,118,Alabama,AL,Dallas,Republican,Ben Carson,0.053,15.6,28.5,77.5,53.7,26519,44.8
249,119,Alabama,AL,Dallas,Republican,John Kasich,0.026000000000000002,15.6,28.5,77.5,53.7,26519,44.8
250,120,Alabama,AL,Elmore,Republican,Donald Trump,0.478,14.0,73.7,86.6,51.5,54766,128.2
251,121,Alabama,AL,Elmore,Republican,Ted Cruz,0.182,14.0,73.7,86.6,51.5,54766,128.2
252,122,Alabama,AL,Elmore,Republican,Ben Carson,0.14800000000000002,14.0,73.7,86.6,51.5,54766,128.2
253,123,Alabama,AL,Elmore,Republican,Marco Rubio,0.134,14.0,73.7,86.6,51.5,54766,128.2
254,124,Alabama,AL,Elmore,Republican,John Kasich,0.036000000000000004,14.0,73.7,86.6,51.5,54766,128.2
255,125,Alabama,AL,Escambia,Republican,Donald Trump,0.493,16.7,60.6,76.2,48.8,30687,40.5
256,126,Alabama,AL,Escambia,Republican,Marco Rubio,0.18,16.7,60.6,76.2,48.8,30687,40.5
257,127,Alabama,AL,Escambia,Republican,Ted Cruz,0.171,16.7,60.6,76.2,48.8,30687,40.5
258,128,Alabama,AL,Escambia,Republican,Ben Carson,0.102,16.7,60.6,76.2,48.8,30687,40.5
259,129,Alabama,AL,Escambia,Republican,John Kasich,0.034,16.7,60.6,76.2,48.8,30687,40.5
260,130,Alabama,AL,Etowah,Republican,Donald Trump,0.461,17.3,78.4,81.8,51.6,38013,195.2
261,131,Alabama,AL,Etowah,Republican,Ted Cruz,0.207,17.3,78.4,81.8,51.6,38013,195.2
262,132,Alabama,AL,Etowah,Republican,Marco Rubio,0.168,17.3,78.4,81.8,51.6,38013,195.2
263,133,Alabama,AL,Etowah,Republican,Ben Carson,0.11199999999999999,17.3,78.4,81.8,51.6,38013,195.2
264,134,Alabama,AL,Etowah,Republican,John Kasich,0.033,17.3,78.4,81.8,51.6,38013,195.2
265,135,Alabama,AL,Fayette,Republican,Donald Trump,0.499,19.6,85.0,74.9,50.5,33838,27.5
266,136,Alabama,AL,Fayette,Republican,Ted Cruz,0.21,19.6,85.0,74.9,50.5,33838,27.5
267,137,Alabama,AL,Fayette,Republican,Marco Rubio,0.133,19.6,85.0,74.9,50.5,33838,27.5
268,138,Alabama,AL,Fayette,Republican,Ben Carson,0.098,19.6,85.0,74.9,50.5,33838,27.5
269,139,Alabama,AL,Fayette,Republican,John Kasich,0.025,19.6,85.0,74.9,50.5,33838,27.5
270,140,Alabama,AL,Franklin,Republican,Donald Trump,0.515,15.9,78.0,72.5,50.3,36415,50.0
271,141,Alabama,AL,Franklin,Republican,Ted Cruz,0.213,15.9,78.0,72.5,50.3,36415,50.0
272,142,Alabama,AL,Franklin,Republican,Marco Rubio,0.134,15.9,78.0,72.5,50.3,36415,50.0
273,143,Alabama,AL,Franklin,Republican,Ben Carson,0.09300000000000001,15.9,78.0,72.5,50.3,36415,50.0
274,144,Alabama,AL,Franklin,Republican,John Kasich,0.026000000000000002,15.9,78.0,72.5,50.3,36415,50.0
275,145,Alabama,AL,Geneva,Republican,Donald Trump,0.486,19.2,84.1,77.2,50.8,35625,46.6
276,146,Alabama,AL,Geneva,Republican,Ted Cruz,0.237,19.2,84.1,77.2,50.8,35625,46.6
277,147,Alabama,AL,Geneva,Republican,Marco Rubio,0.13,19.2,84.1,77.2,50.8,35625,46.6
278,148,Alabama,AL,Geneva,Republican,Ben Carson,0.09300000000000001,19.2,84.1,77.2,50.8,35625,46.6
279,149,Alabama,AL,Geneva,Republican,John Kasich,0.023,19.2,84.1,77.2,50.8,35625,46.6
280,150,Alabama,AL,Greene,Republican,Donald Trump,0.5379999999999999,17.9,17.9,76.2,52.5,24226,14.0
281,151,Alabama,AL,Greene,Republican,Ted Cruz,0.21600000000000003,17.9,17.9,76.2,52.5,24226,14.0
282,152,Alabama,AL,Greene,Republican,Marco Rubio,0.121,17.9,17.9,76.2,52.5,24226,14.0
283,153,Alabama,AL,Greene,Republican,Ben Carson,0.07,17.9,17.9,76.2,52.5,24226,14.0
284,154,Alabama,AL,Greene,Republican,John Kasich,0.037000000000000005,17.9,17.9,76.2,52.5,24226,14.0
285,155,Alabama,AL,Hale,Republican,Donald Trump,0.521,17.3,40.0,77.4,52.8,30051,24.5
286,156,Alabama,AL,Hale,Republican,Ted Cruz,0.25,17.3,40.0,77.4,52.8,30051,24.5
287,157,Alabama,AL,Hale,Republican,Marco Rubio,0.11699999999999999,17.3,40.0,77.4,52.8,30051,24.5
288,158,Alabama,AL,Hale,Republican,Ben Carson,0.078,17.3,40.0,77.4,52.8,30051,24.5
289,159,Alabama,AL,Hale,Republican,John Kasich,0.021,17.3,40.0,77.4,52.8,30051,24.5
290,160,Alabama,AL,Henry,Republican,Donald Trump,0.46799999999999997,20.8,68.4,80.1,51.8,41650,30.8
291,161,Alabama,AL,Henry,Republican,Ted Cruz,0.223,20.8,68.4,80.1,51.8,41650,30.8
292,162,Alabama,AL,Henry,Republican,Marco Rubio,0.14300000000000002,20.8,68.4,80.1,51.8,41650,30.8
293,163,Alabama,AL,Henry,Republican,Ben Carson,0.115,20.8,68.4,80.1,51.8,41650,30.8
294,164,Alabama,AL,Henry,Republican,John Kasich,0.027999999999999997,20.8,68.4,80.1,51.8,41650,30.8
295,165,Alabama,AL,Houston,Republican,Donald Trump,0.40399999999999997,16.1,67.3,83.9,52.1,40948,175.1
296,166,Alabama,AL,Houston,Republican,Ted Cruz,0.225,16.1,67.3,83.9,52.1,40948,175.1
297,167,Alabama,AL,Houston,Republican,Marco Rubio,0.182,16.1,67.3,83.9,52.1,40948,175.1
298,168,Alabama,AL,Houston,Republican,Ben Carson,0.114,16.1,67.3,83.9,52.1,40948,175.1
299,169,Alabama,AL,Houston,Republican,John Kasich,0.040999999999999995,16.1,67.3,83.9,52.1,40948,175.1
300,170,Alabama,AL,Jackson,Republican,Donald Trump,0.499,18.6,89.4,74.6,50.7,37634,49.4
301,171,Alabama,AL,Jackson,Republican,Marco Rubio,0.16899999999999998,18.6,89.4,74.6,50.7,37634,49.4
302,172,Alabama,AL,Jackson,Republican,Ted Cruz,0.16399999999999998,18.6,89.4,74.6,50.7,37634,49.4
303,173,Alabama,AL,Jackson,Republican,Ben Carson,0.10800000000000001,18.6,89.4,74.6,50.7,37634,49.4
304,174,Alabama,AL,Jackson,Republican,John Kasich,0.027999999999999997,18.6,89.4,74.6,50.7,37634,49.4
305,175,Alabama,AL,Jefferson,Republican,Donald Trump,0.35,14.3,50.8,87.4,52.8,45429,592.5
306,176,Alabama,AL,Jefferson,Republican,Marco Rubio,0.247,14.3,50.8,87.4,52.8,45429,592.5
307,177,Alabama,AL,Jefferson,Republican,Ted Cruz,0.23800000000000002,14.3,50.8,87.4,52.8,45429,592.5
308,178,Alabama,AL,Jefferson,Republican,Ben Carson,0.08900000000000001,14.3,50.8,87.4,52.8,45429,592.5
309,179,Alabama,AL,Jefferson,Republican,John Kasich,0.061,14.3,50.8,87.4,52.8,45429,592.5
310,180,Alabama,AL,Lamar,Republican,Donald Trump,0.504,20.5,85.8,76.1,51.2,36028,24.1
311,181,Alabama,AL,Lamar,Republican,Ted Cruz,0.193,20.5,85.8,76.1,51.2,36028,24.1
312,182,Alabama,AL,Lamar,Republican,Marco Rubio,0.13,20.5,85.8,76.1,51.2,36028,24.1
313,183,Alabama,AL,Lamar,Republican,Ben Carson,0.096,20.5,85.8,76.1,51.2,36028,24.1
314,184,Alabama,AL,Lamar,Republican,John Kasich,0.028999999999999998,20.5,85.8,76.1,51.2,36028,24.1
315,185,Alabama,AL,Lauderdale,Republican,Donald Trump,0.42100000000000004,18.2,84.7,83.8,52.1,42844,138.8
316,186,Alabama,AL,Lauderdale,Republican,Marco Rubio,0.187,18.2,84.7,83.8,52.1,42844,138.8
317,187,Alabama,AL,Lauderdale,Republican,Ted Cruz,0.183,18.2,84.7,83.8,52.1,42844,138.8
318,188,Alabama,AL,Lauderdale,Republican,Ben Carson,0.121,18.2,84.7,83.8,52.1,42844,138.8
319,189,Alabama,AL,Lauderdale,Republican,John Kasich,0.055,18.2,84.7,83.8,52.1,42844,138.8
320,190,Alabama,AL,Lawrence,Republican,Donald Trump,0.528,16.8,76.4,77.1,51.3,38551,49.7
321,191,Alabama,AL,Lawrence,Republican,Ted Cruz,0.17600000000000002,16.8,76.4,77.1,51.3,38551,49.7
322,192,Alabama,AL,Lawrence,Republican,Marco Rubio,0.135,16.8,76.4,77.1,51.3,38551,49.7
323,193,Alabama,AL,Lawrence,Republican,Ben Carson,0.107,16.8,76.4,77.1,51.3,38551,49.7
324,194,Alabama,AL,Lawrence,Republican,John Kasich,0.028999999999999998,16.8,76.4,77.1,51.3,38551,49.7
325,195,Alabama,AL,Lee,Republican,Donald Trump,0.33,10.3,67.7,86.7,50.7,43542,230.8
326,196,Alabama,AL,Lee,Republican,Ted Cruz,0.23199999999999998,10.3,67.7,86.7,50.7,43542,230.8
327,197,Alabama,AL,Lee,Republican,Marco Rubio,0.225,10.3,67.7,86.7,50.7,43542,230.8
328,198,Alabama,AL,Lee,Republican,Ben Carson,0.11699999999999999,10.3,67.7,86.7,50.7,43542,230.8
329,199,Alabama,AL,Lee,Republican,John Kasich,0.071,10.3,67.7,86.7,50.7,43542,230.8
330,200,Alabama,AL,Limestone,Republican,Donald Trump,0.43,13.8,77.2,81.5,49.7,48619,147.8
331,201,Alabama,AL,Limestone,Republican,Ted Cruz,0.214,13.8,77.2,81.5,49.7,48619,147.8
332,202,Alabama,AL,Limestone,Republican,Marco Rubio,0.18899999999999997,13.8,77.2,81.5,49.7,48619,147.8
333,203,Alabama,AL,Limestone,Republican,Ben Carson,0.10800000000000001,13.8,77.2,81.5,49.7,48619,147.8
334,204,Alabama,AL,Limestone,Republican,John Kasich,0.039,13.8,77.2,81.5,49.7,48619,147.8
335,205,Alabama,AL,Lowndes,Republican,Donald Trump,0.595,17.4,25.3,73.9,52.3,26230,15.8
336,206,Alabama,AL,Lowndes,Republican,Ted Cruz,0.163,17.4,25.3,73.9,52.3,26230,15.8
337,207,Alabama,AL,Lowndes,Republican,Ben Carson,0.105,17.4,25.3,73.9,52.3,26230,15.8
338,208,Alabama,AL,Lowndes,Republican,Marco Rubio,0.099,17.4,25.3,73.9,52.3,26230,15.8
339,209,Alabama,AL,Lowndes,Republican,John Kasich,0.031,17.4,25.3,73.9,52.3,26230,15.8
340,210,Alabama,AL,Macon,Republican,Donald Trump,0.48,16.8,16.2,80.0,54.2,30724,35.2
341,211,Alabama,AL,Macon,Republican,Ted Cruz,0.198,16.8,16.2,80.0,54.2,30724,35.2
342,212,Alabama,AL,Macon,Republican,Ben Carson,0.127,16.8,16.2,80.0,54.2,30724,35.2
343,213,Alabama,AL,Macon,Republican,Marco Rubio,0.124,16.8,16.2,80.0,54.2,30724,35.2
344,214,Alabama,AL,Macon,Republican,John Kasich,0.053,16.8,16.2,80.0,54.2,30724,35.2
345,215,Alabama,AL,Madison,Republican,Donald Trump,0.36200000000000004,13.7,65.5,90.0,51.2,58434,417.7
346,216,Alabama,AL,Madison,Republican,Marco Rubio,0.26,13.7,65.5,90.0,51.2,58434,417.7
347,217,Alabama,AL,Madison,Republican,Ted Cruz,0.207,13.7,65.5,90.0,51.2,58434,417.7
348,218,Alabama,AL,Madison,Republican,Ben Carson,0.096,13.7,65.5,90.0,51.2,58434,417.7
349,219,Alabama,AL,Madison,Republican,John Kasich,0.06,13.7,65.5,90.0,51.2,58434,417.7
350,220,Alabama,AL,Marengo,Republican,Donald Trump,0.539,18.6,45.6,83.7,53.2,35079,21.5
351,221,Alabama,AL,Marengo,Republican,Ted Cruz,0.212,18.6,45.6,83.7,53.2,35079,21.5
352,222,Alabama,AL,Marengo,Republican,Marco Rubio,0.11800000000000001,18.6,45.6,83.7,53.2,35079,21.5
353,223,Alabama,AL,Marengo,Republican,Ben Carson,0.079,18.6,45.6,83.7,53.2,35079,21.5
354,224,Alabama,AL,Marengo,Republican,John Kasich,0.024,18.6,45.6,83.7,53.2,35079,21.5
355,225,Alabama,AL,Marion,Republican,Donald Trump,0.529,20.1,91.7,74.6,50.4,32888,41.5
356,226,Alabama,AL,Marion,Republican,Ted Cruz,0.192,20.1,91.7,74.6,50.4,32888,41.5
357,227,Alabama,AL,Marion,Republican,Marco Rubio,0.139,20.1,91.7,74.6,50.4,32888,41.5
358,228,Alabama,AL,Marion,Republican,Ben Carson,0.08900000000000001,20.1,91.7,74.6,50.4,32888,41.5
359,229,Alabama,AL,Marion,Republican,John Kasich,0.025,20.1,91.7,74.6,50.4,32888,41.5
360,230,Alabama,AL,Marshall,Republican,Donald Trump,0.495,16.3,82.3,76.2,50.9,39526,164.4
361,231,Alabama,AL,Marshall,Republican,Marco Rubio,0.20600000000000002,16.3,82.3,76.2,50.9,39526,164.4
362,232,Alabama,AL,Marshall,Republican,Ted Cruz,0.151,16.3,82.3,76.2,50.9,39526,164.4
363,233,Alabama,AL,Marshall,Republican,Ben Carson,0.098,16.3,82.3,76.2,50.9,39526,164.4
364,234,Alabama,AL,Marshall,Republican,John Kasich,0.032,16.3,82.3,76.2,50.9,39526,164.4
365,235,Alabama,AL,Mobile,Republican,Donald Trump,0.452,14.5,57.8,83.9,52.2,43028,335.9
366,236,Alabama,AL,Mobile,Republican,Ted Cruz,0.215,14.5,57.8,83.9,52.2,43028,335.9
367,237,Alabama,AL,Mobile,Republican,Marco Rubio,0.18899999999999997,14.5,57.8,83.9,52.2,43028,335.9
368,238,Alabama,AL,Mobile,Republican,Ben Carson,0.077,14.5,57.8,83.9,52.2,43028,335.9
369,239,Alabama,AL,Mobile,Republican,John Kasich,0.046,14.5,57.8,83.9,52.2,43028,335.9
370,240,Alabama,AL,Monroe,Republican,Donald Trump,0.521,17.9,54.7,76.1,52.6,29203,22.5
371,241,Alabama,AL,Monroe,Republican,Ted Cruz,0.174,17.9,54.7,76.1,52.6,29203,22.5
372,242,Alabama,AL,Monroe,Republican,Marco Rubio,0.158,17.9,54.7,76.1,52.6,29203,22.5
373,243,Alabama,AL,Monroe,Republican,Ben Carson,0.099,17.9,54.7,76.1,52.6,29203,22.5
374,244,Alabama,AL,Monroe,Republican,John Kasich,0.028999999999999998,17.9,54.7,76.1,52.6,29203,22.5
375,245,Alabama,AL,Montgomery,Republican,Donald Trump,0.39399999999999996,13.3,36.3,85.6,52.6,44790,292.5
376,246,Alabama,AL,Montgomery,Republican,Marco Rubio,0.209,13.3,36.3,85.6,52.6,44790,292.5
377,247,Alabama,AL,Montgomery,Republican,Ted Cruz,0.17600000000000002,13.3,36.3,85.6,52.6,44790,292.5
378,248,Alabama,AL,Montgomery,Republican,Ben Carson,0.127,13.3,36.3,85.6,52.6,44790,292.5
379,249,Alabama,AL,Montgomery,Republican,John Kasich,0.073,13.3,36.3,85.6,52.6,44790,292.5
380,250,Alabama,AL,Morgan,Republican,Donald Trump,0.446,15.9,76.6,81.4,50.8,44800,206.3
381,251,Alabama,AL,Morgan,Republican,Ted Cruz,0.19699999999999998,15.9,76.6,81.4,50.8,44800,206.3
382,252,Alabama,AL,Morgan,Republican,Marco Rubio,0.183,15.9,76.6,81.4,50.8,44800,206.3
383,253,Alabama,AL,Morgan,Republican,Ben Carson,0.114,15.9,76.6,81.4,50.8,44800,206.3
384,254,Alabama,AL,Morgan,Republican,John Kasich,0.045,15.9,76.6,81.4,50.8,44800,206.3
385,255,Alabama,AL,Perry,Republican,Donald Trump,0.515,17.9,30.3,70.2,53.4,28209,14.7
386,256,Alabama,AL,Perry,Republican,Ted Cruz,0.33,17.9,30.3,70.2,53.4,28209,14.7
387,257,Alabama,AL,Perry,Republican,Marco Rubio,0.08800000000000001,17.9,30.3,70.2,53.4,28209,14.7
388,258,Alabama,AL,Perry,Republican,Ben Carson,0.04,17.9,30.3,70.2,53.4,28209,14.7
389,259,Alabama,AL,Perry,Republican,John Kasich,0.005,17.9,30.3,70.2,53.4,28209,14.7
390,260,Alabama,AL,Pickens,Republican,Donald Trump,0.441,17.8,54.7,79.7,50.6,28741,22.4
391,261,Alabama,AL,Pickens,Republican,Ted Cruz,0.258,17.8,54.7,79.7,50.6,28741,22.4
392,262,Alabama,AL,Pickens,Republican,Marco Rubio,0.138,17.8,54.7,79.7,50.6,28741,22.4
393,263,Alabama,AL,Pickens,Republican,Ben Carson,0.113,17.8,54.7,79.7,50.6,28741,22.4
394,264,Alabama,AL,Pickens,Republican,John Kasich,0.025,17.8,54.7,79.7,50.6,28741,22.4
395,265,Alabama,AL,Pike,Republican,Donald Trump,0.46,14.1,57.1,81.0,51.9,33090,48.9
396,266,Alabama,AL,Pike,Republican,Ted Cruz,0.201,14.1,57.1,81.0,51.9,33090,48.9
397,267,Alabama,AL,Pike,Republican,Marco Rubio,0.147,14.1,57.1,81.0,51.9,33090,48.9
398,268,Alabama,AL,Pike,Republican,Ben Carson,0.129,14.1,57.1,81.0,51.9,33090,48.9
399,269,Alabama,AL,Pike,Republican,John Kasich,0.032,14.1,57.1,81.0,51.9,33090,48.9
400,270,Alabama,AL,Randolph,Republican,Donald Trump,0.516,19.6,75.0,72.6,51.4,35213,39.5
401,271,Alabama,AL,Randolph,Republican,Ted Cruz,0.207,19.6,75.0,72.6,51.4,35213,39.5
402,272,Alabama,AL,Randolph,Republican,Marco Rubio,0.128,19.6,75.0,72.6,51.4,35213,39.5
403,273,Alabama,AL,Randolph,Republican,Ben Carson,0.09300000000000001,19.6,75.0,72.6,51.4,35213,39.5
404,274,Alabama,AL,Randolph,Republican,John Kasich,0.028999999999999998,19.6,75.0,72.6,51.4,35213,39.5
405,275,Alabama,AL,Russell,Republican,Donald Trump,0.474,12.5,49.5,80.4,51.3,36143,82.6
406,276,Alabama,AL,Russell,Republican,Ted Cruz,0.27,12.5,49.5,80.4,51.3,36143,82.6
407,277,Alabama,AL,Russell,Republican,Marco Rubio,0.12300000000000001,12.5,49.5,80.4,51.3,36143,82.6
408,278,Alabama,AL,Russell,Republican,Ben Carson,0.079,12.5,49.5,80.4,51.3,36143,82.6
409,279,Alabama,AL,Russell,Republican,John Kasich,0.027999999999999997,12.5,49.5,80.4,51.3,36143,82.6
410,280,Alabama,AL,Shelby,Republican,Donald Trump,0.344,13.0,78.5,91.2,51.2,68770,248.5
411,281,Alabama,AL,Shelby,Republican,Ted Cruz,0.263,13.0,78.5,91.2,51.2,68770,248.5
412,282,Alabama,AL,Shelby,Republican,Marco Rubio,0.23,13.0,78.5,91.2,51.2,68770,248.5
413,283,Alabama,AL,Shelby,Republican,Ben Carson,0.094,13.0,78.5,91.2,51.2,68770,248.5
414,284,Alabama,AL,Shelby,Republican,John Kasich,0.05,13.0,78.5,91.2,51.2,68770,248.5
415,285,Alabama,AL,Sumter,Republican,Donald Trump,0.591,16.3,24.8,75.5,55.0,22186,15.2
416,286,Alabama,AL,Sumter,Republican,Ted Cruz,0.16,16.3,24.8,75.5,55.0,22186,15.2
417,287,Alabama,AL,Sumter,Republican,Marco Rubio,0.139,16.3,24.8,75.5,55.0,22186,15.2
418,288,Alabama,AL,Sumter,Republican,Ben Carson,0.075,16.3,24.8,75.5,55.0,22186,15.2
419,289,Alabama,AL,Sumter,Republican,John Kasich,0.013999999999999999,16.3,24.8,75.5,55.0,22186,15.2
420,290,Alabama,AL,Talladega,Republican,Donald Trump,0.51,16.1,63.4,78.9,51.4,35439,111.7
421,291,Alabama,AL,Talladega,Republican,Ted Cruz,0.2,16.1,63.4,78.9,51.4,35439,111.7
422,292,Alabama,AL,Talladega,Republican,Marco Rubio,0.136,16.1,63.4,78.9,51.4,35439,111.7
423,293,Alabama,AL,Talladega,Republican,Ben Carson,0.095,16.1,63.4,78.9,51.4,35439,111.7
424,294,Alabama,AL,Talladega,Republican,John Kasich,0.038,16.1,63.4,78.9,51.4,35439,111.7
425,295,Alabama,AL,Tallapoosa,Republican,Donald Trump,0.528,19.6,68.9,79.2,51.4,39130,58.1
426,296,Alabama,AL,Tallapoosa,Republican,Ted Cruz,0.15,19.6,68.9,79.2,51.4,39130,58.1
427,297,Alabama,AL,Tallapoosa,Republican,Marco Rubio,0.146,19.6,68.9,79.2,51.4,39130,58.1
428,298,Alabama,AL,Tallapoosa,Republican,Ben Carson,0.114,19.6,68.9,79.2,51.4,39130,58.1
429,299,Alabama,AL,Tallapoosa,Republican,John Kasich,0.042,19.6,68.9,79.2,51.4,39130,58.1
430,300,Alabama,AL,Tuscaloosa,Republican,Donald Trump,0.375,11.7,63.2,86.6,51.7,45408,147.3
431,301,Alabama,AL,Tuscaloosa,Republican,Ted Cruz,0.25,11.7,63.2,86.6,51.7,45408,147.3
432,302,Alabama,AL,Tuscaloosa,Republican,Marco Rubio,0.204,11.7,63.2,86.6,51.7,45408,147.3
433,303,Alabama,AL,Tuscaloosa,Republican,Ben Carson,0.106,11.7,63.2,86.6,51.7,45408,147.3
434,304,Alabama,AL,Tuscaloosa,Republican,John Kasich,0.044000000000000004,11.7,63.2,86.6,51.7,45408,147.3
435,305,Alabama,AL,Walker,Republican,Donald Trump,0.551,18.2,89.4,76.4,51.4,37566,84.7
436,306,Alabama,AL,Walker,Republican,Ted Cruz,0.204,18.2,89.4,76.4,51.4,37566,84.7
437,307,Alabama,AL,Walker,Republican,Marco Rubio,0.10800000000000001,18.2,89.4,76.4,51.4,37566,84.7
438,308,Alabama,AL,Walker,Republican,Ben Carson,0.09,18.2,89.4,76.4,51.4,37566,84.7
439,309,Alabama,AL,Walker,Republican,John Kasich,0.024,18.2,89.4,76.4,51.4,37566,84.7
440,310,Alabama,AL,Washington,Republican,Donald Trump,0.537,17.0,65.1,80.5,51.2,42156,16.3
441,311,Alabama,AL,Washington,Republican,Ted Cruz,0.218,17.0,65.1,80.5,51.2,42156,16.3
442,312,Alabama,AL,Washington,Republican,Marco Rubio,0.153,17.0,65.1,80.5,51.2,42156,16.3
443,313,Alabama,AL,Washington,Republican,Ben Carson,0.064,17.0,65.1,80.5,51.2,42156,16.3
444,314,Alabama,AL,Washington,Republican,John Kasich,0.011000000000000001,17.0,65.1,80.5,51.2,42156,16.3
445,315,Alabama,AL,Wilcox,Republican,Donald Trump,0.544,17.7,27.6,76.1,52.4,23642,13.1
446,316,Alabama,AL,Wilcox,Republican,Ted Cruz,0.21600000000000003,17.7,27.6,76.1,52.4,23642,13.1
447,317,Alabama,AL,Wilcox,Republican,Marco Rubio,0.121,17.7,27.6,76.1,52.4,23642,13.1
448,318,Alabama,AL,Wilcox,Republican,Ben Carson,0.083,17.7,27.6,76.1,52.4,23642,13.1
449,319,Alabama,AL,Wilcox,Republican,John Kasich,0.023,17.7,27.6,76.1,52.4,23642,13.1
450,320,Alabama,AL,Winston,Republican,Donald Trump,0.561,20.0,94.0,72.7,50.9,32900,39.9
451,321,Alabama,AL,Winston,Republican,Ted Cruz,0.18,20.0,94.0,72.7,50.9,32900,39.9
452,322,Alabama,AL,Winston,Republican,Marco Rubio,0.11900000000000001,20.0,94.0,72.7,50.9,32900,39.9
453,323,Alabama,AL,Winston,Republican,Ben Carson,0.09,20.0,94.0,72.7,50.9,32900,39.9
454,324,Alabama,AL,Winston,Republican,John Kasich,0.027000000000000003,20.0,94.0,72.7,50.9,32900,39.9
