,id,state,state_abbreviation,county,party,candidate,fraction_votes,AGE775214,RHI825214,EDU635213,SEX255214,INC110213,POP060210
0,0,Florida,FL,Alachua,Democrat,Hillary Clinton,0.49200000000000005,12.5,62.6,91.2,51.7,42149,282.7
1,1,Florida,FL,Alachua,Democrat,Bernie Sanders,0.488,12.5,62.6,91.2,51.7,42149,282.7
2,2,Florida,FL,Baker,Democrat,Bernie Sanders,0.474,12.9,81.9,80.1,47.9,49236,46.3
3,3,Florida,FL,Baker,Democrat,Hillary Clinton,0.385,12.9,81.9,80.1,47.9,49236,46.3
4,4,Florida,FL,Bay,Democrat,Hillary Clinton,0.526,16.1,77.7,87.0,50.2,47461,222.6
5,5,Florida,FL,Bay,Democrat,Bernie Sanders,0.41700000000000004,16.1,77.7,87.0,50.2,47461,222.6
6,6,Florida,FL,Bradford,Democrat,Hillary Clinton,0.48700000000000004,17.6,74.9,75.5,45.6,40259,97.0
7,7,Florida,FL,Bradford,Democrat,Bernie Sanders,0.418,17.6,74.9,75.5,45.6,40259,97.0
8,8,Florida,FL,Brevard,Democrat,Hillary Clinton,0.597,22.6,75.8,90.2,51.2,48039,535.0
9,9,Florida,FL,Brevard,Democrat,Bernie Sanders,0.377,22.6,75.8,90.2,51.2,48039,535.0
10,10,Florida,FL,Broward,Democrat,Hillary Clinton,0.725,15.3,39.8,87.8,51.4,51251,1444.9
11,11,Florida,FL,Broward,Democrat,Bernie Sanders,0.264,15.3,39.8,87.8,51.4,51251,1444.9
12,12,Florida,FL,Calhoun,Democrat,Bernie Sanders,0.452,17.3,76.8,73.5,45.5,32780,25.8
13,13,Florida,FL,Calhoun,Democrat,Hillary Clinton,0.36200000000000004,17.3,76.8,73.5,45.5,32780,25.8
14,14,Florida,FL,Charlotte,Democrat,Hillary Clinton,0.621,37.7,84.7,88.8,51.3,44378,235.2
15,15,Florida,FL,Charlotte,Democrat,Bernie Sanders,0.354,37.7,84.7,88.8,51.3,44378,235.2
16,16,Florida,FL,Citrus,Democrat,Hillary Clinton,0.563,35.2,88.7,86.0,51.6,39100,242.8
17,17,Florida,FL,Citrus,Democrat,Bernie Sanders,0.392,35.2,88.7,86.0,51.6,39100,242.8
18,18,Florida,FL,Clay,Democrat,Hillary Clinton,0.5710000000000001,14.2,74.8,90.2,50.8,59482,315.8
19,19,Florida,FL,Clay,Democrat,Bernie Sanders,0.395,14.2,74.8,90.2,50.8,59482,315.8
20,20,Florida,FL,Collier,Democrat,Hillary Clinton,0.6609999999999999,29.4,64.3,85.8,50.8,55843,160.9
21,21,Florida,FL,Collier,Democrat,Bernie Sanders,0.319,29.4,64.3,85.8,50.8,55843,160.9
22,22,Florida,FL,Columbia,Democrat,Hillary Clinton,0.529,17.3,73.1,82.6,48.2,38070,84.7
23,23,Florida,FL,Columbia,Democrat,Bernie Sanders,0.386,17.3,73.1,82.6,48.2,38070,84.7
24,24,Florida,FL,Dixie,Democrat,Bernie Sanders,0.451,22.0,85.1,78.5,46.0,33981,23.3
25,25,Florida,FL,Dixie,Democrat,Hillary Clinton,0.402,22.0,85.1,78.5,46.0,33981,23.3
26,26,Florida,FL,Duval,Democrat,Hillary Clinton,0.672,12.8,55.0,87.9,51.6,48323,1133.9
27,27,Florida,FL,Duval,Democrat,Bernie Sanders,0.306,12.8,55.0,87.9,51.6,48323,1133.9
28,28,Florida,FL,Escambia,Democrat,Hillary Clinton,0.622,15.7,65.5,87.9,50.1,43918,453.4
29,29,Florida,FL,Escambia,Democrat,Bernie Sanders,0.34600000000000003,15.7,65.5,87.9,50.1,43918,453.4
30,30,Florida,FL,Flagler,Democrat,Hillary Clinton,0.6579999999999999,28.4,75.3,90.2,52.0,47233,197.1
31,31,Florida,FL,Flagler,Democrat,Bernie Sanders,0.319,28.4,75.3,90.2,52.0,47233,197.1
32,32,Florida,FL,Franklin,Democrat,Hillary Clinton,0.47,20.1,78.0,79.3,42.2,38328,21.6
33,33,Florida,FL,Franklin,Democrat,Bernie Sanders,0.457,20.1,78.0,79.3,42.2,38328,21.6
34,34,Florida,FL,Gadsden,Democrat,Hillary Clinton,0.764,15.5,33.2,77.2,49.5,35380,89.8
35,35,Florida,FL,Gadsden,Democrat,Bernie Sanders,0.2,15.5,33.2,77.2,49.5,35380,89.8
36,36,Florida,FL,Gilchrist,Democrat,Bernie Sanders,0.507,19.4,87.1,79.8,48.0,38406,48.4
37,37,Florida,FL,Gilchrist,Democrat,Hillary Clinton,0.375,19.4,87.1,79.8,48.0,38406,48.4
38,38,Florida,FL,Glades,Democrat,Hillary Clinton,0.499,26.5,60.4,78.0,43.7,34694,16.0
39,39,Florida,FL,Glades,Democrat,Bernie Sanders,0.40299999999999997,26.5,60.4,78.0,43.7,34694,16.0
40,40,Florida,FL,Gulf,Democrat,Hillary Clinton,0.474,18.1,73.4,79.5,39.8,40455,28.1
41,41,Florida,FL,Gulf,Democrat,Bernie Sanders,0.434,18.1,73.4,79.5,39.8,40455,28.1
42,42,Florida,FL,Hamilton,Democrat,Hillary Clinton,0.547,15.9,55.0,75.1,42.9,37716,28.8
43,43,Florida,FL,Hamilton,Democrat,Bernie Sanders,0.34600000000000003,15.9,55.0,75.1,42.9,37716,28.8
44,44,Florida,FL,Hardee,Democrat,Hillary Clinton,0.527,14.8,47.5,64.2,46.5,37125,43.5
45,45,Florida,FL,Hardee,Democrat,Bernie Sanders,0.391,14.8,47.5,64.2,46.5,37125,43.5
46,46,Florida,FL,Hendry,Democrat,Hillary Clinton,0.606,12.7,33.9,64.4,48.0,35425,34.0
47,47,Florida,FL,Hendry,Democrat,Bernie Sanders,0.33899999999999997,12.7,33.9,64.4,48.0,35425,34.0
48,48,Florida,FL,Hernando,Democrat,Hillary Clinton,0.596,27.5,80.2,86.5,52.1,41024,365.6
49,49,Florida,FL,Hernando,Democrat,Bernie Sanders,0.37,27.5,80.2,86.5,52.1,41024,365.6
50,50,Florida,FL,Highlands,Democrat,Hillary Clinton,0.614,33.8,68.7,81.0,51.5,35560,97.2
51,51,Florida,FL,Highlands,Democrat,Bernie Sanders,0.34,33.8,68.7,81.0,51.5,35560,97.2
52,52,Florida,FL,Hillsborough,Democrat,Hillary Clinton,0.628,13.1,51.6,86.8,51.3,49596,1204.9
53,53,Florida,FL,Hillsborough,Democrat,Bernie Sanders,0.35100000000000003,13.1,51.6,86.8,51.3,49596,1204.9
54,54,Florida,FL,Holmes,Democrat,Bernie Sanders,0.517,18.9,87.0,75.5,46.6,35511,41.6
55,55,Florida,FL,Holmes,Democrat,Hillary Clinton,0.28300000000000003,18.9,87.0,75.5,46.6,35511,41.6
56,56,Florida,FL,Jackson,Democrat,Hillary Clinton,0.539,18.0,65.7,78.0,44.8,36809,54.2
57,57,Florida,FL,Jackson,Democrat,Bernie Sanders,0.355,18.0,65.7,78.0,44.8,36809,54.2
58,58,Florida,FL,Jefferson,Democrat,Hillary Clinton,0.6459999999999999,20.1,58.8,81.2,47.7,44170,24.7
59,59,Florida,FL,Jefferson,Democrat,Bernie Sanders,0.295,20.1,58.8,81.2,47.7,44170,24.7
60,60,Florida,FL,Lafayette,Democrat,Bernie Sanders,0.509,14.0,71.0,78.4,40.0,39722,16.3
61,61,Florida,FL,Lafayette,Democrat,Hillary Clinton,0.3,14.0,71.0,78.4,40.0,39722,16.3
62,62,Florida,FL,Lake,Democrat,Hillary Clinton,0.635,26.0,72.4,86.4,51.6,45035,316.6
63,63,Florida,FL,Lake,Democrat,Bernie Sanders,0.33799999999999997,26.0,72.4,86.4,51.6,45035,316.6
64,64,Florida,FL,Lee,Democrat,Hillary Clinton,0.627,26.3,69.2,86.9,51.0,47439,788.7
65,65,Florida,FL,Lee,Democrat,Bernie Sanders,0.35,26.3,69.2,86.9,51.0,47439,788.7
66,66,Florida,FL,Leon,Democrat,Hillary Clinton,0.565,11.4,57.5,91.8,52.5,46369,413.1
67,67,Florida,FL,Leon,Democrat,Bernie Sanders,0.41100000000000003,11.4,57.5,91.8,52.5,46369,413.1
68,68,Florida,FL,Levy,Democrat,Hillary Clinton,0.5,22.9,80.0,81.1,50.8,34348,36.5
69,69,Florida,FL,Levy,Democrat,Bernie Sanders,0.431,22.9,80.0,81.1,50.8,34348,36.5
70,70,Florida,FL,Liberty,Democrat,Bernie Sanders,0.47100000000000003,11.8,71.4,75.6,37.6,39681,10.0
71,71,Florida,FL,Liberty,Democrat,Hillary Clinton,0.38,11.8,71.4,75.6,37.6,39681,10.0
72,72,Florida,FL,Madison,Democrat,Hillary Clinton,0.624,17.9,54.5,78.2,47.2,33833,27.6
73,73,Florida,FL,Madison,Democrat,Bernie Sanders,0.3,17.9,54.5,78.2,47.2,33833,27.6
74,74,Florida,FL,Manatee,Democrat,Hillary Clinton,0.625,25.5,72.1,87.4,51.6,47876,434.5
75,75,Florida,FL,Manatee,Democrat,Bernie Sanders,0.35100000000000003,25.5,72.1,87.4,51.6,47876,434.5
76,76,Florida,FL,Marion,Democrat,Hillary Clinton,0.627,27.9,72.2,85.0,52.0,39453,209.1
77,77,Florida,FL,Marion,Democrat,Bernie Sanders,0.341,27.9,72.2,85.0,52.0,39453,209.1
78,78,Florida,FL,Martin,Democrat,Hillary Clinton,0.598,29.3,79.3,88.8,50.4,49846,269.2
79,79,Florida,FL,Martin,Democrat,Bernie Sanders,0.376,29.3,79.3,88.8,50.4,49846,269.2
80,80,Florida,FL,Miami-Dade,Democrat,Hillary Clinton,0.747,15.2,14.8,78.8,51.4,43100,1315.5
81,81,Florida,FL,Miami-Dade,Democrat,Bernie Sanders,0.243,15.2,14.8,78.8,51.4,43100,1315.5
82,82,Florida,FL,Monroe,Democrat,Hillary Clinton,0.5529999999999999,20.5,68.6,89.9,47.5,53607,74.3
83,83,Florida,FL,Monroe,Democrat,Bernie Sanders,0.428,20.5,68.6,89.9,47.5,53607,74.3
84,84,Florida,FL,Nassau,Democrat,Hillary Clinton,0.562,20.0,87.2,89.4,50.8,55315,113.0
85,85,Florida,FL,Nassau,Democrat,Bernie Sanders,0.39799999999999996,20.0,87.2,89.4,50.8,55315,113.0
86,86,Florida,FL,Okeechobee,Democrat,Hillary Clinton,0.552,17.9,63.6,67.8,46.2,34570,52.0
87,87,Florida,FL,Okeechobee,Democrat,Bernie Sanders,0.376,17.9,63.6,67.8,46.2,34570,52.0
88,88,Florida,FL,Orange,Democrat,Hillary Clinton,0.638,10.8,43.3,87.2,50.9,47581,1268.5
89,89,Florida,FL,Orange,Democrat,Bernie Sanders,0.35100000000000003,10.8,43.3,87.2,50.9,47581,1268.5
90,90,Florida,FL,Osceola,Democrat,Hillary Clinton,0.682,12.7,36.1,83.8,51.0,43891,202.4
91,91,Florida,FL,Osceola,Democrat,Bernie Sanders,0.3,12.7,36.1,83.8,51.0,43891,202.4
92,92,Florida,FL,Pasco,Democrat,Hillary Clinton,0.583,22.5,77.4,87.2,51.4,43888,622.2
93,93,Florida,FL,Pasco,Democrat,Bernie Sanders,0.389,22.5,77.4,87.2,51.4,43888,622.2
94,94,Florida,FL,Pinellas,Democrat,Hillary Clinton,0.603,23.0,75.4,88.9,52.1,45535,3347.5
95,95,Florida,FL,Pinellas,Democrat,Bernie Sanders,0.376,23.0,75.4,88.9,52.1,45535,3347.5
96,96,Florida,FL,Polk,Democrat,Hillary Clinton,0.63,19.5,62.1,82.4,51.0,43113,334.9
97,97,Florida,FL,Polk,Democrat,Bernie Sanders,0.33299999999999996,19.5,62.1,82.4,51.0,43113,334.9
98,98,Florida,FL,Putnam,Democrat,Hillary Clinton,0.494,21.1,71.7,77.5,50.7,32497,102.2
99,99,Florida,FL,Putnam,Democrat,Bernie Sanders,0.42700000000000005,21.1,71.7,77.5,50.7,32497,102.2
100,100,Florida,FL,Sarasota,Democrat,Hillary Clinton,0.611,33.9,83.7,91.9,52.2,49052,682.6
101,101,Florida,FL,Sarasota,Democrat,Bernie Sanders,0.373,33.9,83.7,91.9,52.2,49052,682.6
102,102,Florida,FL,Seminole,Democrat,Hillary Clinton,0.583,14.3,63.6,91.8,51.6,58175,1367.0
103,103,Florida,FL,Seminole,Democrat,Bernie Sanders,0.39899999999999997,14.3,63.6,91.8,51.6,58175,1367.0
104,104,Florida,FL,Sumter,Democrat,Hillary Clinton,0.6809999999999999,52.9,84.6,87.8,49.3,48493,170.8
105,105,Florida,FL,Sumter,Democrat,Bernie Sanders,0.293,52.9,84.6,87.8,49.3,48493,170.8
106,106,Florida,FL,Suwannee,Democrat,Bernie Sanders,0.44299999999999995,19.6,75.3,79.8,47.8,35698,60.3
107,107,Florida,FL,Suwannee,Democrat,Hillary Clinton,0.42200000000000004,19.6,75.3,79.8,47.8,35698,60.3
108,108,Florida,FL,Taylor,Democrat,Hillary Clinton,0.45899999999999996,18.0,72.3,76.5,43.6,36356,21.6
109,109,Florida,FL,Taylor,Democrat,Bernie Sanders,0.424,18.0,72.3,76.5,43.6,36356,21.6
110,110,Florida,FL,Union,Democrat,Bernie Sanders,0.516,12.4,70.3,73.9,35.4,42660,63.8
111,111,Florida,FL,Union,Democrat,Hillary Clinton,0.36700000000000005,12.4,70.3,73.9,35.4,42660,63.8
112,112,Florida,FL,Volusia,Democrat,Hillary Clinton,0.602,23.2,73.8,87.6,51.2,42457,449.2
113,113,Florida,FL,Volusia,Democrat,Bernie Sanders,0.371,23.2,73.8,87.6,51.2,42457,449.2
114,114,Florida,FL,Wakulla,Democrat,Hillary Clinton,0.489,13.2,78.2,87.7,44.7,52691,50.8
115,115,Florida,FL,Wakulla,Democrat,Bernie Sanders,0.42,13.2,78.2,87.7,44.7,52691,50.8
116,116,Florida,FL,Walton,Democrat,Hillary Clinton,0.5,18.7,84.2,84.5,49.1,43640,53.0
117,117,Florida,FL,Walton,Democrat,Bernie Sanders,0.449,18.7,84.2,84.5,49.1,43640,53.0
118,118,Florida,FL,Washington,Democrat,Hillary Clinton,0.47100000000000003,17.3,77.2,80.3,45.2,38501,42.7
119,119,Florida,FL,Washington,Democrat,Bernie Sanders,0.429,17.3,77.2,80.3,45.2,38501,42.7
120,0,Florida,FL,Alachua,Republican,Donald Trump,0.382,12.5,62.6,91.2,51.7,42149,282.7
121,1,Florida,FL,Alachua,Republican,Marco Rubio,0.28800000000000003,12.5,62.6,91.2,51.7,42149,282.7
122,2,Florida,FL,Alachua,Republican,Ted Cruz,0.215,12.5,62.6,91.2,51.7,42149,282.7
123,3,Florida,FL,Alachua,Republican,John Kasich,0.079,12.5,62.6,91.2,51.7,42149,282.7
124,4,Florida,FL,Baker,Republican,Donald Trump,0.531,12.9,81.9,80.1,47.9,49236,46.3
125,5,Florida,FL,Baker,Republican,Ted Cruz,0.23800000000000002,12.9,81.9,80.1,47.9,49236,46.3
126,6,Florida,FL,Baker,Republican,Marco Rubio,0.18899999999999997,12.9,81.9,80.1,47.9,49236,46.3
127,7,Florida,FL,Baker,Republican,John Kasich,0.017,12.9,81.9,80.1,47.9,49236,46.3
128,8,Florida,FL,Bay,Republican,Donald Trump,0.48700000000000004,16.1,77.7,87.0,50.2,47461,222.6
129,9,Florida,FL,Bay,Republican,Ted Cruz,0.242,16.1,77.7,87.0,50.2,47461,222.6
130,10,Florida,FL,Bay,Republican,Marco Rubio,0.19699999999999998,16.1,77.7,87.0,50.2,47461,222.6
131,11,Florida,FL,Bay,Republican,John Kasich,0.048,16.1,77.7,87.0,50.2,47461,222.6
132,12,Florida,FL,Bradford,Republican,Donald Trump,0.495,17.6,74.9,75.5,45.6,40259,97.0
133,13,Florida,FL,Bradford,Republican,Ted Cruz,0.265,17.6,74.9,75.5,45.6,40259,97.0
134,14,Florida,FL,Bradford,Republican,Marco Rubio,0.192,17.6,74.9,75.5,45.6,40259,97.0
135,15,Florida,FL,Bradford,Republican,John Kasich,0.026000000000000002,17.6,74.9,75.5,45.6,40259,97.0
136,16,Florida,FL,Brevard,Republican,Donald Trump,0.46299999999999997,22.6,75.8,90.2,51.2,48039,535.0
137,17,Florida,FL,Brevard,Republican,Marco Rubio,0.248,22.6,75.8,90.2,51.2,48039,535.0
138,18,Florida,FL,Brevard,Republican,Ted Cruz,0.19699999999999998,22.6,75.8,90.2,51.2,48039,535.0
139,19,Florida,FL,Brevard,Republican,John Kasich,0.064,22.6,75.8,90.2,51.2,48039,535.0
140,20,Florida,FL,Broward,Republican,Donald Trump,0.493,15.3,39.8,87.8,51.4,51251,1444.9
141,21,Florida,FL,Broward,Republican,Marco Rubio,0.284,15.3,39.8,87.8,51.4,51251,1444.9
142,22,Florida,FL,Broward,Republican,Ted Cruz,0.129,15.3,39.8,87.8,51.4,51251,1444.9
143,23,Florida,FL,Broward,Republican,John Kasich,0.07200000000000001,15.3,39.8,87.8,51.4,51251,1444.9
144,24,Florida,FL,Calhoun,Republican,Donald Trump,0.45299999999999996,17.3,76.8,73.5,45.5,32780,25.8
145,25,Florida,FL,Calhoun,Republican,Ted Cruz,0.308,17.3,76.8,73.5,45.5,32780,25.8
146,26,Florida,FL,Calhoun,Republican,Marco Rubio,0.17800000000000002,17.3,76.8,73.5,45.5,32780,25.8
147,27,Florida,FL,Calhoun,Republican,John Kasich,0.023,17.3,76.8,73.5,45.5,32780,25.8
148,28,Florida,FL,Charlotte,Republican,Donald Trump,0.5479999999999999,37.7,84.7,88.8,51.3,44378,235.2
149,29,Florida,FL,Charlotte,Republican,Marco Rubio,0.203,37.7,84.7,88.8,51.3,44378,235.2
150,30,Florida,FL,Charlotte,Republican,Ted Cruz,0.14,37.7,84.7,88.8,51.3,44378,235.2
151,31,Florida,FL,Charlotte,Republican,John Kasich,0.077,37.7,84.7,88.8,51.3,44378,235.2
152,32,Florida,FL,Citrus,Republican,Donald Trump,0.55,35.2,88.7,86.0,51.6,39100,242.8
153,33,Florida,FL,Citrus,Republican,Marco Rubio,0.18,35.2,88.7,86.0,51.6,39100,242.8
154,34,Florida,FL,Citrus,Republican,Ted Cruz,0.17600000000000002,35.2,88.7,86.0,51.6,39100,242.8
155,35,Florida,FL,Citrus,Republican,John Kasich,0.062,35.2,88.7,86.0,51.6,39100,242.8
156,36,Florida,FL,Clay,Republican,Donald Trump,0.506,14.2,74.8,90.2,50.8,59482,315.8
157,37,Florida,FL,Clay,Republican,Marco Rubio,0.221,14.2,74.8,90.2,50.8,59482,315.8
158,38,Florida,FL,Clay,Republican,Ted Cruz,0.205,14.2,74.8,90.2,50.8,59482,315.8
159,39,Florida,FL,Clay,Republican,John Kasich,0.043,14.2,74.8,90.2,50.8,59482,315.8
160,40,Florida,FL,Collier,Republican,Donald Trump,0.461,29.4,64.3,85.8,50.8,55843,160.9
161,41,Florida,FL,Collier,Republican,Marco Rubio,0.239,29.4,64.3,85.8,50.8,55843,160.9
162,42,Florida,FL,Collier,Republican,Ted Cruz,0.162,29.4,64.3,85.8,50.8,55843,160.9
163,43,Florida,FL,Collier,Republican,John Kasich,0.10800000000000001,29.4,64.3,85.8,50.8,55843,160.9
164,44,Florida,FL,Columbia,Republican,Donald Trump,0.48,17.3,73.1,82.6,48.2,38070,84.7
165,45,Florida,FL,Columbia,Republican,Ted Cruz,0.29100000000000004,17.3,73.1,82.6,48.2,38070,84.7
166,46,Florida,FL,Columbia,Republican,Marco Rubio,0.171,17.3,73.1,82.6,48.2,38070,84.7
167,47,Florida,FL,Columbia,Republican,John Kasich,0.032,17.3,73.1,82.6,48.2,38070,84.7
168,48,Florida,FL,Dixie,Republican,Donald Trump,0.634,22.0,85.1,78.5,46.0,33981,23.3
169,49,Florida,FL,Dixie,Republican,Ted Cruz,0.201,22.0,85.1,78.5,46.0,33981,23.3
170,50,Florida,FL,Dixie,Republican,Marco Rubio,0.11800000000000001,22.0,85.1,78.5,46.0,33981,23.3
171,51,Florida,FL,Dixie,Republican,John Kasich,0.018000000000000002,22.0,85.1,78.5,46.0,33981,23.3
172,52,Florida,FL,Duval,Republican,Donald Trump,0.47100000000000003,12.8,55.0,87.9,51.6,48323,1133.9
173,53,Florida,FL,Duval,Republican,Marco Rubio,0.267,12.8,55.0,87.9,51.6,48323,1133.9
174,54,Florida,FL,Duval,Republican,Ted Cruz,0.179,12.8,55.0,87.9,51.6,48323,1133.9
175,55,Florida,FL,Duval,Republican,John Kasich,0.051,12.8,55.0,87.9,51.6,48323,1133.9
176,56,Florida,FL,Escambia,Republican,Donald Trump,0.41700000000000004,15.7,65.5,87.9,50.1,43918,453.4
177,57,Florida,FL,Escambia,Republican,Marco Rubio,0.254,15.7,65.5,87.9,50.1,43918,453.4
178,58,Florida,FL,Escambia,Republican,Ted Cruz,0.22699999999999998,15.7,65.5,87.9,50.1,43918,453.4
179,59,Florida,FL,Escambia,Republican,John Kasich,0.062,15.7,65.5,87.9,50.1,43918,453.4
180,60,Florida,FL,Flagler,Republican,Donald Trump,0.5760000000000001,28.4,75.3,90.2,52.0,47233,197.1
181,61,Florida,FL,Flagler,Republican,Marco Rubio,0.2,28.4,75.3,90.2,52.0,47233,197.1
182,62,Florida,FL,Flagler,Republican,Ted Cruz,0.142,28.4,75.3,90.2,52.0,47233,197.1
183,63,Florida,FL,Flagler,Republican,John Kasich,0.061,28.4,75.3,90.2,52.0,47233,197.1
184,64,Florida,FL,Franklin,Republican,Donald Trump,0.516,20.1,78.0,79.3,42.2,38328,21.6
185,65,Florida,FL,Franklin,Republican,Marco Rubio,0.204,20.1,78.0,79.3,42.2,38328,21.6
186,66,Florida,FL,Franklin,Republican,Ted Cruz,0.20199999999999999,20.1,78.0,79.3,42.2,38328,21.6
187,67,Florida,FL,Franklin,Republican,John Kasich,0.06,20.1,78.0,79.3,42.2,38328,21.6
188,68,Florida,FL,Gadsden,Republican,Donald Trump,0.418,15.5,33.2,77.2,49.5,35380,89.8
189,69,Florida,FL,Gadsden,Republican,Ted Cruz,0.312,15.5,33.2,77.2,49.5,35380,89.8
190,70,Florida,FL,Gadsden,Republican,Marco Rubio,0.19399999999999998,15.5,33.2,77.2,49.5,35380,89.8
191,71,Florida,FL,Gadsden,Republican,John Kasich,0.046,15.5,33.2,77.2,49.5,35380,89.8
192,72,Florida,FL,Gilchrist,Republican,Donald Trump,0.588,19.4,87.1,79.8,48.0,38406,48.4
193,73,Florida,FL,Gilchrist,Republican,Ted Cruz,0.24600000000000002,19.4,87.1,79.8,48.0,38406,48.4
194,74,Florida,FL,Gilchrist,Republican,Marco Rubio,0.121,19.4,87.1,79.8,48.0,38406,48.4
195,75,Florida,FL,Gilchrist,Republican,John Kasich,0.025,19.4,87.1,79.8,48.0,38406,48.4
196,76,Florida,FL,Glades,Republican,Donald Trump,0.5920000000000001,26.5,60.4,78.0,43.7,34694,16.0
197,77,Florida,FL,Glades,Republican,Ted Cruz,0.212,26.5,60.4,78.0,43.7,34694,16.0
198,78,Florida,FL,Glades,Republican,Marco Rubio,0.152,26.5,60.4,78.0,43.7,34694,16.0
199,79,Florida,FL,Glades,Republican,John Kasich,0.036000000000000004,26.5,60.4,78.0,43.7,34694,16.0
200,80,Florida,FL,Gulf,Republican,Donald Trump,0.496,18.1,73.4,79.5,39.8,40455,28.1
201,81,Florida,FL,Gulf,Republican,Ted Cruz,0.247,18.1,73.4,79.5,39.8,40455,28.1
202,82,Florida,FL,Gulf,Republican,Marco Rubio,0.187,18.1,73.4,79.5,39.8,40455,28.1
203,83,Florida,FL,Gulf,Republican,John Kasich,0.043,18.1,73.4,79.5,39.8,40455,28.1
204,84,Florida,FL,Hamilton,Republican,Donald Trump,0.568,15.9,55.0,75.1,42.9,37716,28.8
205,85,Florida,FL,Hamilton,Republican,Ted Cruz,0.247,15.9,55.0,75.1,42.9,37716,28.8
206,86,Florida,FL,Hamilton,Republican,Marco Rubio,0.12300000000000001,15.9,55.0,75.1,42.9,37716,28.8
207,87,Florida,FL,Hamilton,Republican,John Kasich,0.027999999999999997,15.9,55.0,75.1,42.9,37716,28.8
208,88,Florida,FL,Hardee,Republican,Donald Trump,0.513,14.8,47.5,64.2,46.5,37125,43.5
209,89,Florida,FL,Hardee,Republican,Ted Cruz,0.239,14.8,47.5,64.2,46.5,37125,43.5
210,90,Florida,FL,Hardee,Republican,Marco Rubio,0.2,14.8,47.5,64.2,46.5,37125,43.5
211,91,Florida,FL,Hardee,Republican,John Kasich,0.025,14.8,47.5,64.2,46.5,37125,43.5
212,92,Florida,FL,Hendry,Republican,Donald Trump,0.488,12.7,33.9,64.4,48.0,35425,34.0
213,93,Florida,FL,Hendry,Republican,Marco Rubio,0.244,12.7,33.9,64.4,48.0,35425,34.0
214,94,Florida,FL,Hendry,Republican,Ted Cruz,0.209,12.7,33.9,64.4,48.0,35425,34.0
215,95,Florida,FL,Hendry,Republican,John Kasich,0.026000000000000002,12.7,33.9,64.4,48.0,35425,34.0
216,96,Florida,FL,Hernando,Republican,Donald Trump,0.562,27.5,80.2,86.5,52.1,41024,365.6
217,97,Florida,FL,Hernando,Republican,Marco Rubio,0.172,27.5,80.2,86.5,52.1,41024,365.6
218,98,Florida,FL,Hernando,Republican,Ted Cruz,0.172,27.5,80.2,86.5,52.1,41024,365.6
219,99,Florida,FL,Hernando,Republican,John Kasich,0.052000000000000005,27.5,80.2,86.5,52.1,41024,365.6
220,100,Florida,FL,Highlands,Republican,Donald Trump,0.5,33.8,68.7,81.0,51.5,35560,97.2
221,101,Florida,FL,Highlands,Republican,Marco Rubio,0.21,33.8,68.7,81.0,51.5,35560,97.2
222,102,Florida,FL,Highlands,Republican,Ted Cruz,0.204,33.8,68.7,81.0,51.5,35560,97.2
223,103,Florida,FL,Highlands,Republican,John Kasich,0.052000000000000005,33.8,68.7,81.0,51.5,35560,97.2
224,104,Florida,FL,Hillsborough,Republican,Donald Trump,0.408,13.1,51.6,86.8,51.3,49596,1204.9
225,105,Florida,FL,Hillsborough,Republican,Marco Rubio,0.285,13.1,51.6,86.8,51.3,49596,1204.9
226,106,Florida,FL,Hillsborough,Republican,Ted Cruz,0.2,13.1,51.6,86.8,51.3,49596,1204.9
227,107,Florida,FL,Hillsborough,Republican,John Kasich,0.07,13.1,51.6,86.8,51.3,49596,1204.9
228,108,Florida,FL,Holmes,Republican,Donald Trump,0.469,18.9,87.0,75.5,46.6,35511,41.6
229,109,Florida,FL,Holmes,Republican,Ted Cruz,0.307,18.9,87.0,75.5,46.6,35511,41.6
230,110,Florida,FL,Holmes,Republican,Marco Rubio,0.172,18.9,87.0,75.5,46.6,35511,41.6
231,111,Florida,FL,Holmes,Republican,John Kasich,0.024,18.9,87.0,75.5,46.6,35511,41.6
232,112,Florida,FL,Jackson,Republican,Donald Trump,0.49200000000000005,18.0,65.7,78.0,44.8,36809,54.2
233,113,Florida,FL,Jackson,Republican,Ted Cruz,0.268,18.0,65.7,78.0,44.8,36809,54.2
234,114,Florida,FL,Jackson,Republican,Marco Rubio,0.18,18.0,65.7,78.0,44.8,36809,54.2
235,115,Florida,FL,Jackson,Republican,John Kasich,0.028999999999999998,18.0,65.7,78.0,44.8,36809,54.2
236,116,Florida,FL,Jefferson,Republican,Donald Trump,0.435,20.1,58.8,81.2,47.7,44170,24.7
237,117,Florida,FL,Jefferson,Republican,Ted Cruz,0.345,20.1,58.8,81.2,47.7,44170,24.7
238,118,Florida,FL,Jefferson,Republican,Marco Rubio,0.159,20.1,58.8,81.2,47.7,44170,24.7
239,119,Florida,FL,Jefferson,Republican,John Kasich,0.044000000000000004,20.1,58.8,81.2,47.7,44170,24.7
240,120,Florida,FL,Lafayette,Republican,Donald Trump,0.52,14.0,71.0,78.4,40.0,39722,16.3
241,121,Florida,FL,Lafayette,Republican,Ted Cruz,0.278,14.0,71.0,78.4,40.0,39722,16.3
242,122,Florida,FL,Lafayette,Republican,Marco Rubio,0.16399999999999998,14.0,71.0,78.4,40.0,39722,16.3
243,123,Florida,FL,Lafayette,Republican,John Kasich,0.016,14.0,71.0,78.4,40.0,39722,16.3
244,124,Florida,FL,Lake,Republican,Donald Trump,0.49,26.0,72.4,86.4,51.6,45035,316.6
245,125,Florida,FL,Lake,Republican,Marco Rubio,0.226,26.0,72.4,86.4,51.6,45035,316.6
246,126,Florida,FL,Lake,Republican,Ted Cruz,0.19699999999999998,26.0,72.4,86.4,51.6,45035,316.6
247,127,Florida,FL,Lake,Republican,John Kasich,0.054000000000000006,26.0,72.4,86.4,51.6,45035,316.6
248,128,Florida,FL,Lee,Republican,Donald Trump,0.47600000000000003,26.3,69.2,86.9,51.0,47439,788.7
249,129,Florida,FL,Lee,Republican,Marco Rubio,0.22,26.3,69.2,86.9,51.0,47439,788.7
250,130,Florida,FL,Lee,Republican,Ted Cruz,0.17600000000000002,26.3,69.2,86.9,51.0,47439,788.7
251,131,Florida,FL,Lee,Republican,John Kasich,0.079,26.3,69.2,86.9,51.0,47439,788.7
252,132,Florida,FL,Leon,Republican,Donald Trump,0.297,11.4,57.5,91.8,52.5,46369,413.1
253,133,Florida,FL,Leon,Republican,Marco Rubio,0.28800000000000003,11.4,57.5,91.8,52.5,46369,413.1
254,134,Florida,FL,Leon,Republican,Ted Cruz,0.282,11.4,57.5,91.8,52.5,46369,413.1
255,135,Florida,FL,Leon,Republican,John Kasich,0.09,11.4,57.5,91.8,52.5,46369,413.1
256,136,Florida,FL,Levy,Republican,Donald Trump,0.5760000000000001,22.9,80.0,81.1,50.8,34348,36.5
257,137,Florida,FL,Levy,Republican,Ted Cruz,0.196,22.9,80.0,81.1,50.8,34348,36.5
258,138,Florida,FL,Levy,Republican,Marco Rubio,0.153,22.9,80.0,81.1,50.8,34348,36.5
259,139,Florida,FL,Levy,Republican,John Kasich,0.039,22.9,80.0,81.1,50.8,34348,36.5
260,140,Florida,FL,Liberty,Republican,Donald Trump,0.444,11.8,71.4,75.6,37.6,39681,10.0
261,141,Florida,FL,Liberty,Republican,Ted Cruz,0.317,11.8,71.4,75.6,37.6,39681,10.0
262,142,Florida,FL,Liberty,Republican,Marco Rubio,0.18899999999999997,11.8,71.4,75.6,37.6,39681,10.0
263,143,Florida,FL,Liberty,Republican,John Kasich,0.019,11.8,71.4,75.6,37.6,39681,10.0
264,144,Florida,FL,Madison,Republican,Donald Trump,0.49,17.9,54.5,78.2,47.2,33833,27.6
265,145,Florida,FL,Madison,Republican,Ted Cruz,0.29100000000000004,17.9,54.5,78.2,47.2,33833,27.6
266,146,Florida,FL,Madison,Republican,Marco Rubio,0.16399999999999998,17.9,54.5,78.2,47.2,33833,27.6
267,147,Florida,FL,Madison,Republican,John Kasich,0.033,17.9,54.5,78.2,47.2,33833,27.6
268,148,Florida,FL,Manatee,Republican,Donald Trump,0.47200000000000003,25.5,72.1,87.4,51.6,47876,434.5
269,149,Florida,FL,Manatee,Republican,Marco Rubio,0.24100000000000002,25.5,72.1,87.4,51.6,47876,434.5
270,150,Florida,FL,Manatee,Republican,Ted Cruz,0.16899999999999998,25.5,72.1,87.4,51.6,47876,434.5
271,151,Florida,FL,Manatee,Republican,John Kasich,0.08199999999999999,25.5,72.1,87.4,51.6,47876,434.5
272,152,Florida,FL,Marion,Republican,Donald Trump,0.5479999999999999,27.9,72.2,85.0,52.0,39453,209.1
273,153,Florida,FL,Marion,Republican,Marco Rubio,0.195,27.9,72.2,85.0,52.0,39453,209.1
274,154,Florida,FL,Marion,Republican,Ted Cruz,0.17300000000000001,27.9,72.2,85.0,52.0,39453,209.1
275,155,Florida,FL,Marion,Republican,John Kasich,0.057,27.9,72.2,85.0,52.0,39453,209.1
276,156,Florida,FL,Martin,Republican,Donald Trump,0.511,29.3,79.3,88.8,50.4,49846,269.2
277,157,Florida,FL,Martin,Republican,Marco Rubio,0.215,29.3,79.3,88.8,50.4,49846,269.2
278,158,Florida,FL,Martin,Republican,Ted Cruz,0.124,29.3,79.3,88.8,50.4,49846,269.2
279,159,Florida,FL,Martin,Republican,John Kasich,0.114,29.3,79.3,88.8,50.4,49846,269.2
280,160,Florida,FL,Miami-Dade,Republican,Marco Rubio,0.627,15.2,14.8,78.8,51.4,43100,1315.5
281,161,Florida,FL,Miami-Dade,Republican,Donald Trump,0.225,15.2,14.8,78.8,51.4,43100,1315.5
282,162,Florida,FL,Miami-Dade,Republican,Ted Cruz,0.091,15.2,14.8,78.8,51.4,43100,1315.5
283,163,Florida,FL,Miami-Dade,Republican,John Kasich,0.028999999999999998,15.2,14.8,78.8,51.4,43100,1315.5
284,164,Florida,FL,Monroe,Republican,Donald Trump,0.539,20.5,68.6,89.9,47.5,53607,74.3
285,165,Florida,FL,Monroe,Republican,Marco Rubio,0.245,20.5,68.6,89.9,47.5,53607,74.3
286,166,Florida,FL,Monroe,Republican,Ted Cruz,0.095,20.5,68.6,89.9,47.5,53607,74.3
287,167,Florida,FL,Monroe,Republican,John Kasich,0.087,20.5,68.6,89.9,47.5,53607,74.3
288,168,Florida,FL,Nassau,Republican,Donald Trump,0.512,20.0,87.2,89.4,50.8,55315,113.0
289,169,Florida,FL,Nassau,Republican,Marco Rubio,0.218,20.0,87.2,89.4,50.8,55315,113.0
290,170,Florida,FL,Nassau,Republican,Ted Cruz,0.18899999999999997,20.0,87.2,89.4,50.8,55315,113.0
291,171,Florida,FL,Nassau,Republican,John Kasich,0.057999999999999996,20.0,87.2,89.4,50.8,55315,113.0
292,172,Florida,FL,Okeechobee,Republican,Donald Trump,0.585,17.9,63.6,67.8,46.2,34570,52.0
293,173,Florida,FL,Okeechobee,Republican,Marco Rubio,0.19399999999999998,17.9,63.6,67.8,46.2,34570,52.0
294,174,Florida,FL,Okeechobee,Republican,Ted Cruz,0.153,17.9,63.6,67.8,46.2,34570,52.0
295,175,Florida,FL,Okeechobee,Republican,John Kasich,0.04,17.9,63.6,67.8,46.2,34570,52.0
296,176,Florida,FL,Orange,Republican,Donald Trump,0.39799999999999996,10.8,43.3,87.2,50.9,47581,1268.5
297,177,Florida,FL,Orange,Republican,Marco Rubio,0.308,10.8,43.3,87.2,50.9,47581,1268.5
298,178,Florida,FL,Orange,Republican,Ted Cruz,0.188,10.8,43.3,87.2,50.9,47581,1268.5
299,179,Florida,FL,Orange,Republican,John Kasich,0.07200000000000001,10.8,43.3,87.2,50.9,47581,1268.5
300,180,Florida,FL,Osceola,Republican,Donald Trump,0.469,12.7,36.1,83.8,51.0,43891,202.4
301,181,Florida,FL,Osceola,Republican,Marco Rubio,0.26,12.7,36.1,83.8,51.0,43891,202.4
302,182,Florida,FL,Osceola,Republican,Ted Cruz,0.19,12.7,36.1,83.8,51.0,43891,202.4
303,183,Florida,FL,Osceola,Republican,John Kasich,0.042,12.7,36.1,83.8,51.0,43891,202.4
304,184,Florida,FL,Pasco,Republican,Donald Trump,0.51,22.5,77.4,87.2,51.4,43888,622.2
305,185,Florida,FL,Pasco,Republican,Marco Rubio,0.21,22.5,77.4,87.2,51.4,43888,622.2
306,186,Florida,FL,Pasco,Republican,Ted Cruz,0.18899999999999997,22.5,77.4,87.2,51.4,43888,622.2
307,187,Florida,FL,Pasco,Republican,John Kasich,0.057999999999999996,22.5,77.4,87.2,51.4,43888,622.2
308,188,Florida,FL,Pinellas,Republican,Donald Trump,0.46399999999999997,23.0,75.4,88.9,52.1,45535,3347.5
309,189,Florida,FL,Pinellas,Republican,Marco Rubio,0.228,23.0,75.4,88.9,52.1,45535,3347.5
310,190,Florida,FL,Pinellas,Republican,Ted Cruz,0.16699999999999998,23.0,75.4,88.9,52.1,45535,3347.5
311,191,Florida,FL,Pinellas,Republican,John Kasich,0.083,23.0,75.4,88.9,52.1,45535,3347.5
312,192,Florida,FL,Polk,Republican,Donald Trump,0.449,19.5,62.1,82.4,51.0,43113,334.9
313,193,Florida,FL,Polk,Republican,Marco Rubio,0.254,19.5,62.1,82.4,51.0,43113,334.9
314,194,Florida,FL,Polk,Republican,Ted Cruz,0.21,19.5,62.1,82.4,51.0,43113,334.9
315,195,Florida,FL,Polk,Republican,John Kasich,0.052000000000000005,19.5,62.1,82.4,51.0,43113,334.9
316,196,Florida,FL,Putnam,Republican,Donald Trump,0.573,21.1,71.7,77.5,50.7,32497,102.2
317,197,Florida,FL,Putnam,Republican,Ted Cruz,0.187,21.1,71.7,77.5,50.7,32497,102.2
318,198,Florida,FL,Putnam,Republican,Marco Rubio,0.174,21.1,71.7,77.5,50.7,32497,102.2
319,199,Florida,FL,Putnam,Republican,John Kasich,0.032,21.1,71.7,77.5,50.7,32497,102.2
320,200,Florida,FL,Sarasota,Republican,Donald Trump,0.473,33.9,83.7,91.9,52.2,49052,682.6
321,201,Florida,FL,Sarasota,Republican,Marco Rubio,0.244,33.9,83.7,91.9,52.2,49052,682.6
322,202,Florida,FL,Sarasota,Republican,Ted Cruz,0.138,33.9,83.7,91.9,52.2,49052,682.6
323,203,Florida,FL,Sarasota,Republican,John Kasich,0.111,33.9,83.7,91.9,52.2,49052,682.6
324,204,Florida,FL,Seminole,Republican,Donald Trump,0.41600000000000004,14.3,63.6,91.8,51.6,58175,1367.0
325,205,Florida,FL,Seminole,Republican,Marco Rubio,0.28800000000000003,14.3,63.6,91.8,51.6,58175,1367.0
326,206,Florida,FL,Seminole,Republican,Ted Cruz,0.193,14.3,63.6,91.8,51.6,58175,1367.0
327,207,Florida,FL,Seminole,Republican,John Kasich,0.07,14.3,63.6,91.8,51.6,58175,1367.0
328,208,Florida,FL,Sumter,Republican,Donald Trump,0.54,52.9,84.6,87.8,49.3,48493,170.8
329,209,Florida,FL,Sumter,Republican,Marco Rubio,0.23399999999999999,52.9,84.6,87.8,49.3,48493,170.8
330,210,Florida,FL,Sumter,Republican,Ted Cruz,0.134,52.9,84.6,87.8,49.3,48493,170.8
331,211,Florida,FL,Sumter,Republican,John Kasich,0.07200000000000001,52.9,84.6,87.8,49.3,48493,170.8
332,212,Florida,FL,Suwannee,Republican,Donald Trump,0.49700000000000005,19.6,75.3,79.8,47.8,35698,60.3
333,213,Florida,FL,Suwannee,Republican,Ted Cruz,0.287,19.6,75.3,79.8,47.8,35698,60.3
334,214,Florida,FL,Suwannee,Republican,Marco Rubio,0.15,19.6,75.3,79.8,47.8,35698,60.3
335,215,Florida,FL,Suwannee,Republican,John Kasich,0.035,19.6,75.3,79.8,47.8,35698,60.3
336,216,Florida,FL,Taylor,Republican,Donald Trump,0.535,18.0,72.3,76.5,43.6,36356,21.6
337,217,Florida,FL,Taylor,Republican,Ted Cruz,0.245,18.0,72.3,76.5,43.6,36356,21.6
338,218,Florida,FL,Taylor,Republican,Marco Rubio,0.159,18.0,72.3,76.5,43.6,36356,21.6
339,219,Florida,FL,Taylor,Republican,John Kasich,0.027000000000000003,18.0,72.3,76.5,43.6,36356,21.6
340,220,Florida,FL,Union,Republican,Donald Trump,0.523,12.4,70.3,73.9,35.4,42660,63.8
341,221,Florida,FL,Union,Republican,Ted Cruz,0.26899999999999996,12.4,70.3,73.9,35.4,42660,63.8
342,222,Florida,FL,Union,Republican,Marco Rubio,0.16899999999999998,12.4,70.3,73.9,35.4,42660,63.8
343,223,Florida,FL,Union,Republican,John Kasich,0.021,12.4,70.3,73.9,35.4,42660,63.8
344,224,Florida,FL,Volusia,Republican,Donald Trump,0.5329999999999999,23.2,73.8,87.6,51.2,42457,449.2
345,225,Florida,FL,Volusia,Republican,Marco Rubio,0.21100000000000002,23.2,73.8,87.6,51.2,42457,449.2
346,226,Florida,FL,Volusia,Republican,Ted Cruz,0.155,23.2,73.8,87.6,51.2,42457,449.2
347,227,Florida,FL,Volusia,Republican,John Kasich,0.062,23.2,73.8,87.6,51.2,42457,449.2
348,228,Florida,FL,Wakulla,Republican,Donald Trump,0.431,13.2,78.2,87.7,44.7,52691,50.8
349,229,Florida,FL,Wakulla,Republican,Ted Cruz,0.341,13.2,78.2,87.7,44.7,52691,50.8
350,230,Florida,FL,Wakulla,Republican,Marco Rubio,0.152,13.2,78.2,87.7,44.7,52691,50.8
351,231,Florida,FL,Wakulla,Republican,John Kasich,0.049,13.2,78.2,87.7,44.7,52691,50.8
352,232,Florida,FL,Walton,Republican,Donald Trump,0.518,18.7,84.2,84.5,49.1,43640,53.0
353,233,Florida,FL,Walton,Republican,Ted Cruz,0.19899999999999998,18.7,84.2,84.5,49.1,43640,53.0
354,234,Florida,FL,Walton,Republican,Marco Rubio,0.187,18.7,84.2,84.5,49.1,43640,53.0
355,235,Florida,FL,Walton,Republican,John Kasich,0.068,18.7,84.2,84.5,49.1,43640,53.0
356,236,Florida,FL,Washington,Republican,Donald Trump,0.452,17.3,77.2,80.3,45.2,38501,42.7
357,237,Florida,FL,Washington,Republican,Ted Cruz,0.325,17.3,77.2,80.3,45.2,38501,42.7
358,238,Florida,FL,Washington,Republican,Marco Rubio,0.16,17.3,77.2,80.3,45.2,38501,42.7
359,239,Florida,FL,Washington,Republican,John Kasich,0.028999999999999998,17.3,77.2,80.3,45.2,38501,42.7
