,id,state,state_abbreviation,county,party,candidate,fraction_votes,AGE775214,RHI825214,EDU635213,SEX255214,INC110213,POP060210
0,0,Georgia,GA,Appling,Democrat,Hillary Clinton,0.7559999999999999,15.6,69.8,76.8,49.9,36786,36.0
1,1,Georgia,GA,Appling,Democrat,Bernie Sanders,0.21899999999999997,15.6,69.8,76.8,49.9,36786,36.0
2,2,Georgia,GA,Atkinson,Democrat,Hillary Clinton,0.7979999999999999,11.8,56.9,64.6,49.6,30049,24.7
3,3,Georgia,GA,Atkinson,Democrat,Bernie Sanders,0.19399999999999998,11.8,56.9,64.6,49.6,30049,24.7
4,4,Georgia,GA,Bacon,Democrat,Hillary Clinton,0.638,14.1,74.1,72.2,50.8,33757,42.9
5,5,Georgia,GA,Bacon,Democrat,Bernie Sanders,0.32799999999999996,14.1,74.1,72.2,50.8,33757,42.9
6,6,Georgia,GA,Baker,Democrat,Hillary Clinton,0.851,17.8,47.9,79.5,52.1,27353,10.1
7,7,Georgia,GA,Baker,Democrat,Bernie Sanders,0.135,17.8,47.9,79.5,52.1,27353,10.1
8,8,Georgia,GA,Baldwin,Democrat,Hillary Clinton,0.794,14.2,53.3,81.7,49.6,32751,177.3
9,9,Georgia,GA,Baldwin,Democrat,Bernie Sanders,0.19899999999999998,14.2,53.3,81.7,49.6,32751,177.3
10,10,Georgia,GA,Banks,Democrat,Hillary Clinton,0.49,15.9,88.1,75.5,49.3,41141,79.3
11,11,Georgia,GA,Banks,Democrat,Bernie Sanders,0.48100000000000004,15.9,88.1,75.5,49.3,41141,79.3
12,12,Georgia,GA,Barrow,Democrat,Hillary Clinton,0.617,11.2,73.4,82.1,50.7,53274,432.7
13,13,Georgia,GA,Barrow,Democrat,Bernie Sanders,0.37200000000000005,11.2,73.4,82.1,50.7,53274,432.7
14,14,Georgia,GA,Bartow,Democrat,Hillary Clinton,0.59,12.8,78.7,80.4,50.7,47197,217.9
15,15,Georgia,GA,Bartow,Democrat,Bernie Sanders,0.397,12.8,78.7,80.4,50.7,47197,217.9
16,16,Georgia,GA,Berrien,Democrat,Hillary Clinton,0.667,16.5,82.4,76.8,50.7,32258,42.7
17,17,Georgia,GA,Berrien,Democrat,Bernie Sanders,0.3,16.5,82.4,76.8,50.7,32258,42.7
18,18,Georgia,GA,Bibb,Democrat,Hillary Clinton,0.828,14.0,40.3,82.4,53.0,37550,622.8
19,19,Georgia,GA,Bibb,Democrat,Bernie Sanders,0.168,14.0,40.3,82.4,53.0,37550,622.8
20,20,Georgia,GA,Bleckley,Democrat,Hillary Clinton,0.777,16.7,68.9,79.5,52.2,36073,60.5
21,21,Georgia,GA,Bleckley,Democrat,Bernie Sanders,0.20600000000000002,16.7,68.9,79.5,52.2,36073,60.5
22,22,Georgia,GA,Brantley,Democrat,Hillary Clinton,0.491,14.7,92.5,76.8,50.6,36070,41.6
23,23,Georgia,GA,Brantley,Democrat,Bernie Sanders,0.441,14.7,92.5,76.8,50.6,36070,41.6
24,24,Georgia,GA,Brooks,Democrat,Hillary Clinton,0.7759999999999999,18.6,57.6,77.4,51.2,34419,32.9
25,25,Georgia,GA,Brooks,Democrat,Bernie Sanders,0.215,18.6,57.6,77.4,51.2,34419,32.9
26,26,Georgia,GA,Bryan,Democrat,Hillary Clinton,0.633,10.2,74.0,88.0,50.2,64707,69.3
27,27,Georgia,GA,Bryan,Democrat,Bernie Sanders,0.355,10.2,74.0,88.0,50.2,64707,69.3
28,28,Georgia,GA,Bulloch,Democrat,Hillary Clinton,0.607,10.3,64.2,85.9,50.6,35840,104.4
29,29,Georgia,GA,Bulloch,Democrat,Bernie Sanders,0.38799999999999996,10.3,64.2,85.9,50.6,35840,104.4
30,30,Georgia,GA,Burke,Democrat,Hillary Clinton,0.895,14.1,47.0,76.9,52.0,31494,28.2
31,31,Georgia,GA,Burke,Democrat,Bernie Sanders,0.099,14.1,47.0,76.9,52.0,31494,28.2
32,32,Georgia,GA,Butts,Democrat,Hillary Clinton,0.8170000000000001,14.3,67.6,74.7,47.1,49754,128.3
33,33,Georgia,GA,Butts,Democrat,Bernie Sanders,0.16899999999999998,14.3,67.6,74.7,47.1,49754,128.3
34,34,Georgia,GA,Calhoun,Democrat,Hillary Clinton,0.889,12.5,32.9,68.6,40.0,26986,23.9
35,35,Georgia,GA,Calhoun,Democrat,Bernie Sanders,0.109,12.5,32.9,68.6,40.0,26986,23.9
36,36,Georgia,GA,Camden,Democrat,Hillary Clinton,0.6659999999999999,11.3,70.0,90.4,48.6,51990,82.4
37,37,Georgia,GA,Camden,Democrat,Bernie Sanders,0.326,11.3,70.0,90.4,48.6,51990,82.4
38,38,Georgia,GA,Candler,Democrat,Hillary Clinton,0.7829999999999999,16.7,62.8,78.5,50.4,35070,45.3
39,39,Georgia,GA,Candler,Democrat,Bernie Sanders,0.19899999999999998,16.7,62.8,78.5,50.4,35070,45.3
40,40,Georgia,GA,Carroll,Democrat,Hillary Clinton,0.617,12.5,71.8,79.7,50.9,46147,221.5
41,41,Georgia,GA,Carroll,Democrat,Bernie Sanders,0.376,12.5,71.8,79.7,50.9,46147,221.5
42,42,Georgia,GA,Catoosa,Democrat,Hillary Clinton,0.508,16.0,91.4,82.3,51.3,47087,394.3
43,43,Georgia,GA,Catoosa,Democrat,Bernie Sanders,0.48100000000000004,16.0,91.4,82.3,51.3,47087,394.3
44,44,Georgia,GA,Charlton,Democrat,Hillary Clinton,0.737,13.3,62.1,74.3,39.7,40111,15.7
45,45,Georgia,GA,Charlton,Democrat,Bernie Sanders,0.225,13.3,62.1,74.3,39.7,40111,15.7
46,46,Georgia,GA,Chatham,Democrat,Hillary Clinton,0.723,13.6,49.8,88.7,51.8,45794,621.7
47,47,Georgia,GA,Chatham,Democrat,Bernie Sanders,0.272,13.6,49.8,88.7,51.8,45794,621.7
48,48,Georgia,GA,Chattahoochee,Democrat,Hillary Clinton,0.813,4.1,60.0,92.5,32.7,48758,45.3
49,49,Georgia,GA,Chattahoochee,Democrat,Bernie Sanders,0.179,4.1,60.0,92.5,32.7,48758,45.3
50,50,Georgia,GA,Chattooga,Democrat,Hillary Clinton,0.637,16.5,82.8,69.0,48.8,33228,83.0
51,51,Georgia,GA,Chattooga,Democrat,Bernie Sanders,0.34,16.5,82.8,69.0,48.8,33228,83.0
52,52,Georgia,GA,Cherokee,Democrat,Hillary Clinton,0.518,11.9,80.1,88.9,50.7,67261,508.3
53,53,Georgia,GA,Cherokee,Democrat,Bernie Sanders,0.47600000000000003,11.9,80.1,88.9,50.7,67261,508.3
54,54,Georgia,GA,Clarke,Democrat,Hillary Clinton,0.507,9.7,56.0,85.1,52.3,33060,979.1
55,55,Georgia,GA,Clarke,Democrat,Bernie Sanders,0.49,9.7,56.0,85.1,52.3,33060,979.1
56,56,Georgia,GA,Clay,Democrat,Hillary Clinton,0.858,23.3,37.6,77.9,53.1,21192,16.3
57,57,Georgia,GA,Clay,Democrat,Bernie Sanders,0.127,23.3,37.6,77.9,53.1,21192,16.3
58,58,Georgia,GA,Clayton,Democrat,Hillary Clinton,0.816,8.3,13.5,81.7,52.6,40606,1832.5
59,59,Georgia,GA,Clayton,Democrat,Bernie Sanders,0.18,8.3,13.5,81.7,52.6,40606,1832.5
60,60,Georgia,GA,Clinch,Democrat,Hillary Clinton,0.795,15.0,65.7,71.1,51.0,30345,8.5
61,61,Georgia,GA,Clinch,Democrat,Bernie Sanders,0.18100000000000002,15.0,65.7,71.1,51.0,30345,8.5
62,62,Georgia,GA,Cobb,Democrat,Hillary Clinton,0.635,10.6,53.9,90.8,51.6,63920,2026.4
63,63,Georgia,GA,Cobb,Democrat,Bernie Sanders,0.36200000000000004,10.6,53.9,90.8,51.6,63920,2026.4
64,64,Georgia,GA,Coffee,Democrat,Hillary Clinton,0.77,12.3,59.4,75.5,48.7,35693,73.7
65,65,Georgia,GA,Coffee,Democrat,Bernie Sanders,0.217,12.3,59.4,75.5,48.7,35693,73.7
66,66,Georgia,GA,Colquitt,Democrat,Hillary Clinton,0.7609999999999999,14.0,57.1,72.1,50.4,32484,83.6
67,67,Georgia,GA,Colquitt,Democrat,Bernie Sanders,0.222,14.0,57.1,72.1,50.4,32484,83.6
68,68,Georgia,GA,Columbia,Democrat,Hillary Clinton,0.669,11.8,70.5,91.3,51.1,69306,427.6
69,69,Georgia,GA,Columbia,Democrat,Bernie Sanders,0.325,11.8,70.5,91.3,51.1,69306,427.6
70,70,Georgia,GA,Cook,Democrat,Hillary Clinton,0.762,14.7,64.4,74.8,51.6,34985,75.8
71,71,Georgia,GA,Cook,Democrat,Bernie Sanders,0.225,14.7,64.4,74.8,51.6,34985,75.8
72,72,Georgia,GA,Coweta,Democrat,Hillary Clinton,0.665,12.4,71.9,87.8,51.2,60813,288.8
73,73,Georgia,GA,Coweta,Democrat,Bernie Sanders,0.327,12.4,71.9,87.8,51.2,60813,288.8
74,74,Georgia,GA,Crawford,Democrat,Hillary Clinton,0.7909999999999999,16.9,73.7,78.7,49.4,41586,38.9
75,75,Georgia,GA,Crawford,Democrat,Bernie Sanders,0.193,16.9,73.7,78.7,49.4,41586,38.9
76,76,Georgia,GA,Crisp,Democrat,Hillary Clinton,0.8009999999999999,16.0,51.3,79.5,52.4,35240,86.0
77,77,Georgia,GA,Crisp,Democrat,Bernie Sanders,0.18899999999999997,16.0,51.3,79.5,52.4,35240,86.0
78,78,Georgia,GA,Dade,Democrat,Hillary Clinton,0.503,17.0,93.9,80.3,50.8,43205,95.6
79,79,Georgia,GA,Dade,Democrat,Bernie Sanders,0.48,17.0,93.9,80.3,50.8,43205,95.6
80,80,Georgia,GA,Dawson,Democrat,Hillary Clinton,0.53,17.9,93.0,85.8,49.9,53525,105.9
81,81,Georgia,GA,Dawson,Democrat,Bernie Sanders,0.455,17.9,93.0,85.8,49.9,53525,105.9
82,82,Georgia,GA,Decatur,Democrat,Hillary Clinton,0.79,15.4,51.6,78.4,51.4,30619,46.6
83,83,Georgia,GA,Decatur,Democrat,Bernie Sanders,0.2,15.4,51.6,78.4,51.4,30619,46.6
84,84,Georgia,GA,Dodge,Democrat,Hillary Clinton,0.795,15.2,65.6,80.2,47.8,37292,44.0
85,85,Georgia,GA,Dodge,Democrat,Bernie Sanders,0.19399999999999998,15.2,65.6,80.2,47.8,37292,44.0
86,86,Georgia,GA,Dooly,Democrat,Hillary Clinton,0.884,15.7,42.2,70.9,46.0,29012,38.1
87,87,Georgia,GA,Dooly,Democrat,Bernie Sanders,0.109,15.7,42.2,70.9,46.0,29012,38.1
88,88,Georgia,GA,Dougherty,Democrat,Hillary Clinton,0.857,13.6,27.3,79.9,53.5,31671,287.7
89,89,Georgia,GA,Dougherty,Democrat,Bernie Sanders,0.138,13.6,27.3,79.9,53.5,31671,287.7
90,90,Georgia,GA,Douglas,Democrat,Hillary Clinton,0.746,10.3,44.9,87.2,52.1,52691,661.8
91,91,Georgia,GA,Douglas,Democrat,Bernie Sanders,0.25,10.3,44.9,87.2,52.1,52691,661.8
92,92,Georgia,GA,Early,Democrat,Hillary Clinton,0.892,18.4,46.5,76.7,52.8,28853,21.5
93,93,Georgia,GA,Early,Democrat,Bernie Sanders,0.10099999999999999,18.4,46.5,76.7,52.8,28853,21.5
94,94,Georgia,GA,Echols,Democrat,Bernie Sanders,0.514,11.3,63.6,74.7,50.7,31375,9.7
95,95,Georgia,GA,Echols,Democrat,Hillary Clinton,0.457,11.3,63.6,74.7,50.7,31375,9.7
96,96,Georgia,GA,Effingham,Democrat,Hillary Clinton,0.645,10.8,79.6,85.2,50.1,63030,109.4
97,97,Georgia,GA,Effingham,Democrat,Bernie Sanders,0.33899999999999997,10.8,79.6,85.2,50.1,63030,109.4
98,98,Georgia,GA,Elbert,Democrat,Hillary Clinton,0.75,19.1,63.7,78.3,52.1,35817,57.4
99,99,Georgia,GA,Elbert,Democrat,Bernie Sanders,0.24,19.1,63.7,78.3,52.1,35817,57.4
100,100,Georgia,GA,Emanuel,Democrat,Hillary Clinton,0.831,15.8,59.8,76.5,51.1,32046,33.2
101,101,Georgia,GA,Emanuel,Democrat,Bernie Sanders,0.159,15.8,59.8,76.5,51.1,32046,33.2
102,102,Georgia,GA,Evans,Democrat,Hillary Clinton,0.785,15.1,56.2,76.2,51.7,36788,60.2
103,103,Georgia,GA,Evans,Democrat,Bernie Sanders,0.192,15.1,56.2,76.2,51.7,36788,60.2
104,104,Georgia,GA,Fannin,Democrat,Hillary Clinton,0.599,25.6,95.2,79.0,51.1,34239,61.2
105,105,Georgia,GA,Fannin,Democrat,Bernie Sanders,0.391,25.6,95.2,79.0,51.1,34239,61.2
106,106,Georgia,GA,Fayette,Democrat,Hillary Clinton,0.711,16.2,65.0,94.3,51.6,79977,548.3
107,107,Georgia,GA,Fayette,Democrat,Bernie Sanders,0.28600000000000003,16.2,65.0,94.3,51.6,79977,548.3
108,108,Georgia,GA,Floyd,Democrat,Hillary Clinton,0.645,15.7,72.3,77.9,51.5,40821,188.9
109,109,Georgia,GA,Floyd,Democrat,Bernie Sanders,0.342,15.7,72.3,77.9,51.5,40821,188.9
110,110,Georgia,GA,Forsyth,Democrat,Hillary Clinton,0.5379999999999999,11.1,76.4,91.4,50.3,86569,783.5
111,111,Georgia,GA,Forsyth,Democrat,Bernie Sanders,0.457,11.1,76.4,91.4,50.3,86569,783.5
112,112,Georgia,GA,Franklin,Democrat,Hillary Clinton,0.627,18.7,83.8,72.3,51.2,34830,84.5
113,113,Georgia,GA,Franklin,Democrat,Bernie Sanders,0.36200000000000004,18.7,83.8,72.3,51.2,34830,84.5
114,114,Georgia,GA,Fulton,Democrat,Hillary Clinton,0.711,10.4,40.5,90.4,51.4,56857,1748.0
115,115,Georgia,GA,Fulton,Democrat,Bernie Sanders,0.287,10.4,40.5,90.4,51.4,56857,1748.0
116,116,Georgia,GA,Gilmer,Democrat,Hillary Clinton,0.53,22.0,86.8,76.5,50.1,39140,66.3
117,117,Georgia,GA,Gilmer,Democrat,Bernie Sanders,0.457,22.0,86.8,76.5,50.1,39140,66.3
118,118,Georgia,GA,Glascock,Democrat,Hillary Clinton,0.623,17.4,86.5,78.3,51.1,37760,21.4
119,119,Georgia,GA,Glascock,Democrat,Bernie Sanders,0.311,17.4,86.5,78.3,51.1,37760,21.4
120,120,Georgia,GA,Glynn,Democrat,Hillary Clinton,0.687,17.7,64.1,86.6,52.7,46407,189.7
121,121,Georgia,GA,Glynn,Democrat,Bernie Sanders,0.306,17.7,64.1,86.6,52.7,46407,189.7
122,122,Georgia,GA,Gordon,Democrat,Hillary Clinton,0.575,13.3,78.2,73.4,50.4,40926,155.1
123,123,Georgia,GA,Gordon,Democrat,Bernie Sanders,0.41,13.3,78.2,73.4,50.4,40926,155.1
124,124,Georgia,GA,Grady,Democrat,Hillary Clinton,0.759,16.0,58.7,72.7,51.3,30571,55.0
125,125,Georgia,GA,Grady,Democrat,Bernie Sanders,0.223,16.0,58.7,72.7,51.3,30571,55.0
126,126,Georgia,GA,Greene,Democrat,Hillary Clinton,0.858,26.2,56.0,78.7,51.2,42565,41.3
127,127,Georgia,GA,Greene,Democrat,Bernie Sanders,0.135,26.2,56.0,78.7,51.2,42565,41.3
128,128,Georgia,GA,Gwinnett,Democrat,Hillary Clinton,0.662,8.6,40.6,87.0,51.0,60445,1871.2
129,129,Georgia,GA,Gwinnett,Democrat,Bernie Sanders,0.33399999999999996,8.6,40.6,87.0,51.0,60445,1871.2
130,130,Georgia,GA,Habersham,Democrat,Hillary Clinton,0.52,17.4,78.7,77.9,52.6,39306,155.5
131,131,Georgia,GA,Habersham,Democrat,Bernie Sanders,0.473,17.4,78.7,77.9,52.6,39306,155.5
132,132,Georgia,GA,Hall,Democrat,Hillary Clinton,0.603,13.6,61.9,78.8,50.1,50853,457.5
133,133,Georgia,GA,Hall,Democrat,Bernie Sanders,0.389,13.6,61.9,78.8,50.1,50853,457.5
134,134,Georgia,GA,Hancock,Democrat,Hillary Clinton,0.8740000000000001,20.0,24.3,75.8,46.0,25000,20.0
135,135,Georgia,GA,Hancock,Democrat,Bernie Sanders,0.114,20.0,24.3,75.8,46.0,25000,20.0
136,136,Georgia,GA,Haralson,Democrat,Hillary Clinton,0.551,16.0,91.1,74.2,51.6,39993,102.0
137,137,Georgia,GA,Haralson,Democrat,Bernie Sanders,0.415,16.0,91.1,74.2,51.6,39993,102.0
138,138,Georgia,GA,Harris,Democrat,Hillary Clinton,0.75,16.7,77.2,89.2,50.2,69223,69.0
139,139,Georgia,GA,Harris,Democrat,Bernie Sanders,0.245,16.7,77.2,89.2,50.2,69223,69.0
140,140,Georgia,GA,Hart,Democrat,Hillary Clinton,0.723,20.6,75.4,80.3,50.4,35615,108.5
141,141,Georgia,GA,Hart,Democrat,Bernie Sanders,0.27,20.6,75.4,80.3,50.4,35615,108.5
142,142,Georgia,GA,Heard,Democrat,Hillary Clinton,0.701,15.7,84.4,72.7,50.1,39909,40.0
143,143,Georgia,GA,Heard,Democrat,Bernie Sanders,0.282,15.7,84.4,72.7,50.1,39909,40.0
144,144,Georgia,GA,Henry,Democrat,Hillary Clinton,0.777,10.4,48.6,89.5,52.2,60781,633.0
145,145,Georgia,GA,Henry,Democrat,Bernie Sanders,0.21899999999999997,10.4,48.6,89.5,52.2,60781,633.0
146,146,Georgia,GA,Houston,Democrat,Hillary Clinton,0.76,11.7,58.3,88.8,51.3,54893,372.5
147,147,Georgia,GA,Houston,Democrat,Bernie Sanders,0.23600000000000002,11.7,58.3,88.8,51.3,54893,372.5
148,148,Georgia,GA,Irwin,Democrat,Hillary Clinton,0.799,18.2,68.4,81.1,49.2,40771,26.9
149,149,Georgia,GA,Irwin,Democrat,Bernie Sanders,0.18100000000000002,18.2,68.4,81.1,49.2,40771,26.9
150,150,Georgia,GA,Jackson,Democrat,Hillary Clinton,0.614,13.5,82.7,81.1,50.4,53179,178.1
151,151,Georgia,GA,Jackson,Democrat,Bernie Sanders,0.375,13.5,82.7,81.1,50.4,53179,178.1
152,152,Georgia,GA,Jasper,Democrat,Hillary Clinton,0.8140000000000001,15.5,72.5,83.6,51.3,42192,37.8
153,153,Georgia,GA,Jasper,Democrat,Bernie Sanders,0.171,15.5,72.5,83.6,51.3,42192,37.8
154,154,Georgia,GA,Jefferson,Democrat,Hillary Clinton,0.885,17.0,41.9,73.8,51.4,26968,32.2
155,155,Georgia,GA,Jefferson,Democrat,Bernie Sanders,0.11,17.0,41.9,73.8,51.4,26968,32.2
156,156,Georgia,GA,Jenkins,Democrat,Hillary Clinton,0.841,15.3,51.2,72.6,46.8,26104,24.0
157,157,Georgia,GA,Jenkins,Democrat,Bernie Sanders,0.152,15.3,51.2,72.6,46.8,26104,24.0
158,158,Georgia,GA,Johnson,Democrat,Hillary Clinton,0.851,15.5,61.8,75.8,43.5,36722,32.9
159,159,Georgia,GA,Johnson,Democrat,Bernie Sanders,0.14,15.5,61.8,75.8,43.5,36722,32.9
160,160,Georgia,GA,Jones,Democrat,Hillary Clinton,0.802,15.4,71.9,88.7,51.6,51497,72.8
161,161,Georgia,GA,Jones,Democrat,Bernie Sanders,0.188,15.4,71.9,88.7,51.6,51497,72.8
162,162,Georgia,GA,Lamar,Democrat,Hillary Clinton,0.799,16.0,64.1,81.9,52.3,41016,99.8
163,163,Georgia,GA,Lamar,Democrat,Bernie Sanders,0.191,16.0,64.1,81.9,52.3,41016,99.8
164,164,Georgia,GA,Lanier,Democrat,Hillary Clinton,0.765,12.1,68.0,76.4,49.6,39452,54.4
165,165,Georgia,GA,Lanier,Democrat,Bernie Sanders,0.225,12.1,68.0,76.4,49.6,39452,54.4
166,166,Georgia,GA,Laurens,Democrat,Hillary Clinton,0.8220000000000001,16.2,59.3,79.8,52.4,34793,60.0
167,167,Georgia,GA,Laurens,Democrat,Bernie Sanders,0.162,16.2,59.3,79.8,52.4,34793,60.0
168,168,Georgia,GA,Lee,Democrat,Hillary Clinton,0.742,10.7,72.9,83.9,49.8,60104,79.5
169,169,Georgia,GA,Lee,Democrat,Bernie Sanders,0.24600000000000002,10.7,72.9,83.9,49.8,60104,79.5
170,170,Georgia,GA,Liberty,Democrat,Hillary Clinton,0.797,7.5,42.2,90.9,48.8,43832,129.5
171,171,Georgia,GA,Liberty,Democrat,Bernie Sanders,0.19399999999999998,7.5,42.2,90.9,48.8,43832,129.5
172,172,Georgia,GA,Lincoln,Democrat,Hillary Clinton,0.845,20.7,65.6,82.1,50.7,35625,38.0
173,173,Georgia,GA,Lincoln,Democrat,Bernie Sanders,0.146,20.7,65.6,82.1,50.7,35625,38.0
174,174,Georgia,GA,Long,Democrat,Hillary Clinton,0.685,7.7,59.1,85.0,49.7,42651,36.1
175,175,Georgia,GA,Long,Democrat,Bernie Sanders,0.29100000000000004,7.7,59.1,85.0,49.7,42651,36.1
176,176,Georgia,GA,Lowndes,Democrat,Hillary Clinton,0.68,11.0,54.9,84.0,51.1,37365,220.2
177,177,Georgia,GA,Lowndes,Democrat,Bernie Sanders,0.313,11.0,54.9,84.0,51.1,37365,220.2
178,178,Georgia,GA,Lumpkin,Democrat,Hillary Clinton,0.506,15.7,90.5,85.0,50.2,43775,105.9
179,179,Georgia,GA,Lumpkin,Democrat,Bernie Sanders,0.48100000000000004,15.7,90.5,85.0,50.2,43775,105.9
180,180,Georgia,GA,Macon,Democrat,Hillary Clinton,0.899,14.9,34.0,70.5,45.9,30240,36.8
181,181,Georgia,GA,Macon,Democrat,Bernie Sanders,0.09699999999999999,14.9,34.0,70.5,45.9,30240,36.8
182,182,Georgia,GA,Madison,Democrat,Hillary Clinton,0.557,15.6,83.6,78.7,50.7,42549,99.6
183,183,Georgia,GA,Madison,Democrat,Bernie Sanders,0.429,15.6,83.6,78.7,50.7,42549,99.6
184,184,Georgia,GA,Marion,Democrat,Hillary Clinton,0.763,17.0,59.3,75.1,50.1,33301,23.9
185,185,Georgia,GA,Marion,Democrat,Bernie Sanders,0.212,17.0,59.3,75.1,50.1,33301,23.9
186,186,Georgia,GA,McDuffie,Democrat,Hillary Clinton,0.847,15.9,54.7,74.6,53.1,37487,85.0
187,187,Georgia,GA,McDuffie,Democrat,Bernie Sanders,0.14800000000000002,15.9,54.7,74.6,53.1,37487,85.0
188,188,Georgia,GA,McIntosh,Democrat,Hillary Clinton,0.8440000000000001,21.7,61.4,80.5,50.8,39068,33.8
189,189,Georgia,GA,McIntosh,Democrat,Bernie Sanders,0.146,21.7,61.4,80.5,50.8,39068,33.8
190,190,Georgia,GA,Meriwether,Democrat,Hillary Clinton,0.8540000000000001,18.6,56.5,73.0,52.0,37333,43.9
191,191,Georgia,GA,Meriwether,Democrat,Bernie Sanders,0.138,18.6,56.5,73.0,52.0,37333,43.9
192,192,Georgia,GA,Miller,Democrat,Hillary Clinton,0.7759999999999999,19.6,68.2,79.9,51.6,32260,21.7
193,193,Georgia,GA,Miller,Democrat,Bernie Sanders,0.18,19.6,68.2,79.9,51.6,32260,21.7
194,194,Georgia,GA,Mitchell,Democrat,Hillary Clinton,0.858,14.9,46.3,72.3,47.7,32054,45.9
195,195,Georgia,GA,Mitchell,Democrat,Bernie Sanders,0.13,14.9,46.3,72.3,47.7,32054,45.9
196,196,Georgia,GA,Monroe,Democrat,Hillary Clinton,0.8009999999999999,16.8,72.0,79.5,49.6,48630,66.8
197,197,Georgia,GA,Monroe,Democrat,Bernie Sanders,0.192,16.8,72.0,79.5,49.6,48630,66.8
198,198,Georgia,GA,Montgomery,Democrat,Hillary Clinton,0.782,15.5,66.5,82.3,48.3,32702,38.1
199,199,Georgia,GA,Montgomery,Democrat,Bernie Sanders,0.196,15.5,66.5,82.3,48.3,32702,38.1
200,200,Georgia,GA,Morgan,Democrat,Hillary Clinton,0.775,18.2,71.7,81.7,51.5,47729,51.4
201,201,Georgia,GA,Morgan,Democrat,Bernie Sanders,0.221,18.2,71.7,81.7,51.5,47729,51.4
202,202,Georgia,GA,Murray,Democrat,Hillary Clinton,0.512,13.3,83.3,69.3,50.3,34888,115.0
203,203,Georgia,GA,Murray,Democrat,Bernie Sanders,0.469,13.3,83.3,69.3,50.3,34888,115.0
204,204,Georgia,GA,Muscogee,Democrat,Hillary Clinton,0.7909999999999999,12.0,42.4,85.4,50.8,41339,877.5
205,205,Georgia,GA,Muscogee,Democrat,Bernie Sanders,0.205,12.0,42.4,85.4,50.8,41339,877.5
206,206,Georgia,GA,Newton,Democrat,Hillary Clinton,0.78,11.9,50.0,84.5,52.3,50580,367.3
207,207,Georgia,GA,Newton,Democrat,Bernie Sanders,0.215,11.9,50.0,84.5,52.3,50580,367.3
208,208,Georgia,GA,Oconee,Democrat,Hillary Clinton,0.525,13.5,84.9,91.3,51.1,75004,178.0
209,209,Georgia,GA,Oconee,Democrat,Bernie Sanders,0.47100000000000003,13.5,84.9,91.3,51.1,75004,178.0
210,210,Georgia,GA,Oglethorpe,Democrat,Hillary Clinton,0.605,18.0,76.1,79.0,50.7,45729,33.9
211,211,Georgia,GA,Oglethorpe,Democrat,Bernie Sanders,0.386,18.0,76.1,79.0,50.7,45729,33.9
212,212,Georgia,GA,Paulding,Democrat,Hillary Clinton,0.6559999999999999,9.5,73.8,88.5,51.2,61837,455.8
213,213,Georgia,GA,Paulding,Democrat,Bernie Sanders,0.33799999999999997,9.5,73.8,88.5,51.2,61837,455.8
214,214,Georgia,GA,Peach,Democrat,Hillary Clinton,0.8370000000000001,13.3,45.3,82.7,51.7,39844,184.3
215,215,Georgia,GA,Peach,Democrat,Bernie Sanders,0.158,13.3,45.3,82.7,51.7,39844,184.3
216,216,Georgia,GA,Pickens,Democrat,Hillary Clinton,0.531,20.3,93.1,80.8,50.7,51383,126.8
217,217,Georgia,GA,Pickens,Democrat,Bernie Sanders,0.456,20.3,93.1,80.8,50.7,51383,126.8
218,218,Georgia,GA,Pierce,Democrat,Hillary Clinton,0.67,15.6,83.5,77.6,50.4,39067,59.3
219,219,Georgia,GA,Pierce,Democrat,Bernie Sanders,0.318,15.6,83.5,77.6,50.4,39067,59.3
220,220,Georgia,GA,Pike,Democrat,Hillary Clinton,0.684,14.6,86.0,85.1,50.5,53865,82.7
221,221,Georgia,GA,Pike,Democrat,Bernie Sanders,0.307,14.6,86.0,85.1,50.5,53865,82.7
222,222,Georgia,GA,Polk,Democrat,Hillary Clinton,0.6859999999999999,14.9,72.1,72.7,50.9,39208,133.6
223,223,Georgia,GA,Polk,Democrat,Bernie Sanders,0.293,14.9,72.1,72.7,50.9,39208,133.6
224,224,Georgia,GA,Pulaski,Democrat,Hillary Clinton,0.86,18.9,62.7,77.5,56.8,41550,48.2
225,225,Georgia,GA,Pulaski,Democrat,Bernie Sanders,0.13699999999999998,18.9,62.7,77.5,56.8,41550,48.2
226,226,Georgia,GA,Putnam,Democrat,Hillary Clinton,0.802,21.5,65.0,84.5,51.5,44764,61.6
227,227,Georgia,GA,Putnam,Democrat,Bernie Sanders,0.19,21.5,65.0,84.5,51.5,44764,61.6
228,228,Georgia,GA,Quitman,Democrat,Hillary Clinton,0.91,27.7,50.4,72.3,50.6,31068,16.6
229,229,Georgia,GA,Quitman,Democrat,Bernie Sanders,0.071,27.7,50.4,72.3,50.6,31068,16.6
230,230,Georgia,GA,Rabun,Democrat,Hillary Clinton,0.541,25.5,87.7,85.2,50.6,35423,44.0
231,231,Georgia,GA,Rabun,Democrat,Bernie Sanders,0.444,25.5,87.7,85.2,50.6,35423,44.0
232,232,Georgia,GA,Randolph,Democrat,Hillary Clinton,0.895,20.9,36.3,72.3,53.4,30023,18.0
233,233,Georgia,GA,Randolph,Democrat,Bernie Sanders,0.092,20.9,36.3,72.3,53.4,30023,18.0
234,234,Georgia,GA,Richmond,Democrat,Hillary Clinton,0.8170000000000001,12.6,36.4,83.7,51.6,37749,618.4
235,235,Georgia,GA,Richmond,Democrat,Bernie Sanders,0.18,12.6,36.4,83.7,51.6,37749,618.4
236,236,Georgia,GA,Rockdale,Democrat,Hillary Clinton,0.78,12.8,36.4,86.2,52.7,52579,656.5
237,237,Georgia,GA,Rockdale,Democrat,Bernie Sanders,0.218,12.8,36.4,86.2,52.7,52579,656.5
238,238,Georgia,GA,Schley,Democrat,Hillary Clinton,0.8340000000000001,14.7,73.0,73.0,52.6,38425,30.0
239,239,Georgia,GA,Schley,Democrat,Bernie Sanders,0.14300000000000002,14.7,73.0,73.0,52.6,38425,30.0
240,240,Georgia,GA,Screven,Democrat,Hillary Clinton,0.8109999999999999,16.8,55.1,78.9,51.2,34848,22.6
241,241,Georgia,GA,Screven,Democrat,Bernie Sanders,0.175,16.8,55.1,78.9,51.2,34848,22.6
242,242,Georgia,GA,Seminole,Democrat,Hillary Clinton,0.8440000000000001,21.8,62.3,81.2,52.0,30521,37.1
243,243,Georgia,GA,Seminole,Democrat,Bernie Sanders,0.145,21.8,62.3,81.2,52.0,30521,37.1
244,244,Georgia,GA,Spalding,Democrat,Hillary Clinton,0.7859999999999999,16.1,60.0,76.6,51.7,41534,326.1
245,245,Georgia,GA,Spalding,Democrat,Bernie Sanders,0.20600000000000002,16.1,60.0,76.6,51.7,41534,326.1
246,246,Georgia,GA,Stephens,Democrat,Hillary Clinton,0.607,18.3,82.7,80.4,51.8,37898,146.1
247,247,Georgia,GA,Stephens,Democrat,Bernie Sanders,0.375,18.3,82.7,80.4,51.8,37898,146.1
248,248,Georgia,GA,Stewart,Democrat,Hillary Clinton,0.9,15.3,27.6,63.1,38.9,23451,13.2
249,249,Georgia,GA,Stewart,Democrat,Bernie Sanders,0.09,15.3,27.6,63.1,38.9,23451,13.2
250,250,Georgia,GA,Sumter,Democrat,Hillary Clinton,0.8240000000000001,14.8,40.0,76.2,52.6,33796,68.0
251,251,Georgia,GA,Sumter,Democrat,Bernie Sanders,0.17,14.8,40.0,76.2,52.6,33796,68.0
252,252,Georgia,GA,Talbot,Democrat,Hillary Clinton,0.867,19.1,40.1,76.7,52.3,32424,17.5
253,253,Georgia,GA,Talbot,Democrat,Bernie Sanders,0.122,19.1,40.1,76.7,52.3,32424,17.5
254,254,Georgia,GA,Taliaferro,Democrat,Hillary Clinton,0.8640000000000001,22.4,37.5,68.3,51.1,25465,8.8
255,255,Georgia,GA,Taliaferro,Democrat,Bernie Sanders,0.128,22.4,37.5,68.3,51.1,25465,8.8
256,256,Georgia,GA,Tattnall,Democrat,Hillary Clinton,0.7609999999999999,12.5,58.8,75.1,42.3,37587,53.2
257,257,Georgia,GA,Tattnall,Democrat,Bernie Sanders,0.225,12.5,58.8,75.1,42.3,37587,53.2
258,258,Georgia,GA,Taylor,Democrat,Hillary Clinton,0.877,18.2,58.4,76.4,52.5,27455,23.6
259,259,Georgia,GA,Taylor,Democrat,Bernie Sanders,0.114,18.2,58.4,76.4,52.5,27455,23.6
260,260,Georgia,GA,Telfair,Democrat,Hillary Clinton,0.8109999999999999,15.3,49.4,73.9,40.7,26634,37.7
261,261,Georgia,GA,Telfair,Democrat,Bernie Sanders,0.17300000000000001,15.3,49.4,73.9,40.7,26634,37.7
262,262,Georgia,GA,Terrell,Democrat,Hillary Clinton,0.8809999999999999,17.7,35.6,65.6,52.5,32628,27.8
263,263,Georgia,GA,Terrell,Democrat,Bernie Sanders,0.115,17.7,35.6,65.6,52.5,32628,27.8
264,264,Georgia,GA,Thomas,Democrat,Hillary Clinton,0.782,16.8,57.8,81.8,52.6,34035,82.1
265,265,Georgia,GA,Thomas,Democrat,Bernie Sanders,0.21,16.8,57.8,81.8,52.6,34035,82.1
266,266,Georgia,GA,Tift,Democrat,Hillary Clinton,0.759,14.0,56.6,77.5,51.9,34591,154.9
267,267,Georgia,GA,Tift,Democrat,Bernie Sanders,0.22699999999999998,14.0,56.6,77.5,51.9,34591,154.9
268,268,Georgia,GA,Toombs,Democrat,Hillary Clinton,0.762,15.2,61.1,79.2,52.6,31189,74.8
269,269,Georgia,GA,Toombs,Democrat,Bernie Sanders,0.225,15.2,61.1,79.2,52.6,31189,74.8
270,270,Georgia,GA,Towns,Democrat,Hillary Clinton,0.529,32.2,94.7,86.8,52.2,36570,62.9
271,271,Georgia,GA,Towns,Democrat,Bernie Sanders,0.451,32.2,94.7,86.8,52.2,36570,62.9
272,272,Georgia,GA,Treutlen,Democrat,Hillary Clinton,0.8220000000000001,15.0,63.7,74.4,49.7,37894,34.5
273,273,Georgia,GA,Treutlen,Democrat,Bernie Sanders,0.159,15.0,63.7,74.4,49.7,37894,34.5
274,274,Georgia,GA,Troup,Democrat,Hillary Clinton,0.789,13.7,57.8,81.8,51.8,41161,161.9
275,275,Georgia,GA,Troup,Democrat,Bernie Sanders,0.2,13.7,57.8,81.8,51.8,41161,161.9
276,276,Georgia,GA,Turner,Democrat,Hillary Clinton,0.789,18.6,55.0,72.1,50.9,28326,31.3
277,277,Georgia,GA,Turner,Democrat,Bernie Sanders,0.19399999999999998,18.6,55.0,72.1,50.9,28326,31.3
278,278,Georgia,GA,Twiggs,Democrat,Hillary Clinton,0.8640000000000001,19.6,55.7,70.3,51.1,31234,25.2
279,279,Georgia,GA,Twiggs,Democrat,Bernie Sanders,0.125,19.6,55.7,70.3,51.1,31234,25.2
280,280,Georgia,GA,Union,Democrat,Hillary Clinton,0.563,31.3,94.0,84.7,51.6,40009,66.3
281,281,Georgia,GA,Union,Democrat,Bernie Sanders,0.41,31.3,94.0,84.7,51.6,40009,66.3
282,282,Georgia,GA,Upson,Democrat,Hillary Clinton,0.8079999999999999,17.8,67.7,77.6,52.3,35329,84.0
283,283,Georgia,GA,Upson,Democrat,Bernie Sanders,0.183,17.8,67.7,77.6,52.3,35329,84.0
284,284,Georgia,GA,Walker,Democrat,Hillary Clinton,0.53,16.6,91.3,79.1,50.7,39963,154.0
285,285,Georgia,GA,Walker,Democrat,Bernie Sanders,0.455,16.6,91.3,79.1,50.7,39963,154.0
286,286,Georgia,GA,Walton,Democrat,Hillary Clinton,0.6990000000000001,14.2,76.5,83.1,51.3,52369,257.2
287,287,Georgia,GA,Walton,Democrat,Bernie Sanders,0.294,14.2,76.5,83.1,51.3,52369,257.2
288,288,Georgia,GA,Ware,Democrat,Hillary Clinton,0.75,16.2,64.3,80.4,50.5,34572,40.7
289,289,Georgia,GA,Ware,Democrat,Bernie Sanders,0.23199999999999998,16.2,64.3,80.4,50.5,34572,40.7
290,290,Georgia,GA,Warren,Democrat,Hillary Clinton,0.895,20.3,37.6,73.2,53.1,27796,20.5
291,291,Georgia,GA,Warren,Democrat,Bernie Sanders,0.094,20.3,37.6,73.2,53.1,27796,20.5
292,292,Georgia,GA,Washington,Democrat,Hillary Clinton,0.8640000000000001,16.0,43.9,76.2,49.6,33652,31.2
293,293,Georgia,GA,Washington,Democrat,Bernie Sanders,0.127,16.0,43.9,76.2,49.6,33652,31.2
294,294,Georgia,GA,Wayne,Democrat,Hillary Clinton,0.732,14.7,71.0,81.3,48.1,35830,46.9
295,295,Georgia,GA,Wayne,Democrat,Bernie Sanders,0.247,14.7,71.0,81.3,48.1,35830,46.9
296,296,Georgia,GA,Webster,Democrat,Hillary Clinton,0.895,19.7,52.8,77.5,50.0,35718,13.4
297,297,Georgia,GA,Webster,Democrat,Bernie Sanders,0.095,19.7,52.8,77.5,50.0,35718,13.4
298,298,Georgia,GA,Wheeler,Democrat,Hillary Clinton,0.8590000000000001,12.8,55.8,74.8,34.8,24382,25.1
299,299,Georgia,GA,Wheeler,Democrat,Bernie Sanders,0.126,12.8,55.8,74.8,34.8,24382,25.1
300,300,Georgia,GA,White,Democrat,Hillary Clinton,0.524,20.6,92.3,85.2,51.0,40670,112.8
301,301,Georgia,GA,White,Democrat,Bernie Sanders,0.46299999999999997,20.6,92.3,85.2,51.0,40670,112.8
302,302,Georgia,GA,Whitfield,Democrat,Hillary Clinton,0.5329999999999999,12.7,60.1,69.1,50.3,40471,353.2
303,303,Georgia,GA,Whitfield,Democrat,Bernie Sanders,0.45399999999999996,12.7,60.1,69.1,50.3,40471,353.2
304,304,Georgia,GA,Wilcox,Democrat,Hillary Clinton,0.868,16.0,58.7,75.9,41.1,32928,24.5
305,305,Georgia,GA,Wilcox,Democrat,Bernie Sanders,0.11800000000000001,16.0,58.7,75.9,41.1,32928,24.5
306,306,Georgia,GA,Wilkes,Democrat,Hillary Clinton,0.821,21.4,51.7,76.2,52.2,28983,22.6
307,307,Georgia,GA,Wilkes,Democrat,Bernie Sanders,0.165,21.4,51.7,76.2,52.2,28983,22.6
308,308,Georgia,GA,Wilkinson,Democrat,Hillary Clinton,0.833,17.9,56.8,79.7,51.9,36173,21.4
309,309,Georgia,GA,Wilkinson,Democrat,Bernie Sanders,0.155,17.9,56.8,79.7,51.9,36173,21.4
310,310,Georgia,GA,Worth,Democrat,Hillary Clinton,0.794,16.9,67.6,71.4,52.0,35792,38.0
311,311,Georgia,GA,Worth,Democrat,Bernie Sanders,0.193,16.9,67.6,71.4,52.0,35792,38.0
312,0,Georgia,GA,Appling,Republican,Donald Trump,0.415,15.6,69.8,76.8,49.9,36786,36.0
313,1,Georgia,GA,Appling,Republican,Ted Cruz,0.294,15.6,69.8,76.8,49.9,36786,36.0
314,2,Georgia,GA,Appling,Republican,Marco Rubio,0.14800000000000002,15.6,69.8,76.8,49.9,36786,36.0
315,3,Georgia,GA,Appling,Republican,Ben Carson,0.098,15.6,69.8,76.8,49.9,36786,36.0
316,4,Georgia,GA,Appling,Republican,John Kasich,0.027000000000000003,15.6,69.8,76.8,49.9,36786,36.0
317,5,Georgia,GA,Atkinson,Republican,Donald Trump,0.659,11.8,56.9,64.6,49.6,30049,24.7
318,6,Georgia,GA,Atkinson,Republican,Ted Cruz,0.195,11.8,56.9,64.6,49.6,30049,24.7
319,7,Georgia,GA,Atkinson,Republican,Marco Rubio,0.078,11.8,56.9,64.6,49.6,30049,24.7
320,8,Georgia,GA,Atkinson,Republican,Ben Carson,0.048,11.8,56.9,64.6,49.6,30049,24.7
321,9,Georgia,GA,Atkinson,Republican,John Kasich,0.015,11.8,56.9,64.6,49.6,30049,24.7
322,10,Georgia,GA,Bacon,Republican,Donald Trump,0.5379999999999999,14.1,74.1,72.2,50.8,33757,42.9
323,11,Georgia,GA,Bacon,Republican,Ted Cruz,0.203,14.1,74.1,72.2,50.8,33757,42.9
324,12,Georgia,GA,Bacon,Republican,Marco Rubio,0.146,14.1,74.1,72.2,50.8,33757,42.9
325,13,Georgia,GA,Bacon,Republican,Ben Carson,0.065,14.1,74.1,72.2,50.8,33757,42.9
326,14,Georgia,GA,Bacon,Republican,John Kasich,0.034,14.1,74.1,72.2,50.8,33757,42.9
327,15,Georgia,GA,Baker,Republican,Donald Trump,0.602,17.8,47.9,79.5,52.1,27353,10.1
328,16,Georgia,GA,Baker,Republican,Ted Cruz,0.2,17.8,47.9,79.5,52.1,27353,10.1
329,17,Georgia,GA,Baker,Republican,Marco Rubio,0.09699999999999999,17.8,47.9,79.5,52.1,27353,10.1
330,18,Georgia,GA,Baker,Republican,Ben Carson,0.057,17.8,47.9,79.5,52.1,27353,10.1
331,19,Georgia,GA,Baker,Republican,John Kasich,0.018000000000000002,17.8,47.9,79.5,52.1,27353,10.1
332,20,Georgia,GA,Baldwin,Republican,Donald Trump,0.45799999999999996,14.2,53.3,81.7,49.6,32751,177.3
333,21,Georgia,GA,Baldwin,Republican,Marco Rubio,0.213,14.2,53.3,81.7,49.6,32751,177.3
334,22,Georgia,GA,Baldwin,Republican,Ted Cruz,0.195,14.2,53.3,81.7,49.6,32751,177.3
335,23,Georgia,GA,Baldwin,Republican,Ben Carson,0.077,14.2,53.3,81.7,49.6,32751,177.3
336,24,Georgia,GA,Baldwin,Republican,John Kasich,0.040999999999999995,14.2,53.3,81.7,49.6,32751,177.3
337,25,Georgia,GA,Banks,Republican,Donald Trump,0.489,15.9,88.1,75.5,49.3,41141,79.3
338,26,Georgia,GA,Banks,Republican,Ted Cruz,0.284,15.9,88.1,75.5,49.3,41141,79.3
339,27,Georgia,GA,Banks,Republican,Marco Rubio,0.12,15.9,88.1,75.5,49.3,41141,79.3
340,28,Georgia,GA,Banks,Republican,Ben Carson,0.068,15.9,88.1,75.5,49.3,41141,79.3
341,29,Georgia,GA,Banks,Republican,John Kasich,0.023,15.9,88.1,75.5,49.3,41141,79.3
342,30,Georgia,GA,Barrow,Republican,Donald Trump,0.408,11.2,73.4,82.1,50.7,53274,432.7
343,31,Georgia,GA,Barrow,Republican,Ted Cruz,0.304,11.2,73.4,82.1,50.7,53274,432.7
344,32,Georgia,GA,Barrow,Republican,Marco Rubio,0.18,11.2,73.4,82.1,50.7,53274,432.7
345,33,Georgia,GA,Barrow,Republican,Ben Carson,0.065,11.2,73.4,82.1,50.7,53274,432.7
346,34,Georgia,GA,Barrow,Republican,John Kasich,0.03,11.2,73.4,82.1,50.7,53274,432.7
347,35,Georgia,GA,Bartow,Republican,Donald Trump,0.462,12.8,78.7,80.4,50.7,47197,217.9
348,36,Georgia,GA,Bartow,Republican,Ted Cruz,0.251,12.8,78.7,80.4,50.7,47197,217.9
349,37,Georgia,GA,Bartow,Republican,Marco Rubio,0.182,12.8,78.7,80.4,50.7,47197,217.9
350,38,Georgia,GA,Bartow,Republican,Ben Carson,0.063,12.8,78.7,80.4,50.7,47197,217.9
351,39,Georgia,GA,Bartow,Republican,John Kasich,0.031,12.8,78.7,80.4,50.7,47197,217.9
352,40,Georgia,GA,Berrien,Republican,Donald Trump,0.552,16.5,82.4,76.8,50.7,32258,42.7
353,41,Georgia,GA,Berrien,Republican,Ted Cruz,0.254,16.5,82.4,76.8,50.7,32258,42.7
354,42,Georgia,GA,Berrien,Republican,Marco Rubio,0.085,16.5,82.4,76.8,50.7,32258,42.7
355,43,Georgia,GA,Berrien,Republican,Ben Carson,0.063,16.5,82.4,76.8,50.7,32258,42.7
356,44,Georgia,GA,Berrien,Republican,John Kasich,0.023,16.5,82.4,76.8,50.7,32258,42.7
357,45,Georgia,GA,Bibb,Republican,Donald Trump,0.38799999999999996,14.0,40.3,82.4,53.0,37550,622.8
358,46,Georgia,GA,Bibb,Republican,Marco Rubio,0.22899999999999998,14.0,40.3,82.4,53.0,37550,622.8
359,47,Georgia,GA,Bibb,Republican,Ted Cruz,0.222,14.0,40.3,82.4,53.0,37550,622.8
360,48,Georgia,GA,Bibb,Republican,Ben Carson,0.076,14.0,40.3,82.4,53.0,37550,622.8
361,49,Georgia,GA,Bibb,Republican,John Kasich,0.07200000000000001,14.0,40.3,82.4,53.0,37550,622.8
362,50,Georgia,GA,Bleckley,Republican,Donald Trump,0.436,16.7,68.9,79.5,52.2,36073,60.5
363,51,Georgia,GA,Bleckley,Republican,Ted Cruz,0.248,16.7,68.9,79.5,52.2,36073,60.5
364,52,Georgia,GA,Bleckley,Republican,Marco Rubio,0.192,16.7,68.9,79.5,52.2,36073,60.5
365,53,Georgia,GA,Bleckley,Republican,Ben Carson,0.068,16.7,68.9,79.5,52.2,36073,60.5
366,54,Georgia,GA,Bleckley,Republican,John Kasich,0.040999999999999995,16.7,68.9,79.5,52.2,36073,60.5
367,55,Georgia,GA,Brantley,Republican,Donald Trump,0.488,14.7,92.5,76.8,50.6,36070,41.6
368,56,Georgia,GA,Brantley,Republican,Ted Cruz,0.254,14.7,92.5,76.8,50.6,36070,41.6
369,57,Georgia,GA,Brantley,Republican,Marco Rubio,0.134,14.7,92.5,76.8,50.6,36070,41.6
370,58,Georgia,GA,Brantley,Republican,Ben Carson,0.08,14.7,92.5,76.8,50.6,36070,41.6
371,59,Georgia,GA,Brantley,Republican,John Kasich,0.02,14.7,92.5,76.8,50.6,36070,41.6
372,60,Georgia,GA,Brooks,Republican,Donald Trump,0.52,18.6,57.6,77.4,51.2,34419,32.9
373,61,Georgia,GA,Brooks,Republican,Ted Cruz,0.244,18.6,57.6,77.4,51.2,34419,32.9
374,62,Georgia,GA,Brooks,Republican,Marco Rubio,0.13699999999999998,18.6,57.6,77.4,51.2,34419,32.9
375,63,Georgia,GA,Brooks,Republican,Ben Carson,0.06,18.6,57.6,77.4,51.2,34419,32.9
376,64,Georgia,GA,Brooks,Republican,John Kasich,0.027000000000000003,18.6,57.6,77.4,51.2,34419,32.9
377,65,Georgia,GA,Bryan,Republican,Donald Trump,0.391,10.2,74.0,88.0,50.2,64707,69.3
378,66,Georgia,GA,Bryan,Republican,Ted Cruz,0.261,10.2,74.0,88.0,50.2,64707,69.3
379,67,Georgia,GA,Bryan,Republican,Marco Rubio,0.22899999999999998,10.2,74.0,88.0,50.2,64707,69.3
380,68,Georgia,GA,Bryan,Republican,Ben Carson,0.059000000000000004,10.2,74.0,88.0,50.2,64707,69.3
381,69,Georgia,GA,Bryan,Republican,John Kasich,0.048,10.2,74.0,88.0,50.2,64707,69.3
382,70,Georgia,GA,Bulloch,Republican,Donald Trump,0.377,10.3,64.2,85.9,50.6,35840,104.4
383,71,Georgia,GA,Bulloch,Republican,Ted Cruz,0.26,10.3,64.2,85.9,50.6,35840,104.4
384,72,Georgia,GA,Bulloch,Republican,Marco Rubio,0.214,10.3,64.2,85.9,50.6,35840,104.4
385,73,Georgia,GA,Bulloch,Republican,Ben Carson,0.079,10.3,64.2,85.9,50.6,35840,104.4
386,74,Georgia,GA,Bulloch,Republican,John Kasich,0.054000000000000006,10.3,64.2,85.9,50.6,35840,104.4
387,75,Georgia,GA,Burke,Republican,Donald Trump,0.451,14.1,47.0,76.9,52.0,31494,28.2
388,76,Georgia,GA,Burke,Republican,Ted Cruz,0.307,14.1,47.0,76.9,52.0,31494,28.2
389,77,Georgia,GA,Burke,Republican,Marco Rubio,0.14300000000000002,14.1,47.0,76.9,52.0,31494,28.2
390,78,Georgia,GA,Burke,Republican,Ben Carson,0.062,14.1,47.0,76.9,52.0,31494,28.2
391,79,Georgia,GA,Burke,Republican,John Kasich,0.021,14.1,47.0,76.9,52.0,31494,28.2
392,80,Georgia,GA,Butts,Republican,Donald Trump,0.488,14.3,67.6,74.7,47.1,49754,128.3
393,81,Georgia,GA,Butts,Republican,Ted Cruz,0.259,14.3,67.6,74.7,47.1,49754,128.3
394,82,Georgia,GA,Butts,Republican,Marco Rubio,0.155,14.3,67.6,74.7,47.1,49754,128.3
395,83,Georgia,GA,Butts,Republican,Ben Carson,0.063,14.3,67.6,74.7,47.1,49754,128.3
396,84,Georgia,GA,Butts,Republican,John Kasich,0.025,14.3,67.6,74.7,47.1,49754,128.3
397,85,Georgia,GA,Calhoun,Republican,Donald Trump,0.508,12.5,32.9,68.6,40.0,26986,23.9
398,86,Georgia,GA,Calhoun,Republican,Ted Cruz,0.233,12.5,32.9,68.6,40.0,26986,23.9
399,87,Georgia,GA,Calhoun,Republican,Marco Rubio,0.154,12.5,32.9,68.6,40.0,26986,23.9
400,88,Georgia,GA,Calhoun,Republican,Ben Carson,0.065,12.5,32.9,68.6,40.0,26986,23.9
401,89,Georgia,GA,Calhoun,Republican,John Kasich,0.034,12.5,32.9,68.6,40.0,26986,23.9
402,90,Georgia,GA,Camden,Republican,Donald Trump,0.485,11.3,70.0,90.4,48.6,51990,82.4
403,91,Georgia,GA,Camden,Republican,Marco Rubio,0.19399999999999998,11.3,70.0,90.4,48.6,51990,82.4
404,92,Georgia,GA,Camden,Republican,Ted Cruz,0.187,11.3,70.0,90.4,48.6,51990,82.4
405,93,Georgia,GA,Camden,Republican,Ben Carson,0.07200000000000001,11.3,70.0,90.4,48.6,51990,82.4
406,94,Georgia,GA,Camden,Republican,John Kasich,0.047,11.3,70.0,90.4,48.6,51990,82.4
407,95,Georgia,GA,Candler,Republican,Donald Trump,0.49,16.7,62.8,78.5,50.4,35070,45.3
408,96,Georgia,GA,Candler,Republican,Marco Rubio,0.17600000000000002,16.7,62.8,78.5,50.4,35070,45.3
409,97,Georgia,GA,Candler,Republican,Ted Cruz,0.175,16.7,62.8,78.5,50.4,35070,45.3
410,98,Georgia,GA,Candler,Republican,Ben Carson,0.081,16.7,62.8,78.5,50.4,35070,45.3
411,99,Georgia,GA,Candler,Republican,John Kasich,0.040999999999999995,16.7,62.8,78.5,50.4,35070,45.3
412,100,Georgia,GA,Carroll,Republican,Donald Trump,0.41700000000000004,12.5,71.8,79.7,50.9,46147,221.5
413,101,Georgia,GA,Carroll,Republican,Ted Cruz,0.278,12.5,71.8,79.7,50.9,46147,221.5
414,102,Georgia,GA,Carroll,Republican,Marco Rubio,0.188,12.5,71.8,79.7,50.9,46147,221.5
415,103,Georgia,GA,Carroll,Republican,Ben Carson,0.07,12.5,71.8,79.7,50.9,46147,221.5
416,104,Georgia,GA,Carroll,Republican,John Kasich,0.036000000000000004,12.5,71.8,79.7,50.9,46147,221.5
417,105,Georgia,GA,Catoosa,Republican,Donald Trump,0.402,16.0,91.4,82.3,51.3,47087,394.3
418,106,Georgia,GA,Catoosa,Republican,Ted Cruz,0.228,16.0,91.4,82.3,51.3,47087,394.3
419,107,Georgia,GA,Catoosa,Republican,Marco Rubio,0.21899999999999997,16.0,91.4,82.3,51.3,47087,394.3
420,108,Georgia,GA,Catoosa,Republican,Ben Carson,0.099,16.0,91.4,82.3,51.3,47087,394.3
421,109,Georgia,GA,Catoosa,Republican,John Kasich,0.042,16.0,91.4,82.3,51.3,47087,394.3
422,110,Georgia,GA,Charlton,Republican,Donald Trump,0.473,13.3,62.1,74.3,39.7,40111,15.7
423,111,Georgia,GA,Charlton,Republican,Ted Cruz,0.251,13.3,62.1,74.3,39.7,40111,15.7
424,112,Georgia,GA,Charlton,Republican,Marco Rubio,0.16399999999999998,13.3,62.1,74.3,39.7,40111,15.7
425,113,Georgia,GA,Charlton,Republican,Ben Carson,0.068,13.3,62.1,74.3,39.7,40111,15.7
426,114,Georgia,GA,Charlton,Republican,John Kasich,0.016,13.3,62.1,74.3,39.7,40111,15.7
427,115,Georgia,GA,Chatham,Republican,Donald Trump,0.35,13.6,49.8,88.7,51.8,45794,621.7
428,116,Georgia,GA,Chatham,Republican,Marco Rubio,0.256,13.6,49.8,88.7,51.8,45794,621.7
429,117,Georgia,GA,Chatham,Republican,Ted Cruz,0.23,13.6,49.8,88.7,51.8,45794,621.7
430,118,Georgia,GA,Chatham,Republican,John Kasich,0.09699999999999999,13.6,49.8,88.7,51.8,45794,621.7
431,119,Georgia,GA,Chatham,Republican,Ben Carson,0.05,13.6,49.8,88.7,51.8,45794,621.7
432,120,Georgia,GA,Chattahoochee,Republican,Donald Trump,0.545,4.1,60.0,92.5,32.7,48758,45.3
433,121,Georgia,GA,Chattahoochee,Republican,Ted Cruz,0.27699999999999997,4.1,60.0,92.5,32.7,48758,45.3
434,122,Georgia,GA,Chattahoochee,Republican,Marco Rubio,0.09300000000000001,4.1,60.0,92.5,32.7,48758,45.3
435,123,Georgia,GA,Chattahoochee,Republican,Ben Carson,0.044000000000000004,4.1,60.0,92.5,32.7,48758,45.3
436,124,Georgia,GA,Chattahoochee,Republican,John Kasich,0.025,4.1,60.0,92.5,32.7,48758,45.3
437,125,Georgia,GA,Chattooga,Republican,Donald Trump,0.517,16.5,82.8,69.0,48.8,33228,83.0
438,126,Georgia,GA,Chattooga,Republican,Ted Cruz,0.196,16.5,82.8,69.0,48.8,33228,83.0
439,127,Georgia,GA,Chattooga,Republican,Marco Rubio,0.161,16.5,82.8,69.0,48.8,33228,83.0
440,128,Georgia,GA,Chattooga,Republican,Ben Carson,0.09,16.5,82.8,69.0,48.8,33228,83.0
441,129,Georgia,GA,Chattooga,Republican,John Kasich,0.023,16.5,82.8,69.0,48.8,33228,83.0
442,130,Georgia,GA,Cherokee,Republican,Donald Trump,0.36700000000000005,11.9,80.1,88.9,50.7,67261,508.3
443,131,Georgia,GA,Cherokee,Republican,Marco Rubio,0.268,11.9,80.1,88.9,50.7,67261,508.3
444,132,Georgia,GA,Cherokee,Republican,Ted Cruz,0.256,11.9,80.1,88.9,50.7,67261,508.3
445,133,Georgia,GA,Cherokee,Republican,Ben Carson,0.05,11.9,80.1,88.9,50.7,67261,508.3
446,134,Georgia,GA,Cherokee,Republican,John Kasich,0.049,11.9,80.1,88.9,50.7,67261,508.3
447,135,Georgia,GA,Clarke,Republican,Marco Rubio,0.35200000000000004,9.7,56.0,85.1,52.3,33060,979.1
448,136,Georgia,GA,Clarke,Republican,Donald Trump,0.267,9.7,56.0,85.1,52.3,33060,979.1
449,137,Georgia,GA,Clarke,Republican,Ted Cruz,0.20600000000000002,9.7,56.0,85.1,52.3,33060,979.1
450,138,Georgia,GA,Clarke,Republican,John Kasich,0.099,9.7,56.0,85.1,52.3,33060,979.1
451,139,Georgia,GA,Clarke,Republican,Ben Carson,0.055999999999999994,9.7,56.0,85.1,52.3,33060,979.1
452,140,Georgia,GA,Clay,Republican,Donald Trump,0.517,23.3,37.6,77.9,53.1,21192,16.3
453,141,Georgia,GA,Clay,Republican,Ted Cruz,0.185,23.3,37.6,77.9,53.1,21192,16.3
454,142,Georgia,GA,Clay,Republican,Marco Rubio,0.165,23.3,37.6,77.9,53.1,21192,16.3
455,143,Georgia,GA,Clay,Republican,Ben Carson,0.066,23.3,37.6,77.9,53.1,21192,16.3
456,144,Georgia,GA,Clay,Republican,John Kasich,0.043,23.3,37.6,77.9,53.1,21192,16.3
457,145,Georgia,GA,Clayton,Republican,Donald Trump,0.42,8.3,13.5,81.7,52.6,40606,1832.5
458,146,Georgia,GA,Clayton,Republican,Ted Cruz,0.239,8.3,13.5,81.7,52.6,40606,1832.5
459,147,Georgia,GA,Clayton,Republican,Marco Rubio,0.21100000000000002,8.3,13.5,81.7,52.6,40606,1832.5
460,148,Georgia,GA,Clayton,Republican,Ben Carson,0.068,8.3,13.5,81.7,52.6,40606,1832.5
461,149,Georgia,GA,Clayton,Republican,John Kasich,0.043,8.3,13.5,81.7,52.6,40606,1832.5
462,150,Georgia,GA,Clinch,Republican,Donald Trump,0.509,15.0,65.7,71.1,51.0,30345,8.5
463,151,Georgia,GA,Clinch,Republican,Ted Cruz,0.20199999999999999,15.0,65.7,71.1,51.0,30345,8.5
464,152,Georgia,GA,Clinch,Republican,Marco Rubio,0.13699999999999998,15.0,65.7,71.1,51.0,30345,8.5
465,153,Georgia,GA,Clinch,Republican,Ben Carson,0.105,15.0,65.7,71.1,51.0,30345,8.5
466,154,Georgia,GA,Clinch,Republican,John Kasich,0.015,15.0,65.7,71.1,51.0,30345,8.5
467,155,Georgia,GA,Cobb,Republican,Marco Rubio,0.34600000000000003,10.6,53.9,90.8,51.6,63920,2026.4
468,156,Georgia,GA,Cobb,Republican,Donald Trump,0.31,10.6,53.9,90.8,51.6,63920,2026.4
469,157,Georgia,GA,Cobb,Republican,Ted Cruz,0.212,10.6,53.9,90.8,51.6,63920,2026.4
470,158,Georgia,GA,Cobb,Republican,John Kasich,0.076,10.6,53.9,90.8,51.6,63920,2026.4
471,159,Georgia,GA,Cobb,Republican,Ben Carson,0.046,10.6,53.9,90.8,51.6,63920,2026.4
472,160,Georgia,GA,Coffee,Republican,Donald Trump,0.547,12.3,59.4,75.5,48.7,35693,73.7
473,161,Georgia,GA,Coffee,Republican,Ted Cruz,0.19399999999999998,12.3,59.4,75.5,48.7,35693,73.7
474,162,Georgia,GA,Coffee,Republican,Marco Rubio,0.128,12.3,59.4,75.5,48.7,35693,73.7
475,163,Georgia,GA,Coffee,Republican,Ben Carson,0.091,12.3,59.4,75.5,48.7,35693,73.7
476,164,Georgia,GA,Coffee,Republican,John Kasich,0.027000000000000003,12.3,59.4,75.5,48.7,35693,73.7
477,165,Georgia,GA,Colquitt,Republican,Donald Trump,0.496,14.0,57.1,72.1,50.4,32484,83.6
478,166,Georgia,GA,Colquitt,Republican,Ted Cruz,0.23399999999999999,14.0,57.1,72.1,50.4,32484,83.6
479,167,Georgia,GA,Colquitt,Republican,Marco Rubio,0.129,14.0,57.1,72.1,50.4,32484,83.6
480,168,Georgia,GA,Colquitt,Republican,Ben Carson,0.085,14.0,57.1,72.1,50.4,32484,83.6
481,169,Georgia,GA,Colquitt,Republican,John Kasich,0.033,14.0,57.1,72.1,50.4,32484,83.6
482,170,Georgia,GA,Columbia,Republican,Donald Trump,0.34600000000000003,11.8,70.5,91.3,51.1,69306,427.6
483,171,Georgia,GA,Columbia,Republican,Ted Cruz,0.304,11.8,70.5,91.3,51.1,69306,427.6
484,172,Georgia,GA,Columbia,Republican,Marco Rubio,0.217,11.8,70.5,91.3,51.1,69306,427.6
485,173,Georgia,GA,Columbia,Republican,Ben Carson,0.08,11.8,70.5,91.3,51.1,69306,427.6
486,174,Georgia,GA,Columbia,Republican,John Kasich,0.043,11.8,70.5,91.3,51.1,69306,427.6
487,175,Georgia,GA,Cook,Republican,Donald Trump,0.547,14.7,64.4,74.8,51.6,34985,75.8
488,176,Georgia,GA,Cook,Republican,Ted Cruz,0.231,14.7,64.4,74.8,51.6,34985,75.8
489,177,Georgia,GA,Cook,Republican,Marco Rubio,0.107,14.7,64.4,74.8,51.6,34985,75.8
490,178,Georgia,GA,Cook,Republican,Ben Carson,0.079,14.7,64.4,74.8,51.6,34985,75.8
491,179,Georgia,GA,Cook,Republican,John Kasich,0.02,14.7,64.4,74.8,51.6,34985,75.8
492,180,Georgia,GA,Coweta,Republican,Donald Trump,0.379,12.4,71.9,87.8,51.2,60813,288.8
493,181,Georgia,GA,Coweta,Republican,Ted Cruz,0.255,12.4,71.9,87.8,51.2,60813,288.8
494,182,Georgia,GA,Coweta,Republican,Marco Rubio,0.23,12.4,71.9,87.8,51.2,60813,288.8
495,183,Georgia,GA,Coweta,Republican,Ben Carson,0.071,12.4,71.9,87.8,51.2,60813,288.8
496,184,Georgia,GA,Coweta,Republican,John Kasich,0.052000000000000005,12.4,71.9,87.8,51.2,60813,288.8
497,185,Georgia,GA,Crawford,Republican,Donald Trump,0.519,16.9,73.7,78.7,49.4,41586,38.9
498,186,Georgia,GA,Crawford,Republican,Ted Cruz,0.221,16.9,73.7,78.7,49.4,41586,38.9
499,187,Georgia,GA,Crawford,Republican,Marco Rubio,0.138,16.9,73.7,78.7,49.4,41586,38.9
500,188,Georgia,GA,Crawford,Republican,Ben Carson,0.078,16.9,73.7,78.7,49.4,41586,38.9
501,189,Georgia,GA,Crawford,Republican,John Kasich,0.033,16.9,73.7,78.7,49.4,41586,38.9
502,190,Georgia,GA,Crisp,Republican,Donald Trump,0.502,16.0,51.3,79.5,52.4,35240,86.0
503,191,Georgia,GA,Crisp,Republican,Ted Cruz,0.222,16.0,51.3,79.5,52.4,35240,86.0
504,192,Georgia,GA,Crisp,Republican,Marco Rubio,0.166,16.0,51.3,79.5,52.4,35240,86.0
505,193,Georgia,GA,Crisp,Republican,Ben Carson,0.062,16.0,51.3,79.5,52.4,35240,86.0
506,194,Georgia,GA,Crisp,Republican,John Kasich,0.034,16.0,51.3,79.5,52.4,35240,86.0
507,195,Georgia,GA,Dade,Republican,Donald Trump,0.41200000000000003,17.0,93.9,80.3,50.8,43205,95.6
508,196,Georgia,GA,Dade,Republican,Marco Rubio,0.237,17.0,93.9,80.3,50.8,43205,95.6
509,197,Georgia,GA,Dade,Republican,Ted Cruz,0.19899999999999998,17.0,93.9,80.3,50.8,43205,95.6
510,198,Georgia,GA,Dade,Republican,Ben Carson,0.098,17.0,93.9,80.3,50.8,43205,95.6
511,199,Georgia,GA,Dade,Republican,John Kasich,0.043,17.0,93.9,80.3,50.8,43205,95.6
512,200,Georgia,GA,Dawson,Republican,Donald Trump,0.45399999999999996,17.9,93.0,85.8,49.9,53525,105.9
513,201,Georgia,GA,Dawson,Republican,Ted Cruz,0.251,17.9,93.0,85.8,49.9,53525,105.9
514,202,Georgia,GA,Dawson,Republican,Marco Rubio,0.188,17.9,93.0,85.8,49.9,53525,105.9
515,203,Georgia,GA,Dawson,Republican,Ben Carson,0.053,17.9,93.0,85.8,49.9,53525,105.9
516,204,Georgia,GA,Dawson,Republican,John Kasich,0.046,17.9,93.0,85.8,49.9,53525,105.9
517,205,Georgia,GA,Decatur,Republican,Donald Trump,0.485,15.4,51.6,78.4,51.4,30619,46.6
518,206,Georgia,GA,Decatur,Republican,Ted Cruz,0.223,15.4,51.6,78.4,51.4,30619,46.6
519,207,Georgia,GA,Decatur,Republican,Marco Rubio,0.17300000000000001,15.4,51.6,78.4,51.4,30619,46.6
520,208,Georgia,GA,Decatur,Republican,Ben Carson,0.067,15.4,51.6,78.4,51.4,30619,46.6
521,209,Georgia,GA,Decatur,Republican,John Kasich,0.036000000000000004,15.4,51.6,78.4,51.4,30619,46.6
522,210,Georgia,GA,Dodge,Republican,Donald Trump,0.504,15.2,65.6,80.2,47.8,37292,44.0
523,211,Georgia,GA,Dodge,Republican,Ted Cruz,0.187,15.2,65.6,80.2,47.8,37292,44.0
524,212,Georgia,GA,Dodge,Republican,Marco Rubio,0.18,15.2,65.6,80.2,47.8,37292,44.0
525,213,Georgia,GA,Dodge,Republican,Ben Carson,0.084,15.2,65.6,80.2,47.8,37292,44.0
526,214,Georgia,GA,Dodge,Republican,John Kasich,0.031,15.2,65.6,80.2,47.8,37292,44.0
527,215,Georgia,GA,Dooly,Republican,Donald Trump,0.555,15.7,42.2,70.9,46.0,29012,38.1
528,216,Georgia,GA,Dooly,Republican,Ted Cruz,0.19,15.7,42.2,70.9,46.0,29012,38.1
529,217,Georgia,GA,Dooly,Republican,Marco Rubio,0.149,15.7,42.2,70.9,46.0,29012,38.1
530,218,Georgia,GA,Dooly,Republican,Ben Carson,0.065,15.7,42.2,70.9,46.0,29012,38.1
531,219,Georgia,GA,Dooly,Republican,John Kasich,0.027999999999999997,15.7,42.2,70.9,46.0,29012,38.1
532,220,Georgia,GA,Dougherty,Republican,Donald Trump,0.46799999999999997,13.6,27.3,79.9,53.5,31671,287.7
533,221,Georgia,GA,Dougherty,Republican,Ted Cruz,0.213,13.6,27.3,79.9,53.5,31671,287.7
534,222,Georgia,GA,Dougherty,Republican,Marco Rubio,0.175,13.6,27.3,79.9,53.5,31671,287.7
535,223,Georgia,GA,Dougherty,Republican,Ben Carson,0.068,13.6,27.3,79.9,53.5,31671,287.7
536,224,Georgia,GA,Dougherty,Republican,John Kasich,0.059000000000000004,13.6,27.3,79.9,53.5,31671,287.7
537,225,Georgia,GA,Douglas,Republican,Donald Trump,0.428,10.3,44.9,87.2,52.1,52691,661.8
538,226,Georgia,GA,Douglas,Republican,Ted Cruz,0.251,10.3,44.9,87.2,52.1,52691,661.8
539,227,Georgia,GA,Douglas,Republican,Marco Rubio,0.209,10.3,44.9,87.2,52.1,52691,661.8
540,228,Georgia,GA,Douglas,Republican,Ben Carson,0.061,10.3,44.9,87.2,52.1,52691,661.8
541,229,Georgia,GA,Douglas,Republican,John Kasich,0.037000000000000005,10.3,44.9,87.2,52.1,52691,661.8
542,230,Georgia,GA,Early,Republican,Donald Trump,0.561,18.4,46.5,76.7,52.8,28853,21.5
543,231,Georgia,GA,Early,Republican,Ted Cruz,0.166,18.4,46.5,76.7,52.8,28853,21.5
544,232,Georgia,GA,Early,Republican,Marco Rubio,0.165,18.4,46.5,76.7,52.8,28853,21.5
545,233,Georgia,GA,Early,Republican,Ben Carson,0.055,18.4,46.5,76.7,52.8,28853,21.5
546,234,Georgia,GA,Early,Republican,John Kasich,0.032,18.4,46.5,76.7,52.8,28853,21.5
547,235,Georgia,GA,Echols,Republican,Donald Trump,0.583,11.3,63.6,74.7,50.7,31375,9.7
548,236,Georgia,GA,Echols,Republican,Ted Cruz,0.239,11.3,63.6,74.7,50.7,31375,9.7
549,237,Georgia,GA,Echols,Republican,Marco Rubio,0.08,11.3,63.6,74.7,50.7,31375,9.7
550,238,Georgia,GA,Echols,Republican,Ben Carson,0.067,11.3,63.6,74.7,50.7,31375,9.7
551,239,Georgia,GA,Echols,Republican,John Kasich,0.011000000000000001,11.3,63.6,74.7,50.7,31375,9.7
552,240,Georgia,GA,Effingham,Republican,Donald Trump,0.39299999999999996,10.8,79.6,85.2,50.1,63030,109.4
553,241,Georgia,GA,Effingham,Republican,Ted Cruz,0.33299999999999996,10.8,79.6,85.2,50.1,63030,109.4
554,242,Georgia,GA,Effingham,Republican,Marco Rubio,0.161,10.8,79.6,85.2,50.1,63030,109.4
555,243,Georgia,GA,Effingham,Republican,Ben Carson,0.066,10.8,79.6,85.2,50.1,63030,109.4
556,244,Georgia,GA,Effingham,Republican,John Kasich,0.033,10.8,79.6,85.2,50.1,63030,109.4
557,245,Georgia,GA,Elbert,Republican,Donald Trump,0.45899999999999996,19.1,63.7,78.3,52.1,35817,57.4
558,246,Georgia,GA,Elbert,Republican,Ted Cruz,0.23600000000000002,19.1,63.7,78.3,52.1,35817,57.4
559,247,Georgia,GA,Elbert,Republican,Marco Rubio,0.184,19.1,63.7,78.3,52.1,35817,57.4
560,248,Georgia,GA,Elbert,Republican,Ben Carson,0.055999999999999994,19.1,63.7,78.3,52.1,35817,57.4
561,249,Georgia,GA,Elbert,Republican,John Kasich,0.049,19.1,63.7,78.3,52.1,35817,57.4
562,250,Georgia,GA,Emanuel,Republican,Donald Trump,0.502,15.8,59.8,76.5,51.1,32046,33.2
563,251,Georgia,GA,Emanuel,Republican,Ted Cruz,0.233,15.8,59.8,76.5,51.1,32046,33.2
564,252,Georgia,GA,Emanuel,Republican,Marco Rubio,0.156,15.8,59.8,76.5,51.1,32046,33.2
565,253,Georgia,GA,Emanuel,Republican,Ben Carson,0.067,15.8,59.8,76.5,51.1,32046,33.2
566,254,Georgia,GA,Emanuel,Republican,John Kasich,0.028999999999999998,15.8,59.8,76.5,51.1,32046,33.2
567,255,Georgia,GA,Evans,Republican,Donald Trump,0.38,15.1,56.2,76.2,51.7,36788,60.2
568,256,Georgia,GA,Evans,Republican,Ted Cruz,0.259,15.1,56.2,76.2,51.7,36788,60.2
569,257,Georgia,GA,Evans,Republican,Marco Rubio,0.244,15.1,56.2,76.2,51.7,36788,60.2
570,258,Georgia,GA,Evans,Republican,Ben Carson,0.063,15.1,56.2,76.2,51.7,36788,60.2
571,259,Georgia,GA,Evans,Republican,John Kasich,0.033,15.1,56.2,76.2,51.7,36788,60.2
572,260,Georgia,GA,Fannin,Republican,Donald Trump,0.532,25.6,95.2,79.0,51.1,34239,61.2
573,261,Georgia,GA,Fannin,Republican,Ted Cruz,0.203,25.6,95.2,79.0,51.1,34239,61.2
574,262,Georgia,GA,Fannin,Republican,Marco Rubio,0.153,25.6,95.2,79.0,51.1,34239,61.2
575,263,Georgia,GA,Fannin,Republican,Ben Carson,0.062,25.6,95.2,79.0,51.1,34239,61.2
576,264,Georgia,GA,Fannin,Republican,John Kasich,0.038,25.6,95.2,79.0,51.1,34239,61.2
577,265,Georgia,GA,Fayette,Republican,Donald Trump,0.327,16.2,65.0,94.3,51.6,79977,548.3
578,266,Georgia,GA,Fayette,Republican,Marco Rubio,0.294,16.2,65.0,94.3,51.6,79977,548.3
579,267,Georgia,GA,Fayette,Republican,Ted Cruz,0.23600000000000002,16.2,65.0,94.3,51.6,79977,548.3
580,268,Georgia,GA,Fayette,Republican,John Kasich,0.07,16.2,65.0,94.3,51.6,79977,548.3
581,269,Georgia,GA,Fayette,Republican,Ben Carson,0.061,16.2,65.0,94.3,51.6,79977,548.3
582,270,Georgia,GA,Floyd,Republican,Donald Trump,0.42200000000000004,15.7,72.3,77.9,51.5,40821,188.9
583,271,Georgia,GA,Floyd,Republican,Marco Rubio,0.223,15.7,72.3,77.9,51.5,40821,188.9
584,272,Georgia,GA,Floyd,Republican,Ted Cruz,0.203,15.7,72.3,77.9,51.5,40821,188.9
585,273,Georgia,GA,Floyd,Republican,Ben Carson,0.081,15.7,72.3,77.9,51.5,40821,188.9
586,274,Georgia,GA,Floyd,Republican,John Kasich,0.059000000000000004,15.7,72.3,77.9,51.5,40821,188.9
587,275,Georgia,GA,Forsyth,Republican,Donald Trump,0.37200000000000005,11.1,76.4,91.4,50.3,86569,783.5
588,276,Georgia,GA,Forsyth,Republican,Marco Rubio,0.285,11.1,76.4,91.4,50.3,86569,783.5
589,277,Georgia,GA,Forsyth,Republican,Ted Cruz,0.23600000000000002,11.1,76.4,91.4,50.3,86569,783.5
590,278,Georgia,GA,Forsyth,Republican,John Kasich,0.054000000000000006,11.1,76.4,91.4,50.3,86569,783.5
591,279,Georgia,GA,Forsyth,Republican,Ben Carson,0.042,11.1,76.4,91.4,50.3,86569,783.5
592,280,Georgia,GA,Franklin,Republican,Donald Trump,0.46,18.7,83.8,72.3,51.2,34830,84.5
593,281,Georgia,GA,Franklin,Republican,Ted Cruz,0.252,18.7,83.8,72.3,51.2,34830,84.5
594,282,Georgia,GA,Franklin,Republican,Marco Rubio,0.17,18.7,83.8,72.3,51.2,34830,84.5
595,283,Georgia,GA,Franklin,Republican,Ben Carson,0.07,18.7,83.8,72.3,51.2,34830,84.5
596,284,Georgia,GA,Franklin,Republican,John Kasich,0.034,18.7,83.8,72.3,51.2,34830,84.5
597,285,Georgia,GA,Fulton,Republican,Marco Rubio,0.41600000000000004,10.4,40.5,90.4,51.4,56857,1748.0
598,286,Georgia,GA,Fulton,Republican,Donald Trump,0.266,10.4,40.5,90.4,51.4,56857,1748.0
599,287,Georgia,GA,Fulton,Republican,Ted Cruz,0.146,10.4,40.5,90.4,51.4,56857,1748.0
600,288,Georgia,GA,Fulton,Republican,John Kasich,0.125,10.4,40.5,90.4,51.4,56857,1748.0
601,289,Georgia,GA,Fulton,Republican,Ben Carson,0.033,10.4,40.5,90.4,51.4,56857,1748.0
602,290,Georgia,GA,Gilmer,Republican,Donald Trump,0.516,22.0,86.8,76.5,50.1,39140,66.3
603,291,Georgia,GA,Gilmer,Republican,Ted Cruz,0.207,22.0,86.8,76.5,50.1,39140,66.3
604,292,Georgia,GA,Gilmer,Republican,Marco Rubio,0.179,22.0,86.8,76.5,50.1,39140,66.3
605,293,Georgia,GA,Gilmer,Republican,Ben Carson,0.049,22.0,86.8,76.5,50.1,39140,66.3
606,294,Georgia,GA,Gilmer,Republican,John Kasich,0.036000000000000004,22.0,86.8,76.5,50.1,39140,66.3
607,295,Georgia,GA,Glascock,Republican,Donald Trump,0.586,17.4,86.5,78.3,51.1,37760,21.4
608,296,Georgia,GA,Glascock,Republican,Ted Cruz,0.187,17.4,86.5,78.3,51.1,37760,21.4
609,297,Georgia,GA,Glascock,Republican,Marco Rubio,0.127,17.4,86.5,78.3,51.1,37760,21.4
610,298,Georgia,GA,Glascock,Republican,Ben Carson,0.061,17.4,86.5,78.3,51.1,37760,21.4
611,299,Georgia,GA,Glascock,Republican,John Kasich,0.013999999999999999,17.4,86.5,78.3,51.1,37760,21.4
612,300,Georgia,GA,Glynn,Republican,Donald Trump,0.43799999999999994,17.7,64.1,86.6,52.7,46407,189.7
613,301,Georgia,GA,Glynn,Republican,Ted Cruz,0.203,17.7,64.1,86.6,52.7,46407,189.7
614,302,Georgia,GA,Glynn,Republican,Marco Rubio,0.20199999999999999,17.7,64.1,86.6,52.7,46407,189.7
615,303,Georgia,GA,Glynn,Republican,John Kasich,0.075,17.7,64.1,86.6,52.7,46407,189.7
616,304,Georgia,GA,Glynn,Republican,Ben Carson,0.067,17.7,64.1,86.6,52.7,46407,189.7
617,305,Georgia,GA,Gordon,Republican,Donald Trump,0.506,13.3,78.2,73.4,50.4,40926,155.1
618,306,Georgia,GA,Gordon,Republican,Ted Cruz,0.187,13.3,78.2,73.4,50.4,40926,155.1
619,307,Georgia,GA,Gordon,Republican,Marco Rubio,0.166,13.3,78.2,73.4,50.4,40926,155.1
620,308,Georgia,GA,Gordon,Republican,Ben Carson,0.085,13.3,78.2,73.4,50.4,40926,155.1
621,309,Georgia,GA,Gordon,Republican,John Kasich,0.040999999999999995,13.3,78.2,73.4,50.4,40926,155.1
622,310,Georgia,GA,Grady,Republican,Donald Trump,0.445,16.0,58.7,72.7,51.3,30571,55.0
623,311,Georgia,GA,Grady,Republican,Ted Cruz,0.252,16.0,58.7,72.7,51.3,30571,55.0
624,312,Georgia,GA,Grady,Republican,Marco Rubio,0.17300000000000001,16.0,58.7,72.7,51.3,30571,55.0
625,313,Georgia,GA,Grady,Republican,Ben Carson,0.081,16.0,58.7,72.7,51.3,30571,55.0
626,314,Georgia,GA,Grady,Republican,John Kasich,0.034,16.0,58.7,72.7,51.3,30571,55.0
627,315,Georgia,GA,Greene,Republican,Donald Trump,0.41200000000000003,26.2,56.0,78.7,51.2,42565,41.3
628,316,Georgia,GA,Greene,Republican,Marco Rubio,0.26,26.2,56.0,78.7,51.2,42565,41.3
629,317,Georgia,GA,Greene,Republican,Ted Cruz,0.16899999999999998,26.2,56.0,78.7,51.2,42565,41.3
630,318,Georgia,GA,Greene,Republican,John Kasich,0.096,26.2,56.0,78.7,51.2,42565,41.3
631,319,Georgia,GA,Greene,Republican,Ben Carson,0.048,26.2,56.0,78.7,51.2,42565,41.3
632,320,Georgia,GA,Gwinnett,Republican,Donald Trump,0.325,8.6,40.6,87.0,51.0,60445,1871.2
633,321,Georgia,GA,Gwinnett,Republican,Marco Rubio,0.301,8.6,40.6,87.0,51.0,60445,1871.2
634,322,Georgia,GA,Gwinnett,Republican,Ted Cruz,0.257,8.6,40.6,87.0,51.0,60445,1871.2
635,323,Georgia,GA,Gwinnett,Republican,John Kasich,0.055,8.6,40.6,87.0,51.0,60445,1871.2
636,324,Georgia,GA,Gwinnett,Republican,Ben Carson,0.051,8.6,40.6,87.0,51.0,60445,1871.2
637,325,Georgia,GA,Habersham,Republican,Donald Trump,0.418,17.4,78.7,77.9,52.6,39306,155.5
638,326,Georgia,GA,Habersham,Republican,Ted Cruz,0.266,17.4,78.7,77.9,52.6,39306,155.5
639,327,Georgia,GA,Habersham,Republican,Marco Rubio,0.18899999999999997,17.4,78.7,77.9,52.6,39306,155.5
640,328,Georgia,GA,Habersham,Republican,Ben Carson,0.075,17.4,78.7,77.9,52.6,39306,155.5
641,329,Georgia,GA,Habersham,Republican,John Kasich,0.039,17.4,78.7,77.9,52.6,39306,155.5
642,330,Georgia,GA,Hall,Republican,Donald Trump,0.385,13.6,61.9,78.8,50.1,50853,457.5
643,331,Georgia,GA,Hall,Republican,Ted Cruz,0.278,13.6,61.9,78.8,50.1,50853,457.5
644,332,Georgia,GA,Hall,Republican,Marco Rubio,0.20800000000000002,13.6,61.9,78.8,50.1,50853,457.5
645,333,Georgia,GA,Hall,Republican,Ben Carson,0.07,13.6,61.9,78.8,50.1,50853,457.5
646,334,Georgia,GA,Hall,Republican,John Kasich,0.047,13.6,61.9,78.8,50.1,50853,457.5
647,335,Georgia,GA,Hancock,Republican,Donald Trump,0.5539999999999999,20.0,24.3,75.8,46.0,25000,20.0
648,336,Georgia,GA,Hancock,Republican,Marco Rubio,0.153,20.0,24.3,75.8,46.0,25000,20.0
649,337,Georgia,GA,Hancock,Republican,Ted Cruz,0.14800000000000002,20.0,24.3,75.8,46.0,25000,20.0
650,338,Georgia,GA,Hancock,Republican,Ben Carson,0.07,20.0,24.3,75.8,46.0,25000,20.0
651,339,Georgia,GA,Hancock,Republican,John Kasich,0.046,20.0,24.3,75.8,46.0,25000,20.0
652,340,Georgia,GA,Haralson,Republican,Donald Trump,0.495,16.0,91.1,74.2,51.6,39993,102.0
653,341,Georgia,GA,Haralson,Republican,Ted Cruz,0.255,16.0,91.1,74.2,51.6,39993,102.0
654,342,Georgia,GA,Haralson,Republican,Marco Rubio,0.138,16.0,91.1,74.2,51.6,39993,102.0
655,343,Georgia,GA,Haralson,Republican,Ben Carson,0.077,16.0,91.1,74.2,51.6,39993,102.0
656,344,Georgia,GA,Haralson,Republican,John Kasich,0.022000000000000002,16.0,91.1,74.2,51.6,39993,102.0
657,345,Georgia,GA,Harris,Republican,Donald Trump,0.369,16.7,77.2,89.2,50.2,69223,69.0
658,346,Georgia,GA,Harris,Republican,Ted Cruz,0.282,16.7,77.2,89.2,50.2,69223,69.0
659,347,Georgia,GA,Harris,Republican,Marco Rubio,0.187,16.7,77.2,89.2,50.2,69223,69.0
660,348,Georgia,GA,Harris,Republican,Ben Carson,0.099,16.7,77.2,89.2,50.2,69223,69.0
661,349,Georgia,GA,Harris,Republican,John Kasich,0.05,16.7,77.2,89.2,50.2,69223,69.0
662,350,Georgia,GA,Hart,Republican,Donald Trump,0.442,20.6,75.4,80.3,50.4,35615,108.5
663,351,Georgia,GA,Hart,Republican,Ted Cruz,0.22899999999999998,20.6,75.4,80.3,50.4,35615,108.5
664,352,Georgia,GA,Hart,Republican,Marco Rubio,0.192,20.6,75.4,80.3,50.4,35615,108.5
665,353,Georgia,GA,Hart,Republican,Ben Carson,0.084,20.6,75.4,80.3,50.4,35615,108.5
666,354,Georgia,GA,Hart,Republican,John Kasich,0.040999999999999995,20.6,75.4,80.3,50.4,35615,108.5
667,355,Georgia,GA,Heard,Republican,Donald Trump,0.552,15.7,84.4,72.7,50.1,39909,40.0
668,356,Georgia,GA,Heard,Republican,Ted Cruz,0.214,15.7,84.4,72.7,50.1,39909,40.0
669,357,Georgia,GA,Heard,Republican,Marco Rubio,0.11199999999999999,15.7,84.4,72.7,50.1,39909,40.0
670,358,Georgia,GA,Heard,Republican,Ben Carson,0.057,15.7,84.4,72.7,50.1,39909,40.0
671,359,Georgia,GA,Heard,Republican,John Kasich,0.053,15.7,84.4,72.7,50.1,39909,40.0
672,360,Georgia,GA,Henry,Republican,Donald Trump,0.402,10.4,48.6,89.5,52.2,60781,633.0
673,361,Georgia,GA,Henry,Republican,Ted Cruz,0.29,10.4,48.6,89.5,52.2,60781,633.0
674,362,Georgia,GA,Henry,Republican,Marco Rubio,0.204,10.4,48.6,89.5,52.2,60781,633.0
675,363,Georgia,GA,Henry,Republican,Ben Carson,0.06,10.4,48.6,89.5,52.2,60781,633.0
676,364,Georgia,GA,Henry,Republican,John Kasich,0.03,10.4,48.6,89.5,52.2,60781,633.0
677,365,Georgia,GA,Houston,Republican,Donald Trump,0.37,11.7,58.3,88.8,51.3,54893,372.5
678,366,Georgia,GA,Houston,Republican,Ted Cruz,0.268,11.7,58.3,88.8,51.3,54893,372.5
679,367,Georgia,GA,Houston,Republican,Marco Rubio,0.21600000000000003,11.7,58.3,88.8,51.3,54893,372.5
680,368,Georgia,GA,Houston,Republican,Ben Carson,0.087,11.7,58.3,88.8,51.3,54893,372.5
681,369,Georgia,GA,Houston,Republican,John Kasich,0.045,11.7,58.3,88.8,51.3,54893,372.5
682,370,Georgia,GA,Irwin,Republican,Donald Trump,0.574,18.2,68.4,81.1,49.2,40771,26.9
683,371,Georgia,GA,Irwin,Republican,Ted Cruz,0.195,18.2,68.4,81.1,49.2,40771,26.9
684,372,Georgia,GA,Irwin,Republican,Marco Rubio,0.102,18.2,68.4,81.1,49.2,40771,26.9
685,373,Georgia,GA,Irwin,Republican,Ben Carson,0.098,18.2,68.4,81.1,49.2,40771,26.9
686,374,Georgia,GA,Irwin,Republican,John Kasich,0.024,18.2,68.4,81.1,49.2,40771,26.9
687,375,Georgia,GA,Jackson,Republican,Donald Trump,0.429,13.5,82.7,81.1,50.4,53179,178.1
688,376,Georgia,GA,Jackson,Republican,Ted Cruz,0.278,13.5,82.7,81.1,50.4,53179,178.1
689,377,Georgia,GA,Jackson,Republican,Marco Rubio,0.188,13.5,82.7,81.1,50.4,53179,178.1
690,378,Georgia,GA,Jackson,Republican,Ben Carson,0.065,13.5,82.7,81.1,50.4,53179,178.1
691,379,Georgia,GA,Jackson,Republican,John Kasich,0.032,13.5,82.7,81.1,50.4,53179,178.1
692,380,Georgia,GA,Jasper,Republican,Donald Trump,0.484,15.5,72.5,83.6,51.3,42192,37.8
693,381,Georgia,GA,Jasper,Republican,Ted Cruz,0.282,15.5,72.5,83.6,51.3,42192,37.8
694,382,Georgia,GA,Jasper,Republican,Marco Rubio,0.149,15.5,72.5,83.6,51.3,42192,37.8
695,383,Georgia,GA,Jasper,Republican,Ben Carson,0.046,15.5,72.5,83.6,51.3,42192,37.8
696,384,Georgia,GA,Jasper,Republican,John Kasich,0.027000000000000003,15.5,72.5,83.6,51.3,42192,37.8
697,385,Georgia,GA,Jefferson,Republican,Donald Trump,0.478,17.0,41.9,73.8,51.4,26968,32.2
698,386,Georgia,GA,Jefferson,Republican,Ted Cruz,0.282,17.0,41.9,73.8,51.4,26968,32.2
699,387,Georgia,GA,Jefferson,Republican,Marco Rubio,0.151,17.0,41.9,73.8,51.4,26968,32.2
700,388,Georgia,GA,Jefferson,Republican,Ben Carson,0.053,17.0,41.9,73.8,51.4,26968,32.2
701,389,Georgia,GA,Jefferson,Republican,John Kasich,0.023,17.0,41.9,73.8,51.4,26968,32.2
702,390,Georgia,GA,Jenkins,Republican,Donald Trump,0.518,15.3,51.2,72.6,46.8,26104,24.0
703,391,Georgia,GA,Jenkins,Republican,Ted Cruz,0.22699999999999998,15.3,51.2,72.6,46.8,26104,24.0
704,392,Georgia,GA,Jenkins,Republican,Marco Rubio,0.163,15.3,51.2,72.6,46.8,26104,24.0
705,393,Georgia,GA,Jenkins,Republican,Ben Carson,0.048,15.3,51.2,72.6,46.8,26104,24.0
706,394,Georgia,GA,Jenkins,Republican,John Kasich,0.025,15.3,51.2,72.6,46.8,26104,24.0
707,395,Georgia,GA,Johnson,Republican,Donald Trump,0.536,15.5,61.8,75.8,43.5,36722,32.9
708,396,Georgia,GA,Johnson,Republican,Ted Cruz,0.21100000000000002,15.5,61.8,75.8,43.5,36722,32.9
709,397,Georgia,GA,Johnson,Republican,Marco Rubio,0.138,15.5,61.8,75.8,43.5,36722,32.9
710,398,Georgia,GA,Johnson,Republican,Ben Carson,0.087,15.5,61.8,75.8,43.5,36722,32.9
711,399,Georgia,GA,Johnson,Republican,John Kasich,0.019,15.5,61.8,75.8,43.5,36722,32.9
712,400,Georgia,GA,Jones,Republican,Donald Trump,0.49,15.4,71.9,88.7,51.6,51497,72.8
713,401,Georgia,GA,Jones,Republican,Ted Cruz,0.21600000000000003,15.4,71.9,88.7,51.6,51497,72.8
714,402,Georgia,GA,Jones,Republican,Marco Rubio,0.156,15.4,71.9,88.7,51.6,51497,72.8
715,403,Georgia,GA,Jones,Republican,Ben Carson,0.091,15.4,71.9,88.7,51.6,51497,72.8
716,404,Georgia,GA,Jones,Republican,John Kasich,0.03,15.4,71.9,88.7,51.6,51497,72.8
717,405,Georgia,GA,Lamar,Republican,Donald Trump,0.455,16.0,64.1,81.9,52.3,41016,99.8
718,406,Georgia,GA,Lamar,Republican,Ted Cruz,0.23600000000000002,16.0,64.1,81.9,52.3,41016,99.8
719,407,Georgia,GA,Lamar,Republican,Marco Rubio,0.146,16.0,64.1,81.9,52.3,41016,99.8
720,408,Georgia,GA,Lamar,Republican,Ben Carson,0.114,16.0,64.1,81.9,52.3,41016,99.8
721,409,Georgia,GA,Lamar,Republican,John Kasich,0.032,16.0,64.1,81.9,52.3,41016,99.8
722,410,Georgia,GA,Lanier,Republican,Donald Trump,0.569,12.1,68.0,76.4,49.6,39452,54.4
723,411,Georgia,GA,Lanier,Republican,Ted Cruz,0.218,12.1,68.0,76.4,49.6,39452,54.4
724,412,Georgia,GA,Lanier,Republican,Marco Rubio,0.12300000000000001,12.1,68.0,76.4,49.6,39452,54.4
725,413,Georgia,GA,Lanier,Republican,Ben Carson,0.055999999999999994,12.1,68.0,76.4,49.6,39452,54.4
726,414,Georgia,GA,Lanier,Republican,John Kasich,0.027000000000000003,12.1,68.0,76.4,49.6,39452,54.4
727,415,Georgia,GA,Laurens,Republican,Donald Trump,0.444,16.2,59.3,79.8,52.4,34793,60.0
728,416,Georgia,GA,Laurens,Republican,Ted Cruz,0.22399999999999998,16.2,59.3,79.8,52.4,34793,60.0
729,417,Georgia,GA,Laurens,Republican,Marco Rubio,0.184,16.2,59.3,79.8,52.4,34793,60.0
730,418,Georgia,GA,Laurens,Republican,Ben Carson,0.10099999999999999,16.2,59.3,79.8,52.4,34793,60.0
731,419,Georgia,GA,Laurens,Republican,John Kasich,0.033,16.2,59.3,79.8,52.4,34793,60.0
732,420,Georgia,GA,Lee,Republican,Donald Trump,0.513,10.7,72.9,83.9,49.8,60104,79.5
733,421,Georgia,GA,Lee,Republican,Ted Cruz,0.239,10.7,72.9,83.9,49.8,60104,79.5
734,422,Georgia,GA,Lee,Republican,Marco Rubio,0.139,10.7,72.9,83.9,49.8,60104,79.5
735,423,Georgia,GA,Lee,Republican,Ben Carson,0.065,10.7,72.9,83.9,49.8,60104,79.5
736,424,Georgia,GA,Lee,Republican,John Kasich,0.031,10.7,72.9,83.9,49.8,60104,79.5
737,425,Georgia,GA,Liberty,Republican,Donald Trump,0.45799999999999996,7.5,42.2,90.9,48.8,43832,129.5
738,426,Georgia,GA,Liberty,Republican,Ted Cruz,0.222,7.5,42.2,90.9,48.8,43832,129.5
739,427,Georgia,GA,Liberty,Republican,Marco Rubio,0.19399999999999998,7.5,42.2,90.9,48.8,43832,129.5
740,428,Georgia,GA,Liberty,Republican,Ben Carson,0.066,7.5,42.2,90.9,48.8,43832,129.5
741,429,Georgia,GA,Liberty,Republican,John Kasich,0.044000000000000004,7.5,42.2,90.9,48.8,43832,129.5
742,430,Georgia,GA,Lincoln,Republican,Donald Trump,0.442,20.7,65.6,82.1,50.7,35625,38.0
743,431,Georgia,GA,Lincoln,Republican,Ted Cruz,0.307,20.7,65.6,82.1,50.7,35625,38.0
744,432,Georgia,GA,Lincoln,Republican,Marco Rubio,0.157,20.7,65.6,82.1,50.7,35625,38.0
745,433,Georgia,GA,Lincoln,Republican,Ben Carson,0.07,20.7,65.6,82.1,50.7,35625,38.0
746,434,Georgia,GA,Lincoln,Republican,John Kasich,0.013000000000000001,20.7,65.6,82.1,50.7,35625,38.0
747,435,Georgia,GA,Long,Republican,Donald Trump,0.5529999999999999,7.7,59.1,85.0,49.7,42651,36.1
748,436,Georgia,GA,Long,Republican,Ted Cruz,0.217,7.7,59.1,85.0,49.7,42651,36.1
749,437,Georgia,GA,Long,Republican,Marco Rubio,0.124,7.7,59.1,85.0,49.7,42651,36.1
750,438,Georgia,GA,Long,Republican,Ben Carson,0.069,7.7,59.1,85.0,49.7,42651,36.1
751,439,Georgia,GA,Long,Republican,John Kasich,0.017,7.7,59.1,85.0,49.7,42651,36.1
752,440,Georgia,GA,Lowndes,Republican,Donald Trump,0.442,11.0,54.9,84.0,51.1,37365,220.2
753,441,Georgia,GA,Lowndes,Republican,Ted Cruz,0.266,11.0,54.9,84.0,51.1,37365,220.2
754,442,Georgia,GA,Lowndes,Republican,Marco Rubio,0.168,11.0,54.9,84.0,51.1,37365,220.2
755,443,Georgia,GA,Lowndes,Republican,Ben Carson,0.08,11.0,54.9,84.0,51.1,37365,220.2
756,444,Georgia,GA,Lowndes,Republican,John Kasich,0.033,11.0,54.9,84.0,51.1,37365,220.2
757,445,Georgia,GA,Lumpkin,Republican,Donald Trump,0.41600000000000004,15.7,90.5,85.0,50.2,43775,105.9
758,446,Georgia,GA,Lumpkin,Republican,Ted Cruz,0.27899999999999997,15.7,90.5,85.0,50.2,43775,105.9
759,447,Georgia,GA,Lumpkin,Republican,Marco Rubio,0.174,15.7,90.5,85.0,50.2,43775,105.9
760,448,Georgia,GA,Lumpkin,Republican,Ben Carson,0.069,15.7,90.5,85.0,50.2,43775,105.9
761,449,Georgia,GA,Lumpkin,Republican,John Kasich,0.051,15.7,90.5,85.0,50.2,43775,105.9
762,450,Georgia,GA,Macon,Republican,Donald Trump,0.504,14.9,34.0,70.5,45.9,30240,36.8
763,451,Georgia,GA,Macon,Republican,Ted Cruz,0.19699999999999998,14.9,34.0,70.5,45.9,30240,36.8
764,452,Georgia,GA,Macon,Republican,Marco Rubio,0.16399999999999998,14.9,34.0,70.5,45.9,30240,36.8
765,453,Georgia,GA,Macon,Republican,Ben Carson,0.083,14.9,34.0,70.5,45.9,30240,36.8
766,454,Georgia,GA,Macon,Republican,John Kasich,0.034,14.9,34.0,70.5,45.9,30240,36.8
767,455,Georgia,GA,Madison,Republican,Donald Trump,0.445,15.6,83.6,78.7,50.7,42549,99.6
768,456,Georgia,GA,Madison,Republican,Ted Cruz,0.28600000000000003,15.6,83.6,78.7,50.7,42549,99.6
769,457,Georgia,GA,Madison,Republican,Marco Rubio,0.154,15.6,83.6,78.7,50.7,42549,99.6
770,458,Georgia,GA,Madison,Republican,Ben Carson,0.07200000000000001,15.6,83.6,78.7,50.7,42549,99.6
771,459,Georgia,GA,Madison,Republican,John Kasich,0.027000000000000003,15.6,83.6,78.7,50.7,42549,99.6
772,460,Georgia,GA,Marion,Republican,Donald Trump,0.536,17.0,59.3,75.1,50.1,33301,23.9
773,461,Georgia,GA,Marion,Republican,Ted Cruz,0.259,17.0,59.3,75.1,50.1,33301,23.9
774,462,Georgia,GA,Marion,Republican,Marco Rubio,0.10800000000000001,17.0,59.3,75.1,50.1,33301,23.9
775,463,Georgia,GA,Marion,Republican,Ben Carson,0.062,17.0,59.3,75.1,50.1,33301,23.9
776,464,Georgia,GA,Marion,Republican,John Kasich,0.017,17.0,59.3,75.1,50.1,33301,23.9
777,465,Georgia,GA,McDuffie,Republican,Donald Trump,0.40700000000000003,15.9,54.7,74.6,53.1,37487,85.0
778,466,Georgia,GA,McDuffie,Republican,Ted Cruz,0.33,15.9,54.7,74.6,53.1,37487,85.0
779,467,Georgia,GA,McDuffie,Republican,Marco Rubio,0.159,15.9,54.7,74.6,53.1,37487,85.0
780,468,Georgia,GA,McDuffie,Republican,Ben Carson,0.064,15.9,54.7,74.6,53.1,37487,85.0
781,469,Georgia,GA,McDuffie,Republican,John Kasich,0.027999999999999997,15.9,54.7,74.6,53.1,37487,85.0
782,470,Georgia,GA,McIntosh,Republican,Donald Trump,0.54,21.7,61.4,80.5,50.8,39068,33.8
783,471,Georgia,GA,McIntosh,Republican,Ted Cruz,0.187,21.7,61.4,80.5,50.8,39068,33.8
784,472,Georgia,GA,McIntosh,Republican,Marco Rubio,0.15,21.7,61.4,80.5,50.8,39068,33.8
785,473,Georgia,GA,McIntosh,Republican,Ben Carson,0.053,21.7,61.4,80.5,50.8,39068,33.8
786,474,Georgia,GA,McIntosh,Republican,John Kasich,0.048,21.7,61.4,80.5,50.8,39068,33.8
787,475,Georgia,GA,Meriwether,Republican,Donald Trump,0.48100000000000004,18.6,56.5,73.0,52.0,37333,43.9
788,476,Georgia,GA,Meriwether,Republican,Ted Cruz,0.23800000000000002,18.6,56.5,73.0,52.0,37333,43.9
789,477,Georgia,GA,Meriwether,Republican,Marco Rubio,0.165,18.6,56.5,73.0,52.0,37333,43.9
790,478,Georgia,GA,Meriwether,Republican,Ben Carson,0.075,18.6,56.5,73.0,52.0,37333,43.9
791,479,Georgia,GA,Meriwether,Republican,John Kasich,0.035,18.6,56.5,73.0,52.0,37333,43.9
792,480,Georgia,GA,Miller,Republican,Donald Trump,0.603,19.6,68.2,79.9,51.6,32260,21.7
793,481,Georgia,GA,Miller,Republican,Ted Cruz,0.165,19.6,68.2,79.9,51.6,32260,21.7
794,482,Georgia,GA,Miller,Republican,Marco Rubio,0.151,19.6,68.2,79.9,51.6,32260,21.7
795,483,Georgia,GA,Miller,Republican,Ben Carson,0.046,19.6,68.2,79.9,51.6,32260,21.7
796,484,Georgia,GA,Miller,Republican,John Kasich,0.016,19.6,68.2,79.9,51.6,32260,21.7
797,485,Georgia,GA,Mitchell,Republican,Donald Trump,0.547,14.9,46.3,72.3,47.7,32054,45.9
798,486,Georgia,GA,Mitchell,Republican,Ted Cruz,0.19399999999999998,14.9,46.3,72.3,47.7,32054,45.9
799,487,Georgia,GA,Mitchell,Republican,Marco Rubio,0.131,14.9,46.3,72.3,47.7,32054,45.9
800,488,Georgia,GA,Mitchell,Republican,Ben Carson,0.071,14.9,46.3,72.3,47.7,32054,45.9
801,489,Georgia,GA,Mitchell,Republican,John Kasich,0.039,14.9,46.3,72.3,47.7,32054,45.9
802,490,Georgia,GA,Monroe,Republican,Donald Trump,0.409,16.8,72.0,79.5,49.6,48630,66.8
803,491,Georgia,GA,Monroe,Republican,Ted Cruz,0.263,16.8,72.0,79.5,49.6,48630,66.8
804,492,Georgia,GA,Monroe,Republican,Marco Rubio,0.183,16.8,72.0,79.5,49.6,48630,66.8
805,493,Georgia,GA,Monroe,Republican,Ben Carson,0.087,16.8,72.0,79.5,49.6,48630,66.8
806,494,Georgia,GA,Monroe,Republican,John Kasich,0.048,16.8,72.0,79.5,49.6,48630,66.8
807,495,Georgia,GA,Montgomery,Republican,Donald Trump,0.489,15.5,66.5,82.3,48.3,32702,38.1
808,496,Georgia,GA,Montgomery,Republican,Ted Cruz,0.235,15.5,66.5,82.3,48.3,32702,38.1
809,497,Georgia,GA,Montgomery,Republican,Marco Rubio,0.13699999999999998,15.5,66.5,82.3,48.3,32702,38.1
810,498,Georgia,GA,Montgomery,Republican,Ben Carson,0.102,15.5,66.5,82.3,48.3,32702,38.1
811,499,Georgia,GA,Montgomery,Republican,John Kasich,0.024,15.5,66.5,82.3,48.3,32702,38.1
812,500,Georgia,GA,Morgan,Republican,Donald Trump,0.39899999999999997,18.2,71.7,81.7,51.5,47729,51.4
813,501,Georgia,GA,Morgan,Republican,Ted Cruz,0.27699999999999997,18.2,71.7,81.7,51.5,47729,51.4
814,502,Georgia,GA,Morgan,Republican,Marco Rubio,0.21,18.2,71.7,81.7,51.5,47729,51.4
815,503,Georgia,GA,Morgan,Republican,Ben Carson,0.057,18.2,71.7,81.7,51.5,47729,51.4
816,504,Georgia,GA,Morgan,Republican,John Kasich,0.044000000000000004,18.2,71.7,81.7,51.5,47729,51.4
817,505,Georgia,GA,Murray,Republican,Donald Trump,0.5720000000000001,13.3,83.3,69.3,50.3,34888,115.0
818,506,Georgia,GA,Murray,Republican,Ted Cruz,0.191,13.3,83.3,69.3,50.3,34888,115.0
819,507,Georgia,GA,Murray,Republican,Marco Rubio,0.125,13.3,83.3,69.3,50.3,34888,115.0
820,508,Georgia,GA,Murray,Republican,Ben Carson,0.076,13.3,83.3,69.3,50.3,34888,115.0
821,509,Georgia,GA,Murray,Republican,John Kasich,0.022000000000000002,13.3,83.3,69.3,50.3,34888,115.0
822,510,Georgia,GA,Muscogee,Republican,Donald Trump,0.344,12.0,42.4,85.4,50.8,41339,877.5
823,511,Georgia,GA,Muscogee,Republican,Ted Cruz,0.27,12.0,42.4,85.4,50.8,41339,877.5
824,512,Georgia,GA,Muscogee,Republican,Marco Rubio,0.221,12.0,42.4,85.4,50.8,41339,877.5
825,513,Georgia,GA,Muscogee,Republican,Ben Carson,0.076,12.0,42.4,85.4,50.8,41339,877.5
826,514,Georgia,GA,Muscogee,Republican,John Kasich,0.07200000000000001,12.0,42.4,85.4,50.8,41339,877.5
827,515,Georgia,GA,Newton,Republican,Donald Trump,0.44,11.9,50.0,84.5,52.3,50580,367.3
828,516,Georgia,GA,Newton,Republican,Ted Cruz,0.273,11.9,50.0,84.5,52.3,50580,367.3
829,517,Georgia,GA,Newton,Republican,Marco Rubio,0.19,11.9,50.0,84.5,52.3,50580,367.3
830,518,Georgia,GA,Newton,Republican,Ben Carson,0.057999999999999996,11.9,50.0,84.5,52.3,50580,367.3
831,519,Georgia,GA,Newton,Republican,John Kasich,0.027999999999999997,11.9,50.0,84.5,52.3,50580,367.3
832,520,Georgia,GA,Oconee,Republican,Donald Trump,0.314,13.5,84.9,91.3,51.1,75004,178.0
833,521,Georgia,GA,Oconee,Republican,Marco Rubio,0.282,13.5,84.9,91.3,51.1,75004,178.0
834,522,Georgia,GA,Oconee,Republican,Ted Cruz,0.257,13.5,84.9,91.3,51.1,75004,178.0
835,523,Georgia,GA,Oconee,Republican,John Kasich,0.073,13.5,84.9,91.3,51.1,75004,178.0
836,524,Georgia,GA,Oconee,Republican,Ben Carson,0.063,13.5,84.9,91.3,51.1,75004,178.0
837,525,Georgia,GA,Oglethorpe,Republican,Donald Trump,0.439,18.0,76.1,79.0,50.7,45729,33.9
838,526,Georgia,GA,Oglethorpe,Republican,Ted Cruz,0.273,18.0,76.1,79.0,50.7,45729,33.9
839,527,Georgia,GA,Oglethorpe,Republican,Marco Rubio,0.157,18.0,76.1,79.0,50.7,45729,33.9
840,528,Georgia,GA,Oglethorpe,Republican,Ben Carson,0.07,18.0,76.1,79.0,50.7,45729,33.9
841,529,Georgia,GA,Oglethorpe,Republican,John Kasich,0.040999999999999995,18.0,76.1,79.0,50.7,45729,33.9
842,530,Georgia,GA,Paulding,Republican,Donald Trump,0.414,9.5,73.8,88.5,51.2,61837,455.8
843,531,Georgia,GA,Paulding,Republican,Ted Cruz,0.281,9.5,73.8,88.5,51.2,61837,455.8
844,532,Georgia,GA,Paulding,Republican,Marco Rubio,0.209,9.5,73.8,88.5,51.2,61837,455.8
845,533,Georgia,GA,Paulding,Republican,Ben Carson,0.057,9.5,73.8,88.5,51.2,61837,455.8
846,534,Georgia,GA,Paulding,Republican,John Kasich,0.027000000000000003,9.5,73.8,88.5,51.2,61837,455.8
847,535,Georgia,GA,Peach,Republican,Donald Trump,0.434,13.3,45.3,82.7,51.7,39844,184.3
848,536,Georgia,GA,Peach,Republican,Ted Cruz,0.26,13.3,45.3,82.7,51.7,39844,184.3
849,537,Georgia,GA,Peach,Republican,Marco Rubio,0.16899999999999998,13.3,45.3,82.7,51.7,39844,184.3
850,538,Georgia,GA,Peach,Republican,Ben Carson,0.085,13.3,45.3,82.7,51.7,39844,184.3
851,539,Georgia,GA,Peach,Republican,John Kasich,0.040999999999999995,13.3,45.3,82.7,51.7,39844,184.3
852,540,Georgia,GA,Pickens,Republican,Donald Trump,0.48100000000000004,20.3,93.1,80.8,50.7,51383,126.8
853,541,Georgia,GA,Pickens,Republican,Ted Cruz,0.225,20.3,93.1,80.8,50.7,51383,126.8
854,542,Georgia,GA,Pickens,Republican,Marco Rubio,0.19,20.3,93.1,80.8,50.7,51383,126.8
855,543,Georgia,GA,Pickens,Republican,Ben Carson,0.049,20.3,93.1,80.8,50.7,51383,126.8
856,544,Georgia,GA,Pickens,Republican,John Kasich,0.044000000000000004,20.3,93.1,80.8,50.7,51383,126.8
857,545,Georgia,GA,Pierce,Republican,Donald Trump,0.40399999999999997,15.6,83.5,77.6,50.4,39067,59.3
858,546,Georgia,GA,Pierce,Republican,Ted Cruz,0.312,15.6,83.5,77.6,50.4,39067,59.3
859,547,Georgia,GA,Pierce,Republican,Marco Rubio,0.179,15.6,83.5,77.6,50.4,39067,59.3
860,548,Georgia,GA,Pierce,Republican,Ben Carson,0.067,15.6,83.5,77.6,50.4,39067,59.3
861,549,Georgia,GA,Pierce,Republican,John Kasich,0.021,15.6,83.5,77.6,50.4,39067,59.3
862,550,Georgia,GA,Pike,Republican,Donald Trump,0.43799999999999994,14.6,86.0,85.1,50.5,53865,82.7
863,551,Georgia,GA,Pike,Republican,Ted Cruz,0.271,14.6,86.0,85.1,50.5,53865,82.7
864,552,Georgia,GA,Pike,Republican,Marco Rubio,0.154,14.6,86.0,85.1,50.5,53865,82.7
865,553,Georgia,GA,Pike,Republican,Ben Carson,0.102,14.6,86.0,85.1,50.5,53865,82.7
866,554,Georgia,GA,Pike,Republican,John Kasich,0.023,14.6,86.0,85.1,50.5,53865,82.7
867,555,Georgia,GA,Polk,Republican,Donald Trump,0.556,14.9,72.1,72.7,50.9,39208,133.6
868,556,Georgia,GA,Polk,Republican,Ted Cruz,0.18,14.9,72.1,72.7,50.9,39208,133.6
869,557,Georgia,GA,Polk,Republican,Marco Rubio,0.156,14.9,72.1,72.7,50.9,39208,133.6
870,558,Georgia,GA,Polk,Republican,Ben Carson,0.065,14.9,72.1,72.7,50.9,39208,133.6
871,559,Georgia,GA,Polk,Republican,John Kasich,0.028999999999999998,14.9,72.1,72.7,50.9,39208,133.6
872,560,Georgia,GA,Pulaski,Republican,Donald Trump,0.504,18.9,62.7,77.5,56.8,41550,48.2
873,561,Georgia,GA,Pulaski,Republican,Marco Rubio,0.196,18.9,62.7,77.5,56.8,41550,48.2
874,562,Georgia,GA,Pulaski,Republican,Ted Cruz,0.177,18.9,62.7,77.5,56.8,41550,48.2
875,563,Georgia,GA,Pulaski,Republican,Ben Carson,0.068,18.9,62.7,77.5,56.8,41550,48.2
876,564,Georgia,GA,Pulaski,Republican,John Kasich,0.035,18.9,62.7,77.5,56.8,41550,48.2
877,565,Georgia,GA,Putnam,Republican,Donald Trump,0.49200000000000005,21.5,65.0,84.5,51.5,44764,61.6
878,566,Georgia,GA,Putnam,Republican,Marco Rubio,0.21,21.5,65.0,84.5,51.5,44764,61.6
879,567,Georgia,GA,Putnam,Republican,Ted Cruz,0.185,21.5,65.0,84.5,51.5,44764,61.6
880,568,Georgia,GA,Putnam,Republican,Ben Carson,0.061,21.5,65.0,84.5,51.5,44764,61.6
881,569,Georgia,GA,Putnam,Republican,John Kasich,0.04,21.5,65.0,84.5,51.5,44764,61.6
882,570,Georgia,GA,Quitman,Republican,Donald Trump,0.5720000000000001,27.7,50.4,72.3,50.6,31068,16.6
883,571,Georgia,GA,Quitman,Republican,Marco Rubio,0.14800000000000002,27.7,50.4,72.3,50.6,31068,16.6
884,572,Georgia,GA,Quitman,Republican,Ted Cruz,0.135,27.7,50.4,72.3,50.6,31068,16.6
885,573,Georgia,GA,Quitman,Republican,Ben Carson,0.079,27.7,50.4,72.3,50.6,31068,16.6
886,574,Georgia,GA,Quitman,Republican,John Kasich,0.039,27.7,50.4,72.3,50.6,31068,16.6
887,575,Georgia,GA,Rabun,Republican,Donald Trump,0.45899999999999996,25.5,87.7,85.2,50.6,35423,44.0
888,576,Georgia,GA,Rabun,Republican,Marco Rubio,0.204,25.5,87.7,85.2,50.6,35423,44.0
889,577,Georgia,GA,Rabun,Republican,Ted Cruz,0.19,25.5,87.7,85.2,50.6,35423,44.0
890,578,Georgia,GA,Rabun,Republican,Ben Carson,0.073,25.5,87.7,85.2,50.6,35423,44.0
891,579,Georgia,GA,Rabun,Republican,John Kasich,0.055999999999999994,25.5,87.7,85.2,50.6,35423,44.0
892,580,Georgia,GA,Randolph,Republican,Donald Trump,0.5870000000000001,20.9,36.3,72.3,53.4,30023,18.0
893,581,Georgia,GA,Randolph,Republican,Ted Cruz,0.177,20.9,36.3,72.3,53.4,30023,18.0
894,582,Georgia,GA,Randolph,Republican,Marco Rubio,0.113,20.9,36.3,72.3,53.4,30023,18.0
895,583,Georgia,GA,Randolph,Republican,Ben Carson,0.071,20.9,36.3,72.3,53.4,30023,18.0
896,584,Georgia,GA,Randolph,Republican,John Kasich,0.023,20.9,36.3,72.3,53.4,30023,18.0
897,585,Georgia,GA,Richmond,Republican,Donald Trump,0.368,12.6,36.4,83.7,51.6,37749,618.4
898,586,Georgia,GA,Richmond,Republican,Ted Cruz,0.285,12.6,36.4,83.7,51.6,37749,618.4
899,587,Georgia,GA,Richmond,Republican,Marco Rubio,0.217,12.6,36.4,83.7,51.6,37749,618.4
900,588,Georgia,GA,Richmond,Republican,Ben Carson,0.075,12.6,36.4,83.7,51.6,37749,618.4
901,589,Georgia,GA,Richmond,Republican,John Kasich,0.043,12.6,36.4,83.7,51.6,37749,618.4
902,590,Georgia,GA,Rockdale,Republican,Donald Trump,0.41,12.8,36.4,86.2,52.7,52579,656.5
903,591,Georgia,GA,Rockdale,Republican,Ted Cruz,0.253,12.8,36.4,86.2,52.7,52579,656.5
904,592,Georgia,GA,Rockdale,Republican,Marco Rubio,0.23199999999999998,12.8,36.4,86.2,52.7,52579,656.5
905,593,Georgia,GA,Rockdale,Republican,Ben Carson,0.053,12.8,36.4,86.2,52.7,52579,656.5
906,594,Georgia,GA,Rockdale,Republican,John Kasich,0.039,12.8,36.4,86.2,52.7,52579,656.5
907,595,Georgia,GA,Schley,Republican,Donald Trump,0.428,14.7,73.0,73.0,52.6,38425,30.0
908,596,Georgia,GA,Schley,Republican,Ted Cruz,0.28800000000000003,14.7,73.0,73.0,52.6,38425,30.0
909,597,Georgia,GA,Schley,Republican,Marco Rubio,0.142,14.7,73.0,73.0,52.6,38425,30.0
910,598,Georgia,GA,Schley,Republican,Ben Carson,0.096,14.7,73.0,73.0,52.6,38425,30.0
911,599,Georgia,GA,Schley,Republican,John Kasich,0.03,14.7,73.0,73.0,52.6,38425,30.0
912,600,Georgia,GA,Screven,Republican,Donald Trump,0.45799999999999996,16.8,55.1,78.9,51.2,34848,22.6
913,601,Georgia,GA,Screven,Republican,Ted Cruz,0.217,16.8,55.1,78.9,51.2,34848,22.6
914,602,Georgia,GA,Screven,Republican,Marco Rubio,0.187,16.8,55.1,78.9,51.2,34848,22.6
915,603,Georgia,GA,Screven,Republican,Ben Carson,0.08199999999999999,16.8,55.1,78.9,51.2,34848,22.6
916,604,Georgia,GA,Screven,Republican,John Kasich,0.040999999999999995,16.8,55.1,78.9,51.2,34848,22.6
917,605,Georgia,GA,Seminole,Republican,Donald Trump,0.5379999999999999,21.8,62.3,81.2,52.0,30521,37.1
918,606,Georgia,GA,Seminole,Republican,Ted Cruz,0.188,21.8,62.3,81.2,52.0,30521,37.1
919,607,Georgia,GA,Seminole,Republican,Marco Rubio,0.17600000000000002,21.8,62.3,81.2,52.0,30521,37.1
920,608,Georgia,GA,Seminole,Republican,Ben Carson,0.055999999999999994,21.8,62.3,81.2,52.0,30521,37.1
921,609,Georgia,GA,Seminole,Republican,John Kasich,0.026000000000000002,21.8,62.3,81.2,52.0,30521,37.1
922,610,Georgia,GA,Spalding,Republican,Donald Trump,0.42700000000000005,16.1,60.0,76.6,51.7,41534,326.1
923,611,Georgia,GA,Spalding,Republican,Ted Cruz,0.245,16.1,60.0,76.6,51.7,41534,326.1
924,612,Georgia,GA,Spalding,Republican,Marco Rubio,0.19399999999999998,16.1,60.0,76.6,51.7,41534,326.1
925,613,Georgia,GA,Spalding,Republican,Ben Carson,0.078,16.1,60.0,76.6,51.7,41534,326.1
926,614,Georgia,GA,Spalding,Republican,John Kasich,0.042,16.1,60.0,76.6,51.7,41534,326.1
927,615,Georgia,GA,Stephens,Republican,Donald Trump,0.415,18.3,82.7,80.4,51.8,37898,146.1
928,616,Georgia,GA,Stephens,Republican,Marco Rubio,0.221,18.3,82.7,80.4,51.8,37898,146.1
929,617,Georgia,GA,Stephens,Republican,Ted Cruz,0.212,18.3,82.7,80.4,51.8,37898,146.1
930,618,Georgia,GA,Stephens,Republican,Ben Carson,0.08900000000000001,18.3,82.7,80.4,51.8,37898,146.1
931,619,Georgia,GA,Stephens,Republican,John Kasich,0.038,18.3,82.7,80.4,51.8,37898,146.1
932,620,Georgia,GA,Stewart,Republican,Donald Trump,0.5589999999999999,15.3,27.6,63.1,38.9,23451,13.2
933,621,Georgia,GA,Stewart,Republican,Ted Cruz,0.223,15.3,27.6,63.1,38.9,23451,13.2
934,622,Georgia,GA,Stewart,Republican,Marco Rubio,0.09699999999999999,15.3,27.6,63.1,38.9,23451,13.2
935,623,Georgia,GA,Stewart,Republican,Ben Carson,0.057999999999999996,15.3,27.6,63.1,38.9,23451,13.2
936,624,Georgia,GA,Stewart,Republican,John Kasich,0.037000000000000005,15.3,27.6,63.1,38.9,23451,13.2
937,625,Georgia,GA,Sumter,Republican,Donald Trump,0.45899999999999996,14.8,40.0,76.2,52.6,33796,68.0
938,626,Georgia,GA,Sumter,Republican,Ted Cruz,0.22899999999999998,14.8,40.0,76.2,52.6,33796,68.0
939,627,Georgia,GA,Sumter,Republican,Marco Rubio,0.182,14.8,40.0,76.2,52.6,33796,68.0
940,628,Georgia,GA,Sumter,Republican,Ben Carson,0.078,14.8,40.0,76.2,52.6,33796,68.0
941,629,Georgia,GA,Sumter,Republican,John Kasich,0.038,14.8,40.0,76.2,52.6,33796,68.0
942,630,Georgia,GA,Talbot,Republican,Donald Trump,0.535,19.1,40.1,76.7,52.3,32424,17.5
943,631,Georgia,GA,Talbot,Republican,Ted Cruz,0.235,19.1,40.1,76.7,52.3,32424,17.5
944,632,Georgia,GA,Talbot,Republican,Marco Rubio,0.106,19.1,40.1,76.7,52.3,32424,17.5
945,633,Georgia,GA,Talbot,Republican,Ben Carson,0.078,19.1,40.1,76.7,52.3,32424,17.5
946,634,Georgia,GA,Talbot,Republican,John Kasich,0.035,19.1,40.1,76.7,52.3,32424,17.5
947,635,Georgia,GA,Taliaferro,Republican,Donald Trump,0.518,22.4,37.5,68.3,51.1,25465,8.8
948,636,Georgia,GA,Taliaferro,Republican,Ted Cruz,0.244,22.4,37.5,68.3,51.1,25465,8.8
949,637,Georgia,GA,Taliaferro,Republican,Marco Rubio,0.122,22.4,37.5,68.3,51.1,25465,8.8
950,638,Georgia,GA,Taliaferro,Republican,John Kasich,0.051,22.4,37.5,68.3,51.1,25465,8.8
951,639,Georgia,GA,Taliaferro,Republican,Ben Carson,0.040999999999999995,22.4,37.5,68.3,51.1,25465,8.8
952,640,Georgia,GA,Tattnall,Republican,Donald Trump,0.426,12.5,58.8,75.1,42.3,37587,53.2
953,641,Georgia,GA,Tattnall,Republican,Ted Cruz,0.284,12.5,58.8,75.1,42.3,37587,53.2
954,642,Georgia,GA,Tattnall,Republican,Marco Rubio,0.179,12.5,58.8,75.1,42.3,37587,53.2
955,643,Georgia,GA,Tattnall,Republican,Ben Carson,0.065,12.5,58.8,75.1,42.3,37587,53.2
956,644,Georgia,GA,Tattnall,Republican,John Kasich,0.033,12.5,58.8,75.1,42.3,37587,53.2
957,645,Georgia,GA,Taylor,Republican,Donald Trump,0.517,18.2,58.4,76.4,52.5,27455,23.6
958,646,Georgia,GA,Taylor,Republican,Ted Cruz,0.192,18.2,58.4,76.4,52.5,27455,23.6
959,647,Georgia,GA,Taylor,Republican,Marco Rubio,0.133,18.2,58.4,76.4,52.5,27455,23.6
960,648,Georgia,GA,Taylor,Republican,Ben Carson,0.11599999999999999,18.2,58.4,76.4,52.5,27455,23.6
961,649,Georgia,GA,Taylor,Republican,John Kasich,0.027000000000000003,18.2,58.4,76.4,52.5,27455,23.6
962,650,Georgia,GA,Telfair,Republican,Donald Trump,0.515,15.3,49.4,73.9,40.7,26634,37.7
963,651,Georgia,GA,Telfair,Republican,Ted Cruz,0.174,15.3,49.4,73.9,40.7,26634,37.7
964,652,Georgia,GA,Telfair,Republican,Marco Rubio,0.141,15.3,49.4,73.9,40.7,26634,37.7
965,653,Georgia,GA,Telfair,Republican,Ben Carson,0.109,15.3,49.4,73.9,40.7,26634,37.7
966,654,Georgia,GA,Telfair,Republican,John Kasich,0.042,15.3,49.4,73.9,40.7,26634,37.7
967,655,Georgia,GA,Terrell,Republican,Donald Trump,0.5589999999999999,17.7,35.6,65.6,52.5,32628,27.8
968,656,Georgia,GA,Terrell,Republican,Ted Cruz,0.214,17.7,35.6,65.6,52.5,32628,27.8
969,657,Georgia,GA,Terrell,Republican,Marco Rubio,0.11900000000000001,17.7,35.6,65.6,52.5,32628,27.8
970,658,Georgia,GA,Terrell,Republican,Ben Carson,0.061,17.7,35.6,65.6,52.5,32628,27.8
971,659,Georgia,GA,Terrell,Republican,John Kasich,0.026000000000000002,17.7,35.6,65.6,52.5,32628,27.8
972,660,Georgia,GA,Thomas,Republican,Donald Trump,0.4,16.8,57.8,81.8,52.6,34035,82.1
973,661,Georgia,GA,Thomas,Republican,Ted Cruz,0.235,16.8,57.8,81.8,52.6,34035,82.1
974,662,Georgia,GA,Thomas,Republican,Marco Rubio,0.19699999999999998,16.8,57.8,81.8,52.6,34035,82.1
975,663,Georgia,GA,Thomas,Republican,Ben Carson,0.10099999999999999,16.8,57.8,81.8,52.6,34035,82.1
976,664,Georgia,GA,Thomas,Republican,John Kasich,0.048,16.8,57.8,81.8,52.6,34035,82.1
977,665,Georgia,GA,Tift,Republican,Donald Trump,0.478,14.0,56.6,77.5,51.9,34591,154.9
978,666,Georgia,GA,Tift,Republican,Ted Cruz,0.228,14.0,56.6,77.5,51.9,34591,154.9
979,667,Georgia,GA,Tift,Republican,Marco Rubio,0.163,14.0,56.6,77.5,51.9,34591,154.9
980,668,Georgia,GA,Tift,Republican,Ben Carson,0.077,14.0,56.6,77.5,51.9,34591,154.9
981,669,Georgia,GA,Tift,Republican,John Kasich,0.04,14.0,56.6,77.5,51.9,34591,154.9
982,670,Georgia,GA,Toombs,Republican,Donald Trump,0.41700000000000004,15.2,61.1,79.2,52.6,31189,74.8
983,671,Georgia,GA,Toombs,Republican,Ted Cruz,0.237,15.2,61.1,79.2,52.6,31189,74.8
984,672,Georgia,GA,Toombs,Republican,Marco Rubio,0.2,15.2,61.1,79.2,52.6,31189,74.8
985,673,Georgia,GA,Toombs,Republican,Ben Carson,0.095,15.2,61.1,79.2,52.6,31189,74.8
986,674,Georgia,GA,Toombs,Republican,John Kasich,0.033,15.2,61.1,79.2,52.6,31189,74.8
987,675,Georgia,GA,Towns,Republican,Donald Trump,0.46,32.2,94.7,86.8,52.2,36570,62.9
988,676,Georgia,GA,Towns,Republican,Marco Rubio,0.20600000000000002,32.2,94.7,86.8,52.2,36570,62.9
989,677,Georgia,GA,Towns,Republican,Ted Cruz,0.2,32.2,94.7,86.8,52.2,36570,62.9
990,678,Georgia,GA,Towns,Republican,Ben Carson,0.067,32.2,94.7,86.8,52.2,36570,62.9
991,679,Georgia,GA,Towns,Republican,John Kasich,0.057,32.2,94.7,86.8,52.2,36570,62.9
992,680,Georgia,GA,Treutlen,Republican,Donald Trump,0.542,15.0,63.7,74.4,49.7,37894,34.5
993,681,Georgia,GA,Treutlen,Republican,Ted Cruz,0.228,15.0,63.7,74.4,49.7,37894,34.5
994,682,Georgia,GA,Treutlen,Republican,Marco Rubio,0.12,15.0,63.7,74.4,49.7,37894,34.5
995,683,Georgia,GA,Treutlen,Republican,Ben Carson,0.083,15.0,63.7,74.4,49.7,37894,34.5
996,684,Georgia,GA,Treutlen,Republican,John Kasich,0.011000000000000001,15.0,63.7,74.4,49.7,37894,34.5
997,685,Georgia,GA,Troup,Republican,Donald Trump,0.434,13.7,57.8,81.8,51.8,41161,161.9
998,686,Georgia,GA,Troup,Republican,Ted Cruz,0.23399999999999999,13.7,57.8,81.8,51.8,41161,161.9
999,687,Georgia,GA,Troup,Republican,Marco Rubio,0.187,13.7,57.8,81.8,51.8,41161,161.9
1000,688,Georgia,GA,Troup,Republican,Ben Carson,0.087,13.7,57.8,81.8,51.8,41161,161.9
1001,689,Georgia,GA,Troup,Republican,John Kasich,0.040999999999999995,13.7,57.8,81.8,51.8,41161,161.9
1002,690,Georgia,GA,Turner,Republican,Donald Trump,0.569,18.6,55.0,72.1,50.9,28326,31.3
1003,691,Georgia,GA,Turner,Republican,Ted Cruz,0.21600000000000003,18.6,55.0,72.1,50.9,28326,31.3
1004,692,Georgia,GA,Turner,Republican,Marco Rubio,0.10400000000000001,18.6,55.0,72.1,50.9,28326,31.3
1005,693,Georgia,GA,Turner,Republican,Ben Carson,0.07200000000000001,18.6,55.0,72.1,50.9,28326,31.3
1006,694,Georgia,GA,Turner,Republican,John Kasich,0.027000000000000003,18.6,55.0,72.1,50.9,28326,31.3
1007,695,Georgia,GA,Twiggs,Republican,Donald Trump,0.551,19.6,55.7,70.3,51.1,31234,25.2
1008,696,Georgia,GA,Twiggs,Republican,Ted Cruz,0.247,19.6,55.7,70.3,51.1,31234,25.2
1009,697,Georgia,GA,Twiggs,Republican,Marco Rubio,0.115,19.6,55.7,70.3,51.1,31234,25.2
1010,698,Georgia,GA,Twiggs,Republican,Ben Carson,0.046,19.6,55.7,70.3,51.1,31234,25.2
1011,699,Georgia,GA,Twiggs,Republican,John Kasich,0.032,19.6,55.7,70.3,51.1,31234,25.2
1012,700,Georgia,GA,Union,Republican,Donald Trump,0.456,31.3,94.0,84.7,51.6,40009,66.3
1013,701,Georgia,GA,Union,Republican,Ted Cruz,0.239,31.3,94.0,84.7,51.6,40009,66.3
1014,702,Georgia,GA,Union,Republican,Marco Rubio,0.17600000000000002,31.3,94.0,84.7,51.6,40009,66.3
1015,703,Georgia,GA,Union,Republican,Ben Carson,0.07,31.3,94.0,84.7,51.6,40009,66.3
1016,704,Georgia,GA,Union,Republican,John Kasich,0.046,31.3,94.0,84.7,51.6,40009,66.3
1017,705,Georgia,GA,Upson,Republican,Donald Trump,0.48700000000000004,17.8,67.7,77.6,52.3,35329,84.0
1018,706,Georgia,GA,Upson,Republican,Ted Cruz,0.204,17.8,67.7,77.6,52.3,35329,84.0
1019,707,Georgia,GA,Upson,Republican,Marco Rubio,0.159,17.8,67.7,77.6,52.3,35329,84.0
1020,708,Georgia,GA,Upson,Republican,Ben Carson,0.109,17.8,67.7,77.6,52.3,35329,84.0
1021,709,Georgia,GA,Upson,Republican,John Kasich,0.027999999999999997,17.8,67.7,77.6,52.3,35329,84.0
1022,710,Georgia,GA,Walker,Republican,Donald Trump,0.42200000000000004,16.6,91.3,79.1,50.7,39963,154.0
1023,711,Georgia,GA,Walker,Republican,Marco Rubio,0.21600000000000003,16.6,91.3,79.1,50.7,39963,154.0
1024,712,Georgia,GA,Walker,Republican,Ted Cruz,0.21100000000000002,16.6,91.3,79.1,50.7,39963,154.0
1025,713,Georgia,GA,Walker,Republican,Ben Carson,0.09699999999999999,16.6,91.3,79.1,50.7,39963,154.0
1026,714,Georgia,GA,Walker,Republican,John Kasich,0.040999999999999995,16.6,91.3,79.1,50.7,39963,154.0
1027,715,Georgia,GA,Walton,Republican,Donald Trump,0.41600000000000004,14.2,76.5,83.1,51.3,52369,257.2
1028,716,Georgia,GA,Walton,Republican,Ted Cruz,0.309,14.2,76.5,83.1,51.3,52369,257.2
1029,717,Georgia,GA,Walton,Republican,Marco Rubio,0.18100000000000002,14.2,76.5,83.1,51.3,52369,257.2
1030,718,Georgia,GA,Walton,Republican,Ben Carson,0.055,14.2,76.5,83.1,51.3,52369,257.2
1031,719,Georgia,GA,Walton,Republican,John Kasich,0.027999999999999997,14.2,76.5,83.1,51.3,52369,257.2
1032,720,Georgia,GA,Ware,Republican,Donald Trump,0.434,16.2,64.3,80.4,50.5,34572,40.7
1033,721,Georgia,GA,Ware,Republican,Ted Cruz,0.306,16.2,64.3,80.4,50.5,34572,40.7
1034,722,Georgia,GA,Ware,Republican,Marco Rubio,0.145,16.2,64.3,80.4,50.5,34572,40.7
1035,723,Georgia,GA,Ware,Republican,Ben Carson,0.069,16.2,64.3,80.4,50.5,34572,40.7
1036,724,Georgia,GA,Ware,Republican,John Kasich,0.027000000000000003,16.2,64.3,80.4,50.5,34572,40.7
1037,725,Georgia,GA,Warren,Republican,Donald Trump,0.47100000000000003,20.3,37.6,73.2,53.1,27796,20.5
1038,726,Georgia,GA,Warren,Republican,Ted Cruz,0.28800000000000003,20.3,37.6,73.2,53.1,27796,20.5
1039,727,Georgia,GA,Warren,Republican,Marco Rubio,0.152,20.3,37.6,73.2,53.1,27796,20.5
1040,728,Georgia,GA,Warren,Republican,Ben Carson,0.055,20.3,37.6,73.2,53.1,27796,20.5
1041,729,Georgia,GA,Warren,Republican,John Kasich,0.021,20.3,37.6,73.2,53.1,27796,20.5
1042,730,Georgia,GA,Washington,Republican,Donald Trump,0.442,16.0,43.9,76.2,49.6,33652,31.2
1043,731,Georgia,GA,Washington,Republican,Marco Rubio,0.218,16.0,43.9,76.2,49.6,33652,31.2
1044,732,Georgia,GA,Washington,Republican,Ted Cruz,0.21100000000000002,16.0,43.9,76.2,49.6,33652,31.2
1045,733,Georgia,GA,Washington,Republican,Ben Carson,0.08,16.0,43.9,76.2,49.6,33652,31.2
1046,734,Georgia,GA,Washington,Republican,John Kasich,0.034,16.0,43.9,76.2,49.6,33652,31.2
1047,735,Georgia,GA,Wayne,Republican,Donald Trump,0.457,14.7,71.0,81.3,48.1,35830,46.9
1048,736,Georgia,GA,Wayne,Republican,Ted Cruz,0.261,14.7,71.0,81.3,48.1,35830,46.9
1049,737,Georgia,GA,Wayne,Republican,Marco Rubio,0.15,14.7,71.0,81.3,48.1,35830,46.9
1050,738,Georgia,GA,Wayne,Republican,Ben Carson,0.075,14.7,71.0,81.3,48.1,35830,46.9
1051,739,Georgia,GA,Wayne,Republican,John Kasich,0.037000000000000005,14.7,71.0,81.3,48.1,35830,46.9
1052,740,Georgia,GA,Webster,Republican,Donald Trump,0.518,19.7,52.8,77.5,50.0,35718,13.4
1053,741,Georgia,GA,Webster,Republican,Ted Cruz,0.23,19.7,52.8,77.5,50.0,35718,13.4
1054,742,Georgia,GA,Webster,Republican,Marco Rubio,0.125,19.7,52.8,77.5,50.0,35718,13.4
1055,743,Georgia,GA,Webster,Republican,Ben Carson,0.065,19.7,52.8,77.5,50.0,35718,13.4
1056,744,Georgia,GA,Webster,Republican,John Kasich,0.038,19.7,52.8,77.5,50.0,35718,13.4
1057,745,Georgia,GA,Wheeler,Republican,Donald Trump,0.501,12.8,55.8,74.8,34.8,24382,25.1
1058,746,Georgia,GA,Wheeler,Republican,Ted Cruz,0.205,12.8,55.8,74.8,34.8,24382,25.1
1059,747,Georgia,GA,Wheeler,Republican,Marco Rubio,0.142,12.8,55.8,74.8,34.8,24382,25.1
1060,748,Georgia,GA,Wheeler,Republican,Ben Carson,0.10800000000000001,12.8,55.8,74.8,34.8,24382,25.1
1061,749,Georgia,GA,Wheeler,Republican,John Kasich,0.027000000000000003,12.8,55.8,74.8,34.8,24382,25.1
1062,750,Georgia,GA,White,Republican,Donald Trump,0.45299999999999996,20.6,92.3,85.2,51.0,40670,112.8
1063,751,Georgia,GA,White,Republican,Ted Cruz,0.252,20.6,92.3,85.2,51.0,40670,112.8
1064,752,Georgia,GA,White,Republican,Marco Rubio,0.175,20.6,92.3,85.2,51.0,40670,112.8
1065,753,Georgia,GA,White,Republican,Ben Carson,0.07,20.6,92.3,85.2,51.0,40670,112.8
1066,754,Georgia,GA,White,Republican,John Kasich,0.039,20.6,92.3,85.2,51.0,40670,112.8
1067,755,Georgia,GA,Whitfield,Republican,Donald Trump,0.466,12.7,60.1,69.1,50.3,40471,353.2
1068,756,Georgia,GA,Whitfield,Republican,Marco Rubio,0.21,12.7,60.1,69.1,50.3,40471,353.2
1069,757,Georgia,GA,Whitfield,Republican,Ted Cruz,0.18,12.7,60.1,69.1,50.3,40471,353.2
1070,758,Georgia,GA,Whitfield,Republican,Ben Carson,0.08900000000000001,12.7,60.1,69.1,50.3,40471,353.2
1071,759,Georgia,GA,Whitfield,Republican,John Kasich,0.044000000000000004,12.7,60.1,69.1,50.3,40471,353.2
1072,760,Georgia,GA,Wilcox,Republican,Donald Trump,0.552,16.0,58.7,75.9,41.1,32928,24.5
1073,761,Georgia,GA,Wilcox,Republican,Ted Cruz,0.268,16.0,58.7,75.9,41.1,32928,24.5
1074,762,Georgia,GA,Wilcox,Republican,Marco Rubio,0.095,16.0,58.7,75.9,41.1,32928,24.5
1075,763,Georgia,GA,Wilcox,Republican,Ben Carson,0.054000000000000006,16.0,58.7,75.9,41.1,32928,24.5
1076,764,Georgia,GA,Wilcox,Republican,John Kasich,0.016,16.0,58.7,75.9,41.1,32928,24.5
1077,765,Georgia,GA,Wilkes,Republican,Donald Trump,0.486,21.4,51.7,76.2,52.2,28983,22.6
1078,766,Georgia,GA,Wilkes,Republican,Ted Cruz,0.22,21.4,51.7,76.2,52.2,28983,22.6
1079,767,Georgia,GA,Wilkes,Republican,Marco Rubio,0.185,21.4,51.7,76.2,52.2,28983,22.6
1080,768,Georgia,GA,Wilkes,Republican,Ben Carson,0.063,21.4,51.7,76.2,52.2,28983,22.6
1081,769,Georgia,GA,Wilkes,Republican,John Kasich,0.032,21.4,51.7,76.2,52.2,28983,22.6
1082,770,Georgia,GA,Wilkinson,Republican,Donald Trump,0.47600000000000003,17.9,56.8,79.7,51.9,36173,21.4
1083,771,Georgia,GA,Wilkinson,Republican,Ted Cruz,0.259,17.9,56.8,79.7,51.9,36173,21.4
1084,772,Georgia,GA,Wilkinson,Republican,Marco Rubio,0.129,17.9,56.8,79.7,51.9,36173,21.4
1085,773,Georgia,GA,Wilkinson,Republican,Ben Carson,0.09,17.9,56.8,79.7,51.9,36173,21.4
1086,774,Georgia,GA,Wilkinson,Republican,John Kasich,0.026000000000000002,17.9,56.8,79.7,51.9,36173,21.4
1087,775,Georgia,GA,Worth,Republican,Donald Trump,0.552,16.9,67.6,71.4,52.0,35792,38.0
1088,776,Georgia,GA,Worth,Republican,Ted Cruz,0.243,16.9,67.6,71.4,52.0,35792,38.0
1089,777,Georgia,GA,Worth,Republican,Marco Rubio,0.095,16.9,67.6,71.4,52.0,35792,38.0
1090,778,Georgia,GA,Worth,Republican,Ben Carson,0.064,16.9,67.6,71.4,52.0,35792,38.0
1091,779,Georgia,GA,Worth,Republican,John Kasich,0.027000000000000003,16.9,67.6,71.4,52.0,35792,38.0
