,id,state,state_abbreviation,county,party,candidate,fraction_votes,AGE775214,RHI825214,EDU635213,SEX255214,INC110213,POP060210
0,0,Illinois,IL,Adams,Democrat,Hillary Clinton,0.507,18.7,92.4,89.7,51.1,45073,78.5
1,1,Illinois,IL,Adams,Democrat,Bernie Sanders,0.47200000000000003,18.7,92.4,89.7,51.1,45073,78.5
2,2,Illinois,IL,Alexander,Democrat,Hillary Clinton,0.6,18.2,58.8,74.6,49.7,26972,35.0
3,3,Illinois,IL,Alexander,Democrat,Bernie Sanders,0.33799999999999997,18.2,58.8,74.6,49.7,26972,35.0
4,4,Illinois,IL,Bond,Democrat,Bernie Sanders,0.534,16.5,87.8,86.3,47.3,48163,46.7
5,5,Illinois,IL,Bond,Democrat,Hillary Clinton,0.447,16.5,87.8,86.3,47.3,48163,46.7
6,6,Illinois,IL,Boone,Democrat,Bernie Sanders,0.583,14.0,74.4,85.8,50.2,60893,193.0
7,7,Illinois,IL,Boone,Democrat,Hillary Clinton,0.41100000000000003,14.0,74.4,85.8,50.2,60893,193.0
8,8,Illinois,IL,Brown,Democrat,Hillary Clinton,0.49200000000000005,13.0,74.0,81.5,35.6,42194,22.7
9,9,Illinois,IL,Brown,Democrat,Bernie Sanders,0.48,13.0,74.0,81.5,35.6,42194,22.7
10,10,Illinois,IL,Bureau,Democrat,Bernie Sanders,0.542,19.9,88.7,89.2,51.0,48977,40.2
11,11,Illinois,IL,Bureau,Democrat,Hillary Clinton,0.445,19.9,88.7,89.2,51.0,48977,40.2
12,12,Illinois,IL,Calhoun,Democrat,Bernie Sanders,0.507,22.8,97.7,89.0,49.9,50436,20.0
13,13,Illinois,IL,Calhoun,Democrat,Hillary Clinton,0.45,22.8,97.7,89.0,49.9,50436,20.0
14,14,Illinois,IL,Carroll,Democrat,Bernie Sanders,0.5,23.6,93.6,88.9,50.0,47985,34.6
15,15,Illinois,IL,Carroll,Democrat,Hillary Clinton,0.488,23.6,93.6,88.9,50.0,47985,34.6
16,16,Illinois,IL,Cass,Democrat,Bernie Sanders,0.502,16.4,76.5,86.0,49.3,45734,36.3
17,17,Illinois,IL,Cass,Democrat,Hillary Clinton,0.469,16.4,76.5,86.0,49.3,45734,36.3
18,18,Illinois,IL,Champaign,Democrat,Bernie Sanders,0.659,11.1,69.1,93.6,50.1,45808,201.8
19,19,Illinois,IL,Champaign,Democrat,Hillary Clinton,0.33799999999999997,11.1,69.1,93.6,50.1,45808,201.8
20,20,Illinois,IL,Christian,Democrat,Bernie Sanders,0.512,18.6,95.1,88.2,49.1,45145,49.1
21,21,Illinois,IL,Christian,Democrat,Hillary Clinton,0.46799999999999997,18.6,95.1,88.2,49.1,45145,49.1
22,22,Illinois,IL,Clark,Democrat,Bernie Sanders,0.53,18.7,96.8,89.5,50.8,47405,32.6
23,23,Illinois,IL,Clark,Democrat,Hillary Clinton,0.447,18.7,96.8,89.5,50.8,47405,32.6
24,24,Illinois,IL,Clay,Democrat,Bernie Sanders,0.521,18.8,96.3,87.7,50.7,40640,29.5
25,25,Illinois,IL,Clay,Democrat,Hillary Clinton,0.449,18.8,96.3,87.7,50.7,40640,29.5
26,26,Illinois,IL,Clinton,Democrat,Bernie Sanders,0.575,16.0,91.6,88.7,48.2,61720,79.7
27,27,Illinois,IL,Clinton,Democrat,Hillary Clinton,0.41200000000000003,16.0,91.6,88.7,48.2,61720,79.7
28,28,Illinois,IL,Coles,Democrat,Bernie Sanders,0.59,15.0,91.1,90.0,51.7,37040,106.0
29,29,Illinois,IL,Coles,Democrat,Hillary Clinton,0.39899999999999997,15.0,91.1,90.0,51.7,37040,106.0
30,30,Illinois,IL,Crawford,Democrat,Hillary Clinton,0.501,18.3,91.3,89.2,48.4,46216,44.7
31,31,Illinois,IL,Crawford,Democrat,Bernie Sanders,0.479,18.3,91.3,89.2,48.4,46216,44.7
32,32,Illinois,IL,Cumberland,Democrat,Bernie Sanders,0.563,17.6,96.7,88.8,49.9,43958,31.9
33,33,Illinois,IL,Cumberland,Democrat,Hillary Clinton,0.396,17.6,96.7,88.8,49.9,43958,31.9
34,34,Illinois,IL,Douglas,Democrat,Bernie Sanders,0.562,16.3,90.4,83.8,50.4,52741,48.0
35,35,Illinois,IL,Douglas,Democrat,Hillary Clinton,0.42200000000000004,16.3,90.4,83.8,50.4,52741,48.0
36,36,Illinois,IL,Edgar,Democrat,Bernie Sanders,0.49700000000000005,20.4,97.3,86.0,51.5,42133,29.8
37,37,Illinois,IL,Edgar,Democrat,Hillary Clinton,0.474,20.4,97.3,86.0,51.5,42133,29.8
38,38,Illinois,IL,Edwards,Democrat,Bernie Sanders,0.498,19.2,96.9,86.8,51.1,39075,30.2
39,39,Illinois,IL,Edwards,Democrat,Hillary Clinton,0.48100000000000004,19.2,96.9,86.8,51.1,39075,30.2
40,40,Illinois,IL,Effingham,Democrat,Bernie Sanders,0.58,16.8,96.4,90.9,50.2,52108,71.5
41,41,Illinois,IL,Effingham,Democrat,Hillary Clinton,0.40299999999999997,16.8,96.4,90.9,50.2,52108,71.5
42,42,Illinois,IL,Fayette,Democrat,Bernie Sanders,0.499,17.1,92.2,84.2,46.9,44722,30.9
43,43,Illinois,IL,Fayette,Democrat,Hillary Clinton,0.48,17.1,92.2,84.2,46.9,44722,30.9
44,44,Illinois,IL,Ford,Democrat,Bernie Sanders,0.594,19.8,94.6,88.6,50.5,48866,29.0
45,45,Illinois,IL,Ford,Democrat,Hillary Clinton,0.391,19.8,94.6,88.6,50.5,48866,29.0
46,46,Illinois,IL,Franklin,Democrat,Bernie Sanders,0.539,19.5,96.1,87.1,50.9,36273,96.8
47,47,Illinois,IL,Franklin,Democrat,Hillary Clinton,0.42100000000000004,19.5,96.1,87.1,50.9,36273,96.8
48,48,Illinois,IL,Fulton,Democrat,Bernie Sanders,0.5329999999999999,18.9,92.2,86.4,47.8,45130,42.8
49,49,Illinois,IL,Fulton,Democrat,Hillary Clinton,0.451,18.9,92.2,86.4,47.8,45130,42.8
50,50,Illinois,IL,Gallatin,Democrat,Bernie Sanders,0.504,22.8,95.4,81.3,51.5,40330,17.3
51,51,Illinois,IL,Gallatin,Democrat,Hillary Clinton,0.40299999999999997,22.8,95.4,81.3,51.5,40330,17.3
52,52,Illinois,IL,Greene,Democrat,Bernie Sanders,0.494,18.3,96.9,88.6,49.7,43502,25.6
53,53,Illinois,IL,Greene,Democrat,Hillary Clinton,0.469,18.3,96.9,88.6,49.7,43502,25.6
54,54,Illinois,IL,Grundy,Democrat,Bernie Sanders,0.596,12.9,87.4,91.7,50.1,64541,119.8
55,55,Illinois,IL,Grundy,Democrat,Hillary Clinton,0.395,12.9,87.4,91.7,50.1,64541,119.8
56,56,Illinois,IL,Hamilton,Democrat,Bernie Sanders,0.49700000000000005,20.2,96.6,83.8,51.0,38417,19.5
57,57,Illinois,IL,Hamilton,Democrat,Hillary Clinton,0.428,20.2,96.6,83.8,51.0,38417,19.5
58,58,Illinois,IL,Hancock,Democrat,Hillary Clinton,0.574,23.1,96.7,90.6,50.6,43925,24.1
59,59,Illinois,IL,Hancock,Democrat,Bernie Sanders,0.40700000000000003,23.1,96.7,90.6,50.6,43925,24.1
60,60,Illinois,IL,Hardin,Democrat,Bernie Sanders,0.5539999999999999,23.3,95.2,83.2,49.4,37071,24.3
61,61,Illinois,IL,Hardin,Democrat,Hillary Clinton,0.40399999999999997,23.3,95.2,83.2,49.4,37071,24.3
62,62,Illinois,IL,Henderson,Democrat,Hillary Clinton,0.52,23.6,96.5,88.4,51.0,49389,19.3
63,63,Illinois,IL,Henderson,Democrat,Bernie Sanders,0.455,23.6,96.5,88.4,51.0,49389,19.3
64,64,Illinois,IL,Henry,Democrat,Hillary Clinton,0.507,18.5,91.0,89.7,50.2,52940,61.3
65,65,Illinois,IL,Henry,Democrat,Bernie Sanders,0.484,18.5,91.0,89.7,50.2,52940,61.3
66,66,Illinois,IL,Iroquois,Democrat,Bernie Sanders,0.606,20.4,90.6,88.3,51.1,47079,26.6
67,67,Illinois,IL,Iroquois,Democrat,Hillary Clinton,0.375,20.4,90.6,88.3,51.1,47079,26.6
68,68,Illinois,IL,Jackson,Democrat,Bernie Sanders,0.619,13.0,74.5,89.7,49.8,33479,103.1
69,69,Illinois,IL,Jackson,Democrat,Hillary Clinton,0.376,13.0,74.5,89.7,49.8,33479,103.1
70,70,Illinois,IL,Jasper,Democrat,Bernie Sanders,0.536,18.2,97.1,91.5,50.0,52233,19.6
71,71,Illinois,IL,Jasper,Democrat,Hillary Clinton,0.405,18.2,97.1,91.5,50.0,52233,19.6
72,72,Illinois,IL,Jefferson,Democrat,Bernie Sanders,0.499,17.6,86.1,86.8,48.6,42981,68.0
73,73,Illinois,IL,Jefferson,Democrat,Hillary Clinton,0.47200000000000003,17.6,86.1,86.8,48.6,42981,68.0
74,74,Illinois,IL,Jersey,Democrat,Bernie Sanders,0.545,17.6,96.3,88.3,51.3,53954,62.2
75,75,Illinois,IL,Jersey,Democrat,Hillary Clinton,0.435,17.6,96.3,88.3,51.3,53954,62.2
76,76,Illinois,IL,Johnson,Democrat,Bernie Sanders,0.525,19.3,87.2,83.4,44.3,40760,36.6
77,77,Illinois,IL,Johnson,Democrat,Hillary Clinton,0.451,19.3,87.2,83.4,44.3,40760,36.6
78,78,Illinois,IL,Kane,Democrat,Bernie Sanders,0.562,11.7,58.1,82.8,50.2,69530,990.8
79,79,Illinois,IL,Kane,Democrat,Hillary Clinton,0.435,11.7,58.1,82.8,50.2,69530,990.8
80,80,Illinois,IL,Kankakee,Democrat,Bernie Sanders,0.536,14.9,72.3,86.4,50.9,50102,167.7
81,81,Illinois,IL,Kankakee,Democrat,Hillary Clinton,0.457,14.9,72.3,86.4,50.9,50102,167.7
82,82,Illinois,IL,Kendall,Democrat,Bernie Sanders,0.584,9.0,71.9,92.5,50.6,81765,358.2
83,83,Illinois,IL,Kendall,Democrat,Hillary Clinton,0.41200000000000003,9.0,71.9,92.5,50.6,81765,358.2
84,84,Illinois,IL,Knox,Democrat,Bernie Sanders,0.521,19.6,83.7,85.9,49.7,40667,73.9
85,85,Illinois,IL,Knox,Democrat,Hillary Clinton,0.467,19.6,83.7,85.9,49.7,40667,73.9
86,86,Illinois,IL,Lake,Democrat,Hillary Clinton,0.527,12.2,63.3,88.9,50.1,77469,1585.6
87,87,Illinois,IL,Lake,Democrat,Bernie Sanders,0.47,12.2,63.3,88.9,50.1,77469,1585.6
88,88,Illinois,IL,Lawrence,Democrat,Bernie Sanders,0.483,17.0,85.0,76.1,44.0,40145,45.2
89,89,Illinois,IL,Lawrence,Democrat,Hillary Clinton,0.47,17.0,85.0,76.1,44.0,40145,45.2
90,90,Illinois,IL,Lee,Democrat,Bernie Sanders,0.598,17.5,87.0,86.4,47.2,50060,49.7
91,91,Illinois,IL,Lee,Democrat,Hillary Clinton,0.39399999999999996,17.5,87.0,86.4,47.2,50060,49.7
92,92,Illinois,IL,Livingston,Democrat,Bernie Sanders,0.555,17.0,88.2,86.1,49.6,54614,37.3
93,93,Illinois,IL,Livingston,Democrat,Hillary Clinton,0.433,17.0,88.2,86.1,49.6,54614,37.3
94,94,Illinois,IL,Logan,Democrat,Bernie Sanders,0.564,17.1,86.6,85.8,49.4,47133,49.0
95,95,Illinois,IL,Logan,Democrat,Hillary Clinton,0.428,17.1,86.6,85.8,49.4,47133,49.0
96,96,Illinois,IL,Macon,Democrat,Hillary Clinton,0.5379999999999999,17.9,77.2,88.1,52.2,46559,190.8
97,97,Illinois,IL,Macon,Democrat,Bernie Sanders,0.452,17.9,77.2,88.1,52.2,46559,190.8
98,98,Illinois,IL,Macoupin,Democrat,Bernie Sanders,0.55,18.7,96.3,89.1,50.6,49590,55.4
99,99,Illinois,IL,Macoupin,Democrat,Hillary Clinton,0.429,18.7,96.3,89.1,50.6,49590,55.4
100,100,Illinois,IL,Madison,Democrat,Bernie Sanders,0.545,15.7,85.7,90.9,51.1,53633,376.3
101,101,Illinois,IL,Madison,Democrat,Hillary Clinton,0.446,15.7,85.7,90.9,51.1,53633,376.3
102,102,Illinois,IL,Marion,Democrat,Bernie Sanders,0.498,18.4,91.8,86.7,51.1,41010,68.9
103,103,Illinois,IL,Marion,Democrat,Hillary Clinton,0.47700000000000004,18.4,91.8,86.7,51.1,41010,68.9
104,104,Illinois,IL,Marshall,Democrat,Bernie Sanders,0.505,21.8,94.6,90.8,50.7,51504,32.7
105,105,Illinois,IL,Marshall,Democrat,Hillary Clinton,0.49,21.8,94.6,90.8,50.7,51504,32.7
106,106,Illinois,IL,Mason,Democrat,Hillary Clinton,0.49200000000000005,19.8,96.6,85.4,50.4,42260,27.2
107,107,Illinois,IL,Mason,Democrat,Bernie Sanders,0.489,19.8,96.6,85.4,50.4,42260,27.2
108,108,Illinois,IL,Massac,Democrat,Hillary Clinton,0.513,20.3,89.0,83.4,52.4,43615,65.0
109,109,Illinois,IL,Massac,Democrat,Bernie Sanders,0.469,20.3,89.0,83.4,52.4,43615,65.0
110,110,Illinois,IL,McDonough,Democrat,Bernie Sanders,0.578,14.9,88.1,91.7,50.5,36031,55.3
111,111,Illinois,IL,McDonough,Democrat,Hillary Clinton,0.414,14.9,88.1,91.7,50.5,36031,55.3
112,112,Illinois,IL,McHenry,Democrat,Bernie Sanders,0.611,12.1,82.2,92.1,50.1,76145,511.9
113,113,Illinois,IL,McHenry,Democrat,Hillary Clinton,0.385,12.1,82.2,92.1,50.1,76145,511.9
114,114,Illinois,IL,McLean,Democrat,Bernie Sanders,0.624,11.4,80.3,94.4,51.3,62089,143.3
115,115,Illinois,IL,McLean,Democrat,Hillary Clinton,0.371,11.4,80.3,94.4,51.3,62089,143.3
116,116,Illinois,IL,Menard,Democrat,Bernie Sanders,0.547,18.1,95.8,92.5,51.3,58190,40.4
117,117,Illinois,IL,Menard,Democrat,Hillary Clinton,0.444,18.1,95.8,92.5,51.3,58190,40.4
118,118,Illinois,IL,Mercer,Democrat,Hillary Clinton,0.513,20.5,96.2,90.5,50.6,53136,29.3
119,119,Illinois,IL,Mercer,Democrat,Bernie Sanders,0.466,20.5,96.2,90.5,50.6,53136,29.3
120,120,Illinois,IL,Monroe,Democrat,Bernie Sanders,0.546,16.0,96.6,92.8,50.3,68482,85.6
121,121,Illinois,IL,Monroe,Democrat,Hillary Clinton,0.442,16.0,96.6,92.8,50.3,68482,85.6
122,122,Illinois,IL,Montgomery,Democrat,Bernie Sanders,0.493,18.4,93.6,85.1,47.7,41952,42.8
123,123,Illinois,IL,Montgomery,Democrat,Hillary Clinton,0.483,18.4,93.6,85.1,47.7,41952,42.8
124,124,Illinois,IL,Morgan,Democrat,Bernie Sanders,0.575,18.3,89.1,88.1,49.4,46809,62.5
125,125,Illinois,IL,Morgan,Democrat,Hillary Clinton,0.41200000000000003,18.3,89.1,88.1,49.4,46809,62.5
126,126,Illinois,IL,Moultrie,Democrat,Bernie Sanders,0.54,19.0,97.1,85.0,51.0,46622,44.2
127,127,Illinois,IL,Moultrie,Democrat,Hillary Clinton,0.44,19.0,97.1,85.0,51.0,46622,44.2
128,128,Illinois,IL,Ogle,Democrat,Bernie Sanders,0.5920000000000001,17.2,87.7,88.9,50.3,54541,70.5
129,129,Illinois,IL,Ogle,Democrat,Hillary Clinton,0.402,17.2,87.7,88.9,50.3,54541,70.5
130,130,Illinois,IL,Peoria,Democrat,Hillary Clinton,0.52,15.0,71.2,89.9,51.6,50712,301.2
131,131,Illinois,IL,Peoria,Democrat,Bernie Sanders,0.474,15.0,71.2,89.9,51.6,50712,301.2
132,132,Illinois,IL,Perry,Democrat,Bernie Sanders,0.51,17.3,86.1,84.5,45.6,42078,50.6
133,133,Illinois,IL,Perry,Democrat,Hillary Clinton,0.46799999999999997,17.3,86.1,84.5,45.6,42078,50.6
134,134,Illinois,IL,Piatt,Democrat,Bernie Sanders,0.555,18.1,96.7,92.7,50.3,63027,38.1
135,135,Illinois,IL,Piatt,Democrat,Hillary Clinton,0.43,18.1,96.7,92.7,50.3,63027,38.1
136,136,Illinois,IL,Pike,Democrat,Hillary Clinton,0.508,19.8,95.6,86.1,49.9,39845,19.8
137,137,Illinois,IL,Pike,Democrat,Bernie Sanders,0.46299999999999997,19.8,95.6,86.1,49.9,39845,19.8
138,138,Illinois,IL,Pope,Democrat,Bernie Sanders,0.601,21.3,89.6,87.6,47.1,38371,12.1
139,139,Illinois,IL,Pope,Democrat,Hillary Clinton,0.37200000000000005,21.3,89.6,87.6,47.1,38371,12.1
140,140,Illinois,IL,Pulaski,Democrat,Hillary Clinton,0.624,20.2,63.6,80.2,51.9,33717,30.9
141,141,Illinois,IL,Pulaski,Democrat,Bernie Sanders,0.34600000000000003,20.2,63.6,80.2,51.9,33717,30.9
142,142,Illinois,IL,Putnam,Democrat,Bernie Sanders,0.52,19.8,93.1,88.8,49.1,54196,37.5
143,143,Illinois,IL,Putnam,Democrat,Hillary Clinton,0.46399999999999997,19.8,93.1,88.8,49.1,54196,37.5
144,144,Illinois,IL,Randolph,Democrat,Bernie Sanders,0.528,17.2,85.8,82.2,45.0,47427,58.2
145,145,Illinois,IL,Randolph,Democrat,Hillary Clinton,0.445,17.2,85.8,82.2,45.0,47427,58.2
146,146,Illinois,IL,Richland,Democrat,Bernie Sanders,0.536,20.0,95.9,90.6,50.6,44070,45.1
147,147,Illinois,IL,Richland,Democrat,Hillary Clinton,0.442,20.0,95.9,90.6,50.6,44070,45.1
148,148,Illinois,IL,Saline,Democrat,Bernie Sanders,0.507,19.2,91.7,84.9,50.7,37800,65.6
149,149,Illinois,IL,Saline,Democrat,Hillary Clinton,0.45899999999999996,19.2,91.7,84.9,50.7,37800,65.6
150,150,Illinois,IL,Sangamon,Democrat,Bernie Sanders,0.526,15.5,81.4,92.0,52.0,55449,227.4
151,151,Illinois,IL,Sangamon,Democrat,Hillary Clinton,0.469,15.5,81.4,92.0,52.0,55449,227.4
152,152,Illinois,IL,Schuyler,Democrat,Hillary Clinton,0.544,19.7,93.9,88.9,47.3,48138,17.3
153,153,Illinois,IL,Schuyler,Democrat,Bernie Sanders,0.433,19.7,93.9,88.9,47.3,48138,17.3
154,154,Illinois,IL,Scott,Democrat,Bernie Sanders,0.5,18.6,97.0,89.8,51.9,49669,21.3
155,155,Illinois,IL,Scott,Democrat,Hillary Clinton,0.466,18.6,97.0,89.8,51.9,49669,21.3
156,156,Illinois,IL,Shelby,Democrat,Bernie Sanders,0.53,20.6,97.4,89.8,50.6,47188,29.5
157,157,Illinois,IL,Shelby,Democrat,Hillary Clinton,0.441,20.6,97.4,89.8,50.6,47188,29.5
158,158,Illinois,IL,Stark,Democrat,Bernie Sanders,0.514,24.4,96.5,87.9,50.7,54203,20.8
159,159,Illinois,IL,Stark,Democrat,Hillary Clinton,0.47100000000000003,24.4,96.5,87.9,50.7,54203,20.8
160,160,Illinois,IL,Stephenson,Democrat,Hillary Clinton,0.502,20.5,83.8,89.5,51.6,43472,84.5
161,161,Illinois,IL,Stephenson,Democrat,Bernie Sanders,0.488,20.5,83.8,89.5,51.6,43472,84.5
162,162,Illinois,IL,Tazewell,Democrat,Bernie Sanders,0.545,17.0,94.2,91.7,50.6,56067,208.6
163,163,Illinois,IL,Tazewell,Democrat,Hillary Clinton,0.447,17.0,94.2,91.7,50.6,56067,208.6
164,164,Illinois,IL,Union,Democrat,Bernie Sanders,0.542,19.9,91.8,83.9,50.1,41848,43.1
165,165,Illinois,IL,Union,Democrat,Hillary Clinton,0.433,19.9,91.8,83.9,50.1,41848,43.1
166,166,Illinois,IL,Vermilion,Democrat,Hillary Clinton,0.512,17.4,79.3,85.7,50.3,41400,90.9
167,167,Illinois,IL,Vermilion,Democrat,Bernie Sanders,0.47200000000000003,17.4,79.3,85.7,50.3,41400,90.9
168,168,Illinois,IL,Wabash,Democrat,Hillary Clinton,0.499,18.9,95.5,89.3,50.6,47365,53.5
169,169,Illinois,IL,Wabash,Democrat,Bernie Sanders,0.48,18.9,95.5,89.3,50.6,47365,53.5
170,170,Illinois,IL,Warren,Democrat,Bernie Sanders,0.5,18.4,85.1,87.8,51.2,43536,32.6
171,171,Illinois,IL,Warren,Democrat,Hillary Clinton,0.49,18.4,85.1,87.8,51.2,43536,32.6
172,172,Illinois,IL,Washington,Democrat,Bernie Sanders,0.5770000000000001,18.4,96.2,89.7,49.9,52832,26.2
173,173,Illinois,IL,Washington,Democrat,Hillary Clinton,0.397,18.4,96.2,89.7,49.9,52832,26.2
174,174,Illinois,IL,Wayne,Democrat,Bernie Sanders,0.541,19.8,96.4,86.4,50.7,43605,23.5
175,175,Illinois,IL,Wayne,Democrat,Hillary Clinton,0.41700000000000004,19.8,96.4,86.4,50.7,43605,23.5
176,176,Illinois,IL,White,Democrat,Hillary Clinton,0.49,21.8,96.9,85.4,51.4,42914,29.6
177,177,Illinois,IL,White,Democrat,Bernie Sanders,0.46,21.8,96.9,85.4,51.4,42914,29.6
178,178,Illinois,IL,Whiteside,Democrat,Bernie Sanders,0.514,18.9,84.9,87.4,50.7,47667,85.5
179,179,Illinois,IL,Whiteside,Democrat,Hillary Clinton,0.48,18.9,84.9,87.4,50.7,47667,85.5
180,180,Illinois,IL,Will,Democrat,Bernie Sanders,0.524,11.2,65.3,90.5,50.4,76147,809.6
181,181,Illinois,IL,Will,Democrat,Hillary Clinton,0.47100000000000003,11.2,65.3,90.5,50.4,76147,809.6
182,182,Illinois,IL,Williamson,Democrat,Bernie Sanders,0.5529999999999999,17.6,90.7,88.9,50.3,43125,157.9
183,183,Illinois,IL,Williamson,Democrat,Hillary Clinton,0.42200000000000004,17.6,90.7,88.9,50.3,43125,157.9
184,184,Illinois,IL,Winnebago,Democrat,Bernie Sanders,0.523,15.6,70.8,86.2,51.2,47072,575.2
185,185,Illinois,IL,Winnebago,Democrat,Hillary Clinton,0.47200000000000003,15.6,70.8,86.2,51.2,47072,575.2
186,186,Illinois,IL,Woodford,Democrat,Bernie Sanders,0.555,16.3,95.7,93.0,50.4,66639,73.3
187,187,Illinois,IL,Woodford,Democrat,Hillary Clinton,0.43799999999999994,16.3,95.7,93.0,50.4,66639,73.3
188,0,Illinois,IL,Adams,Republican,Donald Trump,0.40700000000000003,18.7,92.4,89.7,51.1,45073,78.5
189,1,Illinois,IL,Adams,Republican,Ted Cruz,0.38,18.7,92.4,89.7,51.1,45073,78.5
190,2,Illinois,IL,Adams,Republican,John Kasich,0.111,18.7,92.4,89.7,51.1,45073,78.5
191,3,Illinois,IL,Adams,Republican,Marco Rubio,0.07400000000000001,18.7,92.4,89.7,51.1,45073,78.5
192,4,Illinois,IL,Alexander,Republican,Donald Trump,0.524,18.2,58.8,74.6,49.7,26972,35.0
193,5,Illinois,IL,Alexander,Republican,Ted Cruz,0.392,18.2,58.8,74.6,49.7,26972,35.0
194,6,Illinois,IL,Alexander,Republican,John Kasich,0.032,18.2,58.8,74.6,49.7,26972,35.0
195,7,Illinois,IL,Alexander,Republican,Marco Rubio,0.027999999999999997,18.2,58.8,74.6,49.7,26972,35.0
196,8,Illinois,IL,Bond,Republican,Donald Trump,0.41200000000000003,16.5,87.8,86.3,47.3,48163,46.7
197,9,Illinois,IL,Bond,Republican,Ted Cruz,0.386,16.5,87.8,86.3,47.3,48163,46.7
198,10,Illinois,IL,Bond,Republican,John Kasich,0.10099999999999999,16.5,87.8,86.3,47.3,48163,46.7
199,11,Illinois,IL,Bond,Republican,Marco Rubio,0.07400000000000001,16.5,87.8,86.3,47.3,48163,46.7
200,12,Illinois,IL,Boone,Republican,Donald Trump,0.39399999999999996,14.0,74.4,85.8,50.2,60893,193.0
201,13,Illinois,IL,Boone,Republican,Ted Cruz,0.335,14.0,74.4,85.8,50.2,60893,193.0
202,14,Illinois,IL,Boone,Republican,John Kasich,0.165,14.0,74.4,85.8,50.2,60893,193.0
203,15,Illinois,IL,Boone,Republican,Marco Rubio,0.07400000000000001,14.0,74.4,85.8,50.2,60893,193.0
204,16,Illinois,IL,Brown,Republican,Donald Trump,0.508,13.0,74.0,81.5,35.6,42194,22.7
205,17,Illinois,IL,Brown,Republican,Ted Cruz,0.306,13.0,74.0,81.5,35.6,42194,22.7
206,18,Illinois,IL,Brown,Republican,John Kasich,0.10800000000000001,13.0,74.0,81.5,35.6,42194,22.7
207,19,Illinois,IL,Brown,Republican,Marco Rubio,0.048,13.0,74.0,81.5,35.6,42194,22.7
208,20,Illinois,IL,Bureau,Republican,Donald Trump,0.395,19.9,88.7,89.2,51.0,48977,40.2
209,21,Illinois,IL,Bureau,Republican,Ted Cruz,0.307,19.9,88.7,89.2,51.0,48977,40.2
210,22,Illinois,IL,Bureau,Republican,John Kasich,0.174,19.9,88.7,89.2,51.0,48977,40.2
211,23,Illinois,IL,Bureau,Republican,Marco Rubio,0.083,19.9,88.7,89.2,51.0,48977,40.2
212,24,Illinois,IL,Calhoun,Republican,Donald Trump,0.485,22.8,97.7,89.0,49.9,50436,20.0
213,25,Illinois,IL,Calhoun,Republican,Ted Cruz,0.364,22.8,97.7,89.0,49.9,50436,20.0
214,26,Illinois,IL,Calhoun,Republican,John Kasich,0.07400000000000001,22.8,97.7,89.0,49.9,50436,20.0
215,27,Illinois,IL,Calhoun,Republican,Marco Rubio,0.059000000000000004,22.8,97.7,89.0,49.9,50436,20.0
216,28,Illinois,IL,Carroll,Republican,Donald Trump,0.364,23.6,93.6,88.9,50.0,47985,34.6
217,29,Illinois,IL,Carroll,Republican,Ted Cruz,0.293,23.6,93.6,88.9,50.0,47985,34.6
218,30,Illinois,IL,Carroll,Republican,John Kasich,0.20199999999999999,23.6,93.6,88.9,50.0,47985,34.6
219,31,Illinois,IL,Carroll,Republican,Marco Rubio,0.085,23.6,93.6,88.9,50.0,47985,34.6
220,32,Illinois,IL,Cass,Republican,Donald Trump,0.42700000000000005,16.4,76.5,86.0,49.3,45734,36.3
221,33,Illinois,IL,Cass,Republican,Ted Cruz,0.35100000000000003,16.4,76.5,86.0,49.3,45734,36.3
222,34,Illinois,IL,Cass,Republican,John Kasich,0.115,16.4,76.5,86.0,49.3,45734,36.3
223,35,Illinois,IL,Cass,Republican,Marco Rubio,0.07,16.4,76.5,86.0,49.3,45734,36.3
224,36,Illinois,IL,Champaign,Republican,Ted Cruz,0.369,11.1,69.1,93.6,50.1,45808,201.8
225,37,Illinois,IL,Champaign,Republican,Donald Trump,0.293,11.1,69.1,93.6,50.1,45808,201.8
226,38,Illinois,IL,Champaign,Republican,John Kasich,0.196,11.1,69.1,93.6,50.1,45808,201.8
227,39,Illinois,IL,Champaign,Republican,Marco Rubio,0.11,11.1,69.1,93.6,50.1,45808,201.8
228,40,Illinois,IL,Christian,Republican,Donald Trump,0.442,18.6,95.1,88.2,49.1,45145,49.1
229,41,Illinois,IL,Christian,Republican,Ted Cruz,0.363,18.6,95.1,88.2,49.1,45145,49.1
230,42,Illinois,IL,Christian,Republican,John Kasich,0.11199999999999999,18.6,95.1,88.2,49.1,45145,49.1
231,43,Illinois,IL,Christian,Republican,Marco Rubio,0.054000000000000006,18.6,95.1,88.2,49.1,45145,49.1
232,44,Illinois,IL,Clark,Republican,Donald Trump,0.414,18.7,96.8,89.5,50.8,47405,32.6
233,45,Illinois,IL,Clark,Republican,Ted Cruz,0.33799999999999997,18.7,96.8,89.5,50.8,47405,32.6
234,46,Illinois,IL,Clark,Republican,John Kasich,0.122,18.7,96.8,89.5,50.8,47405,32.6
235,47,Illinois,IL,Clark,Republican,Marco Rubio,0.07400000000000001,18.7,96.8,89.5,50.8,47405,32.6
236,48,Illinois,IL,Clay,Republican,Donald Trump,0.48100000000000004,18.8,96.3,87.7,50.7,40640,29.5
237,49,Illinois,IL,Clay,Republican,Ted Cruz,0.366,18.8,96.3,87.7,50.7,40640,29.5
238,50,Illinois,IL,Clay,Republican,John Kasich,0.073,18.8,96.3,87.7,50.7,40640,29.5
239,51,Illinois,IL,Clay,Republican,Marco Rubio,0.047,18.8,96.3,87.7,50.7,40640,29.5
240,52,Illinois,IL,Clinton,Republican,Donald Trump,0.436,16.0,91.6,88.7,48.2,61720,79.7
241,53,Illinois,IL,Clinton,Republican,Ted Cruz,0.371,16.0,91.6,88.7,48.2,61720,79.7
242,54,Illinois,IL,Clinton,Republican,John Kasich,0.10300000000000001,16.0,91.6,88.7,48.2,61720,79.7
243,55,Illinois,IL,Clinton,Republican,Marco Rubio,0.065,16.0,91.6,88.7,48.2,61720,79.7
244,56,Illinois,IL,Coles,Republican,Donald Trump,0.37200000000000005,15.0,91.1,90.0,51.7,37040,106.0
245,57,Illinois,IL,Coles,Republican,Ted Cruz,0.35700000000000004,15.0,91.1,90.0,51.7,37040,106.0
246,58,Illinois,IL,Coles,Republican,John Kasich,0.145,15.0,91.1,90.0,51.7,37040,106.0
247,59,Illinois,IL,Coles,Republican,Marco Rubio,0.086,15.0,91.1,90.0,51.7,37040,106.0
248,60,Illinois,IL,Crawford,Republican,Donald Trump,0.41700000000000004,18.3,91.3,89.2,48.4,46216,44.7
249,61,Illinois,IL,Crawford,Republican,Ted Cruz,0.342,18.3,91.3,89.2,48.4,46216,44.7
250,62,Illinois,IL,Crawford,Republican,John Kasich,0.13,18.3,91.3,89.2,48.4,46216,44.7
251,63,Illinois,IL,Crawford,Republican,Marco Rubio,0.07200000000000001,18.3,91.3,89.2,48.4,46216,44.7
252,64,Illinois,IL,Cumberland,Republican,Ted Cruz,0.40299999999999997,17.6,96.7,88.8,49.9,43958,31.9
253,65,Illinois,IL,Cumberland,Republican,Donald Trump,0.40299999999999997,17.6,96.7,88.8,49.9,43958,31.9
254,66,Illinois,IL,Cumberland,Republican,John Kasich,0.085,17.6,96.7,88.8,49.9,43958,31.9
255,67,Illinois,IL,Cumberland,Republican,Marco Rubio,0.059000000000000004,17.6,96.7,88.8,49.9,43958,31.9
256,68,Illinois,IL,Douglas,Republican,Ted Cruz,0.43,16.3,90.4,83.8,50.4,52741,48.0
257,69,Illinois,IL,Douglas,Republican,Donald Trump,0.33899999999999997,16.3,90.4,83.8,50.4,52741,48.0
258,70,Illinois,IL,Douglas,Republican,John Kasich,0.121,16.3,90.4,83.8,50.4,52741,48.0
259,71,Illinois,IL,Douglas,Republican,Marco Rubio,0.071,16.3,90.4,83.8,50.4,52741,48.0
260,72,Illinois,IL,Edgar,Republican,Donald Trump,0.42200000000000004,20.4,97.3,86.0,51.5,42133,29.8
261,73,Illinois,IL,Edgar,Republican,Ted Cruz,0.321,20.4,97.3,86.0,51.5,42133,29.8
262,74,Illinois,IL,Edgar,Republican,John Kasich,0.132,20.4,97.3,86.0,51.5,42133,29.8
263,75,Illinois,IL,Edgar,Republican,Marco Rubio,0.076,20.4,97.3,86.0,51.5,42133,29.8
264,76,Illinois,IL,Edwards,Republican,Donald Trump,0.44799999999999995,19.2,96.9,86.8,51.1,39075,30.2
265,77,Illinois,IL,Edwards,Republican,Ted Cruz,0.326,19.2,96.9,86.8,51.1,39075,30.2
266,78,Illinois,IL,Edwards,Republican,John Kasich,0.098,19.2,96.9,86.8,51.1,39075,30.2
267,79,Illinois,IL,Edwards,Republican,Marco Rubio,0.071,19.2,96.9,86.8,51.1,39075,30.2
268,80,Illinois,IL,Effingham,Republican,Ted Cruz,0.434,16.8,96.4,90.9,50.2,52108,71.5
269,81,Illinois,IL,Effingham,Republican,Donald Trump,0.364,16.8,96.4,90.9,50.2,52108,71.5
270,82,Illinois,IL,Effingham,Republican,John Kasich,0.11599999999999999,16.8,96.4,90.9,50.2,52108,71.5
271,83,Illinois,IL,Effingham,Republican,Marco Rubio,0.059000000000000004,16.8,96.4,90.9,50.2,52108,71.5
272,84,Illinois,IL,Fayette,Republican,Donald Trump,0.483,17.1,92.2,84.2,46.9,44722,30.9
273,85,Illinois,IL,Fayette,Republican,Ted Cruz,0.366,17.1,92.2,84.2,46.9,44722,30.9
274,86,Illinois,IL,Fayette,Republican,John Kasich,0.07200000000000001,17.1,92.2,84.2,46.9,44722,30.9
275,87,Illinois,IL,Fayette,Republican,Marco Rubio,0.054000000000000006,17.1,92.2,84.2,46.9,44722,30.9
276,88,Illinois,IL,Ford,Republican,Ted Cruz,0.37799999999999995,19.8,94.6,88.6,50.5,48866,29.0
277,89,Illinois,IL,Ford,Republican,Donald Trump,0.36700000000000005,19.8,94.6,88.6,50.5,48866,29.0
278,90,Illinois,IL,Ford,Republican,John Kasich,0.132,19.8,94.6,88.6,50.5,48866,29.0
279,91,Illinois,IL,Ford,Republican,Marco Rubio,0.083,19.8,94.6,88.6,50.5,48866,29.0
280,92,Illinois,IL,Franklin,Republican,Donald Trump,0.5329999999999999,19.5,96.1,87.1,50.9,36273,96.8
281,93,Illinois,IL,Franklin,Republican,Ted Cruz,0.32899999999999996,19.5,96.1,87.1,50.9,36273,96.8
282,94,Illinois,IL,Franklin,Republican,John Kasich,0.066,19.5,96.1,87.1,50.9,36273,96.8
283,95,Illinois,IL,Franklin,Republican,Marco Rubio,0.052000000000000005,19.5,96.1,87.1,50.9,36273,96.8
284,96,Illinois,IL,Fulton,Republican,Donald Trump,0.40700000000000003,18.9,92.2,86.4,47.8,45130,42.8
285,97,Illinois,IL,Fulton,Republican,Ted Cruz,0.369,18.9,92.2,86.4,47.8,45130,42.8
286,98,Illinois,IL,Fulton,Republican,John Kasich,0.142,18.9,92.2,86.4,47.8,45130,42.8
287,99,Illinois,IL,Fulton,Republican,Marco Rubio,0.054000000000000006,18.9,92.2,86.4,47.8,45130,42.8
288,100,Illinois,IL,Gallatin,Republican,Donald Trump,0.5479999999999999,22.8,95.4,81.3,51.5,40330,17.3
289,101,Illinois,IL,Gallatin,Republican,Ted Cruz,0.32,22.8,95.4,81.3,51.5,40330,17.3
290,102,Illinois,IL,Gallatin,Republican,John Kasich,0.062,22.8,95.4,81.3,51.5,40330,17.3
291,103,Illinois,IL,Gallatin,Republican,Marco Rubio,0.048,22.8,95.4,81.3,51.5,40330,17.3
292,104,Illinois,IL,Greene,Republican,Donald Trump,0.46799999999999997,18.3,96.9,88.6,49.7,43502,25.6
293,105,Illinois,IL,Greene,Republican,Ted Cruz,0.373,18.3,96.9,88.6,49.7,43502,25.6
294,106,Illinois,IL,Greene,Republican,John Kasich,0.067,18.3,96.9,88.6,49.7,43502,25.6
295,107,Illinois,IL,Greene,Republican,Marco Rubio,0.06,18.3,96.9,88.6,49.7,43502,25.6
296,108,Illinois,IL,Grundy,Republican,Donald Trump,0.469,12.9,87.4,91.7,50.1,64541,119.8
297,109,Illinois,IL,Grundy,Republican,Ted Cruz,0.273,12.9,87.4,91.7,50.1,64541,119.8
298,110,Illinois,IL,Grundy,Republican,John Kasich,0.14800000000000002,12.9,87.4,91.7,50.1,64541,119.8
299,111,Illinois,IL,Grundy,Republican,Marco Rubio,0.08,12.9,87.4,91.7,50.1,64541,119.8
300,112,Illinois,IL,Hamilton,Republican,Donald Trump,0.46399999999999997,20.2,96.6,83.8,51.0,38417,19.5
301,113,Illinois,IL,Hamilton,Republican,Ted Cruz,0.366,20.2,96.6,83.8,51.0,38417,19.5
302,114,Illinois,IL,Hamilton,Republican,John Kasich,0.08199999999999999,20.2,96.6,83.8,51.0,38417,19.5
303,115,Illinois,IL,Hamilton,Republican,Marco Rubio,0.059000000000000004,20.2,96.6,83.8,51.0,38417,19.5
304,116,Illinois,IL,Hancock,Republican,Donald Trump,0.43,23.1,96.7,90.6,50.6,43925,24.1
305,117,Illinois,IL,Hancock,Republican,Ted Cruz,0.353,23.1,96.7,90.6,50.6,43925,24.1
306,118,Illinois,IL,Hancock,Republican,John Kasich,0.13699999999999998,23.1,96.7,90.6,50.6,43925,24.1
307,119,Illinois,IL,Hancock,Republican,Marco Rubio,0.052000000000000005,23.1,96.7,90.6,50.6,43925,24.1
308,120,Illinois,IL,Hardin,Republican,Donald Trump,0.528,23.3,95.2,83.2,49.4,37071,24.3
309,121,Illinois,IL,Hardin,Republican,Ted Cruz,0.33899999999999997,23.3,95.2,83.2,49.4,37071,24.3
310,122,Illinois,IL,Hardin,Republican,John Kasich,0.057,23.3,95.2,83.2,49.4,37071,24.3
311,123,Illinois,IL,Hardin,Republican,Marco Rubio,0.047,23.3,95.2,83.2,49.4,37071,24.3
312,124,Illinois,IL,Henderson,Republican,Donald Trump,0.424,23.6,96.5,88.4,51.0,49389,19.3
313,125,Illinois,IL,Henderson,Republican,Ted Cruz,0.331,23.6,96.5,88.4,51.0,49389,19.3
314,126,Illinois,IL,Henderson,Republican,John Kasich,0.15,23.6,96.5,88.4,51.0,49389,19.3
315,127,Illinois,IL,Henderson,Republican,Marco Rubio,0.063,23.6,96.5,88.4,51.0,49389,19.3
316,128,Illinois,IL,Henry,Republican,Donald Trump,0.353,18.5,91.0,89.7,50.2,52940,61.3
317,129,Illinois,IL,Henry,Republican,Ted Cruz,0.325,18.5,91.0,89.7,50.2,52940,61.3
318,130,Illinois,IL,Henry,Republican,John Kasich,0.203,18.5,91.0,89.7,50.2,52940,61.3
319,131,Illinois,IL,Henry,Republican,Marco Rubio,0.08800000000000001,18.5,91.0,89.7,50.2,52940,61.3
320,132,Illinois,IL,Iroquois,Republican,Donald Trump,0.426,20.4,90.6,88.3,51.1,47079,26.6
321,133,Illinois,IL,Iroquois,Republican,Ted Cruz,0.33299999999999996,20.4,90.6,88.3,51.1,47079,26.6
322,134,Illinois,IL,Iroquois,Republican,John Kasich,0.125,20.4,90.6,88.3,51.1,47079,26.6
323,135,Illinois,IL,Iroquois,Republican,Marco Rubio,0.075,20.4,90.6,88.3,51.1,47079,26.6
324,136,Illinois,IL,Jackson,Republican,Donald Trump,0.381,13.0,74.5,89.7,49.8,33479,103.1
325,137,Illinois,IL,Jackson,Republican,Ted Cruz,0.354,13.0,74.5,89.7,49.8,33479,103.1
326,138,Illinois,IL,Jackson,Republican,John Kasich,0.13699999999999998,13.0,74.5,89.7,49.8,33479,103.1
327,139,Illinois,IL,Jackson,Republican,Marco Rubio,0.099,13.0,74.5,89.7,49.8,33479,103.1
328,140,Illinois,IL,Jasper,Republican,Ted Cruz,0.424,18.2,97.1,91.5,50.0,52233,19.6
329,141,Illinois,IL,Jasper,Republican,Donald Trump,0.376,18.2,97.1,91.5,50.0,52233,19.6
330,142,Illinois,IL,Jasper,Republican,John Kasich,0.11699999999999999,18.2,97.1,91.5,50.0,52233,19.6
331,143,Illinois,IL,Jasper,Republican,Marco Rubio,0.048,18.2,97.1,91.5,50.0,52233,19.6
332,144,Illinois,IL,Jefferson,Republican,Donald Trump,0.45899999999999996,17.6,86.1,86.8,48.6,42981,68.0
333,145,Illinois,IL,Jefferson,Republican,Ted Cruz,0.36,17.6,86.1,86.8,48.6,42981,68.0
334,146,Illinois,IL,Jefferson,Republican,John Kasich,0.091,17.6,86.1,86.8,48.6,42981,68.0
335,147,Illinois,IL,Jefferson,Republican,Marco Rubio,0.061,17.6,86.1,86.8,48.6,42981,68.0
336,148,Illinois,IL,Jersey,Republican,Donald Trump,0.47600000000000003,17.6,96.3,88.3,51.3,53954,62.2
337,149,Illinois,IL,Jersey,Republican,Ted Cruz,0.36200000000000004,17.6,96.3,88.3,51.3,53954,62.2
338,150,Illinois,IL,Jersey,Republican,John Kasich,0.08,17.6,96.3,88.3,51.3,53954,62.2
339,151,Illinois,IL,Jersey,Republican,Marco Rubio,0.055,17.6,96.3,88.3,51.3,53954,62.2
340,152,Illinois,IL,Johnson,Republican,Donald Trump,0.439,19.3,87.2,83.4,44.3,40760,36.6
341,153,Illinois,IL,Johnson,Republican,Ted Cruz,0.38799999999999996,19.3,87.2,83.4,44.3,40760,36.6
342,154,Illinois,IL,Johnson,Republican,John Kasich,0.08,19.3,87.2,83.4,44.3,40760,36.6
343,155,Illinois,IL,Johnson,Republican,Marco Rubio,0.054000000000000006,19.3,87.2,83.4,44.3,40760,36.6
344,156,Illinois,IL,Kane,Republican,Donald Trump,0.36,11.7,58.1,82.8,50.2,69530,990.8
345,157,Illinois,IL,Kane,Republican,Ted Cruz,0.28,11.7,58.1,82.8,50.2,69530,990.8
346,158,Illinois,IL,Kane,Republican,John Kasich,0.24,11.7,58.1,82.8,50.2,69530,990.8
347,159,Illinois,IL,Kane,Republican,Marco Rubio,0.099,11.7,58.1,82.8,50.2,69530,990.8
348,160,Illinois,IL,Kankakee,Republican,Donald Trump,0.42700000000000005,14.9,72.3,86.4,50.9,50102,167.7
349,161,Illinois,IL,Kankakee,Republican,Ted Cruz,0.31,14.9,72.3,86.4,50.9,50102,167.7
350,162,Illinois,IL,Kankakee,Republican,John Kasich,0.153,14.9,72.3,86.4,50.9,50102,167.7
351,163,Illinois,IL,Kankakee,Republican,Marco Rubio,0.078,14.9,72.3,86.4,50.9,50102,167.7
352,164,Illinois,IL,Kendall,Republican,Donald Trump,0.39899999999999997,9.0,71.9,92.5,50.6,81765,358.2
353,165,Illinois,IL,Kendall,Republican,Ted Cruz,0.295,9.0,71.9,92.5,50.6,81765,358.2
354,166,Illinois,IL,Kendall,Republican,John Kasich,0.188,9.0,71.9,92.5,50.6,81765,358.2
355,167,Illinois,IL,Kendall,Republican,Marco Rubio,0.09300000000000001,9.0,71.9,92.5,50.6,81765,358.2
356,168,Illinois,IL,Knox,Republican,Donald Trump,0.364,19.6,83.7,85.9,49.7,40667,73.9
357,169,Illinois,IL,Knox,Republican,Ted Cruz,0.344,19.6,83.7,85.9,49.7,40667,73.9
358,170,Illinois,IL,Knox,Republican,John Kasich,0.182,19.6,83.7,85.9,49.7,40667,73.9
359,171,Illinois,IL,Knox,Republican,Marco Rubio,0.079,19.6,83.7,85.9,49.7,40667,73.9
360,172,Illinois,IL,Lake,Republican,Donald Trump,0.361,12.2,63.3,88.9,50.1,77469,1585.6
361,173,Illinois,IL,Lake,Republican,John Kasich,0.271,12.2,63.3,88.9,50.1,77469,1585.6
362,174,Illinois,IL,Lake,Republican,Ted Cruz,0.243,12.2,63.3,88.9,50.1,77469,1585.6
363,175,Illinois,IL,Lake,Republican,Marco Rubio,0.105,12.2,63.3,88.9,50.1,77469,1585.6
364,176,Illinois,IL,Lawrence,Republican,Donald Trump,0.499,17.0,85.0,76.1,44.0,40145,45.2
365,177,Illinois,IL,Lawrence,Republican,Ted Cruz,0.28300000000000003,17.0,85.0,76.1,44.0,40145,45.2
366,178,Illinois,IL,Lawrence,Republican,John Kasich,0.114,17.0,85.0,76.1,44.0,40145,45.2
367,179,Illinois,IL,Lawrence,Republican,Marco Rubio,0.054000000000000006,17.0,85.0,76.1,44.0,40145,45.2
368,180,Illinois,IL,Lee,Republican,Donald Trump,0.348,17.5,87.0,86.4,47.2,50060,49.7
369,181,Illinois,IL,Lee,Republican,Ted Cruz,0.341,17.5,87.0,86.4,47.2,50060,49.7
370,182,Illinois,IL,Lee,Republican,John Kasich,0.203,17.5,87.0,86.4,47.2,50060,49.7
371,183,Illinois,IL,Lee,Republican,Marco Rubio,0.067,17.5,87.0,86.4,47.2,50060,49.7
372,184,Illinois,IL,Livingston,Republican,Ted Cruz,0.38799999999999996,17.0,88.2,86.1,49.6,54614,37.3
373,185,Illinois,IL,Livingston,Republican,Donald Trump,0.341,17.0,88.2,86.1,49.6,54614,37.3
374,186,Illinois,IL,Livingston,Republican,John Kasich,0.14300000000000002,17.0,88.2,86.1,49.6,54614,37.3
375,187,Illinois,IL,Livingston,Republican,Marco Rubio,0.079,17.0,88.2,86.1,49.6,54614,37.3
376,188,Illinois,IL,Logan,Republican,Ted Cruz,0.389,17.1,86.6,85.8,49.4,47133,49.0
377,189,Illinois,IL,Logan,Republican,Donald Trump,0.36,17.1,86.6,85.8,49.4,47133,49.0
378,190,Illinois,IL,Logan,Republican,John Kasich,0.147,17.1,86.6,85.8,49.4,47133,49.0
379,191,Illinois,IL,Logan,Republican,Marco Rubio,0.07200000000000001,17.1,86.6,85.8,49.4,47133,49.0
380,192,Illinois,IL,Macon,Republican,Donald Trump,0.40299999999999997,17.9,77.2,88.1,52.2,46559,190.8
381,193,Illinois,IL,Macon,Republican,Ted Cruz,0.39799999999999996,17.9,77.2,88.1,52.2,46559,190.8
382,194,Illinois,IL,Macon,Republican,John Kasich,0.12,17.9,77.2,88.1,52.2,46559,190.8
383,195,Illinois,IL,Macon,Republican,Marco Rubio,0.057999999999999996,17.9,77.2,88.1,52.2,46559,190.8
384,196,Illinois,IL,Macoupin,Republican,Donald Trump,0.478,18.7,96.3,89.1,50.6,49590,55.4
385,197,Illinois,IL,Macoupin,Republican,Ted Cruz,0.34,18.7,96.3,89.1,50.6,49590,55.4
386,198,Illinois,IL,Macoupin,Republican,John Kasich,0.098,18.7,96.3,89.1,50.6,49590,55.4
387,199,Illinois,IL,Macoupin,Republican,Marco Rubio,0.055,18.7,96.3,89.1,50.6,49590,55.4
388,200,Illinois,IL,Madison,Republican,Donald Trump,0.43200000000000005,15.7,85.7,90.9,51.1,53633,376.3
389,201,Illinois,IL,Madison,Republican,Ted Cruz,0.36700000000000005,15.7,85.7,90.9,51.1,53633,376.3
390,202,Illinois,IL,Madison,Republican,John Kasich,0.107,15.7,85.7,90.9,51.1,53633,376.3
391,203,Illinois,IL,Madison,Republican,Marco Rubio,0.071,15.7,85.7,90.9,51.1,53633,376.3
392,204,Illinois,IL,Marion,Republican,Donald Trump,0.457,18.4,91.8,86.7,51.1,41010,68.9
393,205,Illinois,IL,Marion,Republican,Ted Cruz,0.361,18.4,91.8,86.7,51.1,41010,68.9
394,206,Illinois,IL,Marion,Republican,John Kasich,0.085,18.4,91.8,86.7,51.1,41010,68.9
395,207,Illinois,IL,Marion,Republican,Marco Rubio,0.062,18.4,91.8,86.7,51.1,41010,68.9
396,208,Illinois,IL,Marshall,Republican,Ted Cruz,0.39299999999999996,21.8,94.6,90.8,50.7,51504,32.7
397,209,Illinois,IL,Marshall,Republican,Donald Trump,0.37,21.8,94.6,90.8,50.7,51504,32.7
398,210,Illinois,IL,Marshall,Republican,John Kasich,0.146,21.8,94.6,90.8,50.7,51504,32.7
399,211,Illinois,IL,Marshall,Republican,Marco Rubio,0.062,21.8,94.6,90.8,50.7,51504,32.7
400,212,Illinois,IL,Mason,Republican,Donald Trump,0.413,19.8,96.6,85.4,50.4,42260,27.2
401,213,Illinois,IL,Mason,Republican,Ted Cruz,0.36200000000000004,19.8,96.6,85.4,50.4,42260,27.2
402,214,Illinois,IL,Mason,Republican,John Kasich,0.125,19.8,96.6,85.4,50.4,42260,27.2
403,215,Illinois,IL,Mason,Republican,Marco Rubio,0.071,19.8,96.6,85.4,50.4,42260,27.2
404,216,Illinois,IL,Massac,Republican,Donald Trump,0.444,20.3,89.0,83.4,52.4,43615,65.0
405,217,Illinois,IL,Massac,Republican,Ted Cruz,0.39899999999999997,20.3,89.0,83.4,52.4,43615,65.0
406,218,Illinois,IL,Massac,Republican,John Kasich,0.075,20.3,89.0,83.4,52.4,43615,65.0
407,219,Illinois,IL,Massac,Republican,Marco Rubio,0.057,20.3,89.0,83.4,52.4,43615,65.0
408,220,Illinois,IL,McDonough,Republican,Donald Trump,0.366,14.9,88.1,91.7,50.5,36031,55.3
409,221,Illinois,IL,McDonough,Republican,Ted Cruz,0.332,14.9,88.1,91.7,50.5,36031,55.3
410,222,Illinois,IL,McDonough,Republican,John Kasich,0.185,14.9,88.1,91.7,50.5,36031,55.3
411,223,Illinois,IL,McDonough,Republican,Marco Rubio,0.079,14.9,88.1,91.7,50.5,36031,55.3
412,224,Illinois,IL,McHenry,Republican,Donald Trump,0.409,12.1,82.2,92.1,50.1,76145,511.9
413,225,Illinois,IL,McHenry,Republican,Ted Cruz,0.259,12.1,82.2,92.1,50.1,76145,511.9
414,226,Illinois,IL,McHenry,Republican,John Kasich,0.212,12.1,82.2,92.1,50.1,76145,511.9
415,227,Illinois,IL,McHenry,Republican,Marco Rubio,0.094,12.1,82.2,92.1,50.1,76145,511.9
416,228,Illinois,IL,McLean,Republican,Ted Cruz,0.41600000000000004,11.4,80.3,94.4,51.3,62089,143.3
417,229,Illinois,IL,McLean,Republican,Donald Trump,0.275,11.4,80.3,94.4,51.3,62089,143.3
418,230,Illinois,IL,McLean,Republican,John Kasich,0.185,11.4,80.3,94.4,51.3,62089,143.3
419,231,Illinois,IL,McLean,Republican,Marco Rubio,0.09699999999999999,11.4,80.3,94.4,51.3,62089,143.3
420,232,Illinois,IL,Menard,Republican,Ted Cruz,0.37799999999999995,18.1,95.8,92.5,51.3,58190,40.4
421,233,Illinois,IL,Menard,Republican,Donald Trump,0.35100000000000003,18.1,95.8,92.5,51.3,58190,40.4
422,234,Illinois,IL,Menard,Republican,John Kasich,0.17600000000000002,18.1,95.8,92.5,51.3,58190,40.4
423,235,Illinois,IL,Menard,Republican,Marco Rubio,0.065,18.1,95.8,92.5,51.3,58190,40.4
424,236,Illinois,IL,Mercer,Republican,Ted Cruz,0.39899999999999997,20.5,96.2,90.5,50.6,53136,29.3
425,237,Illinois,IL,Mercer,Republican,Donald Trump,0.34299999999999997,20.5,96.2,90.5,50.6,53136,29.3
426,238,Illinois,IL,Mercer,Republican,John Kasich,0.153,20.5,96.2,90.5,50.6,53136,29.3
427,239,Illinois,IL,Mercer,Republican,Marco Rubio,0.073,20.5,96.2,90.5,50.6,53136,29.3
428,240,Illinois,IL,Monroe,Republican,Donald Trump,0.429,16.0,96.6,92.8,50.3,68482,85.6
429,241,Illinois,IL,Monroe,Republican,Ted Cruz,0.34600000000000003,16.0,96.6,92.8,50.3,68482,85.6
430,242,Illinois,IL,Monroe,Republican,John Kasich,0.114,16.0,96.6,92.8,50.3,68482,85.6
431,243,Illinois,IL,Monroe,Republican,Marco Rubio,0.084,16.0,96.6,92.8,50.3,68482,85.6
432,244,Illinois,IL,Montgomery,Republican,Donald Trump,0.43700000000000006,18.4,93.6,85.1,47.7,41952,42.8
433,245,Illinois,IL,Montgomery,Republican,Ted Cruz,0.35100000000000003,18.4,93.6,85.1,47.7,41952,42.8
434,246,Illinois,IL,Montgomery,Republican,John Kasich,0.107,18.4,93.6,85.1,47.7,41952,42.8
435,247,Illinois,IL,Montgomery,Republican,Marco Rubio,0.073,18.4,93.6,85.1,47.7,41952,42.8
436,248,Illinois,IL,Morgan,Republican,Donald Trump,0.38,18.3,89.1,88.1,49.4,46809,62.5
437,249,Illinois,IL,Morgan,Republican,Ted Cruz,0.325,18.3,89.1,88.1,49.4,46809,62.5
438,250,Illinois,IL,Morgan,Republican,John Kasich,0.16699999999999998,18.3,89.1,88.1,49.4,46809,62.5
439,251,Illinois,IL,Morgan,Republican,Marco Rubio,0.084,18.3,89.1,88.1,49.4,46809,62.5
440,252,Illinois,IL,Moultrie,Republican,Ted Cruz,0.489,19.0,97.1,85.0,51.0,46622,44.2
441,253,Illinois,IL,Moultrie,Republican,Donald Trump,0.33299999999999996,19.0,97.1,85.0,51.0,46622,44.2
442,254,Illinois,IL,Moultrie,Republican,John Kasich,0.098,19.0,97.1,85.0,51.0,46622,44.2
443,255,Illinois,IL,Moultrie,Republican,Marco Rubio,0.052000000000000005,19.0,97.1,85.0,51.0,46622,44.2
444,256,Illinois,IL,Ogle,Republican,Ted Cruz,0.386,17.2,87.7,88.9,50.3,54541,70.5
445,257,Illinois,IL,Ogle,Republican,Donald Trump,0.361,17.2,87.7,88.9,50.3,54541,70.5
446,258,Illinois,IL,Ogle,Republican,John Kasich,0.157,17.2,87.7,88.9,50.3,54541,70.5
447,259,Illinois,IL,Ogle,Republican,Marco Rubio,0.065,17.2,87.7,88.9,50.3,54541,70.5
448,260,Illinois,IL,Peoria,Republican,Ted Cruz,0.406,15.0,71.2,89.9,51.6,50712,301.2
449,261,Illinois,IL,Peoria,Republican,Donald Trump,0.299,15.0,71.2,89.9,51.6,50712,301.2
450,262,Illinois,IL,Peoria,Republican,John Kasich,0.19899999999999998,15.0,71.2,89.9,51.6,50712,301.2
451,263,Illinois,IL,Peoria,Republican,Marco Rubio,0.076,15.0,71.2,89.9,51.6,50712,301.2
452,264,Illinois,IL,Perry,Republican,Donald Trump,0.46,17.3,86.1,84.5,45.6,42078,50.6
453,265,Illinois,IL,Perry,Republican,Ted Cruz,0.359,17.3,86.1,84.5,45.6,42078,50.6
454,266,Illinois,IL,Perry,Republican,John Kasich,0.086,17.3,86.1,84.5,45.6,42078,50.6
455,267,Illinois,IL,Perry,Republican,Marco Rubio,0.063,17.3,86.1,84.5,45.6,42078,50.6
456,268,Illinois,IL,Piatt,Republican,Ted Cruz,0.39899999999999997,18.1,96.7,92.7,50.3,63027,38.1
457,269,Illinois,IL,Piatt,Republican,Donald Trump,0.322,18.1,96.7,92.7,50.3,63027,38.1
458,270,Illinois,IL,Piatt,Republican,John Kasich,0.151,18.1,96.7,92.7,50.3,63027,38.1
459,271,Illinois,IL,Piatt,Republican,Marco Rubio,0.091,18.1,96.7,92.7,50.3,63027,38.1
460,272,Illinois,IL,Pike,Republican,Donald Trump,0.48200000000000004,19.8,95.6,86.1,49.9,39845,19.8
461,273,Illinois,IL,Pike,Republican,Ted Cruz,0.342,19.8,95.6,86.1,49.9,39845,19.8
462,274,Illinois,IL,Pike,Republican,John Kasich,0.086,19.8,95.6,86.1,49.9,39845,19.8
463,275,Illinois,IL,Pike,Republican,Marco Rubio,0.054000000000000006,19.8,95.6,86.1,49.9,39845,19.8
464,276,Illinois,IL,Pope,Republican,Donald Trump,0.5,21.3,89.6,87.6,47.1,38371,12.1
465,277,Illinois,IL,Pope,Republican,Ted Cruz,0.36,21.3,89.6,87.6,47.1,38371,12.1
466,278,Illinois,IL,Pope,Republican,John Kasich,0.079,21.3,89.6,87.6,47.1,38371,12.1
467,279,Illinois,IL,Pope,Republican,Marco Rubio,0.040999999999999995,21.3,89.6,87.6,47.1,38371,12.1
468,280,Illinois,IL,Pulaski,Republican,Donald Trump,0.528,20.2,63.6,80.2,51.9,33717,30.9
469,281,Illinois,IL,Pulaski,Republican,Ted Cruz,0.373,20.2,63.6,80.2,51.9,33717,30.9
470,282,Illinois,IL,Pulaski,Republican,John Kasich,0.044000000000000004,20.2,63.6,80.2,51.9,33717,30.9
471,283,Illinois,IL,Pulaski,Republican,Marco Rubio,0.03,20.2,63.6,80.2,51.9,33717,30.9
472,284,Illinois,IL,Putnam,Republican,Donald Trump,0.48700000000000004,19.8,93.1,88.8,49.1,54196,37.5
473,285,Illinois,IL,Putnam,Republican,Ted Cruz,0.28600000000000003,19.8,93.1,88.8,49.1,54196,37.5
474,286,Illinois,IL,Putnam,Republican,John Kasich,0.14300000000000002,19.8,93.1,88.8,49.1,54196,37.5
475,287,Illinois,IL,Putnam,Republican,Marco Rubio,0.049,19.8,93.1,88.8,49.1,54196,37.5
476,288,Illinois,IL,Randolph,Republican,Donald Trump,0.467,17.2,85.8,82.2,45.0,47427,58.2
477,289,Illinois,IL,Randolph,Republican,Ted Cruz,0.377,17.2,85.8,82.2,45.0,47427,58.2
478,290,Illinois,IL,Randolph,Republican,John Kasich,0.077,17.2,85.8,82.2,45.0,47427,58.2
479,291,Illinois,IL,Randolph,Republican,Marco Rubio,0.057999999999999996,17.2,85.8,82.2,45.0,47427,58.2
480,292,Illinois,IL,Richland,Republican,Donald Trump,0.484,20.0,95.9,90.6,50.6,44070,45.1
481,293,Illinois,IL,Richland,Republican,Ted Cruz,0.285,20.0,95.9,90.6,50.6,44070,45.1
482,294,Illinois,IL,Richland,Republican,John Kasich,0.135,20.0,95.9,90.6,50.6,44070,45.1
483,295,Illinois,IL,Richland,Republican,Marco Rubio,0.055,20.0,95.9,90.6,50.6,44070,45.1
484,296,Illinois,IL,Saline,Republican,Donald Trump,0.49700000000000005,19.2,91.7,84.9,50.7,37800,65.6
485,297,Illinois,IL,Saline,Republican,Ted Cruz,0.342,19.2,91.7,84.9,50.7,37800,65.6
486,298,Illinois,IL,Saline,Republican,John Kasich,0.08199999999999999,19.2,91.7,84.9,50.7,37800,65.6
487,299,Illinois,IL,Saline,Republican,Marco Rubio,0.053,19.2,91.7,84.9,50.7,37800,65.6
488,300,Illinois,IL,Sangamon,Republican,Ted Cruz,0.348,15.5,81.4,92.0,52.0,55449,227.4
489,301,Illinois,IL,Sangamon,Republican,Donald Trump,0.33899999999999997,15.5,81.4,92.0,52.0,55449,227.4
490,302,Illinois,IL,Sangamon,Republican,John Kasich,0.20800000000000002,15.5,81.4,92.0,52.0,55449,227.4
491,303,Illinois,IL,Sangamon,Republican,Marco Rubio,0.073,15.5,81.4,92.0,52.0,55449,227.4
492,304,Illinois,IL,Schuyler,Republican,Donald Trump,0.444,19.7,93.9,88.9,47.3,48138,17.3
493,305,Illinois,IL,Schuyler,Republican,Ted Cruz,0.31,19.7,93.9,88.9,47.3,48138,17.3
494,306,Illinois,IL,Schuyler,Republican,John Kasich,0.135,19.7,93.9,88.9,47.3,48138,17.3
495,307,Illinois,IL,Schuyler,Republican,Marco Rubio,0.07200000000000001,19.7,93.9,88.9,47.3,48138,17.3
496,308,Illinois,IL,Scott,Republican,Donald Trump,0.452,18.6,97.0,89.8,51.9,49669,21.3
497,309,Illinois,IL,Scott,Republican,Ted Cruz,0.335,18.6,97.0,89.8,51.9,49669,21.3
498,310,Illinois,IL,Scott,Republican,John Kasich,0.106,18.6,97.0,89.8,51.9,49669,21.3
499,311,Illinois,IL,Scott,Republican,Marco Rubio,0.07,18.6,97.0,89.8,51.9,49669,21.3
500,312,Illinois,IL,Shelby,Republican,Ted Cruz,0.426,20.6,97.4,89.8,50.6,47188,29.5
501,313,Illinois,IL,Shelby,Republican,Donald Trump,0.39899999999999997,20.6,97.4,89.8,50.6,47188,29.5
502,314,Illinois,IL,Shelby,Republican,John Kasich,0.096,20.6,97.4,89.8,50.6,47188,29.5
503,315,Illinois,IL,Shelby,Republican,Marco Rubio,0.051,20.6,97.4,89.8,50.6,47188,29.5
504,316,Illinois,IL,Stark,Republican,Ted Cruz,0.384,24.4,96.5,87.9,50.7,54203,20.8
505,317,Illinois,IL,Stark,Republican,Donald Trump,0.34,24.4,96.5,87.9,50.7,54203,20.8
506,318,Illinois,IL,Stark,Republican,John Kasich,0.183,24.4,96.5,87.9,50.7,54203,20.8
507,319,Illinois,IL,Stark,Republican,Marco Rubio,0.063,24.4,96.5,87.9,50.7,54203,20.8
508,320,Illinois,IL,Stephenson,Republican,Ted Cruz,0.358,20.5,83.8,89.5,51.6,43472,84.5
509,321,Illinois,IL,Stephenson,Republican,Donald Trump,0.336,20.5,83.8,89.5,51.6,43472,84.5
510,322,Illinois,IL,Stephenson,Republican,John Kasich,0.183,20.5,83.8,89.5,51.6,43472,84.5
511,323,Illinois,IL,Stephenson,Republican,Marco Rubio,0.081,20.5,83.8,89.5,51.6,43472,84.5
512,324,Illinois,IL,Tazewell,Republican,Ted Cruz,0.446,17.0,94.2,91.7,50.6,56067,208.6
513,325,Illinois,IL,Tazewell,Republican,Donald Trump,0.312,17.0,94.2,91.7,50.6,56067,208.6
514,326,Illinois,IL,Tazewell,Republican,John Kasich,0.152,17.0,94.2,91.7,50.6,56067,208.6
515,327,Illinois,IL,Tazewell,Republican,Marco Rubio,0.067,17.0,94.2,91.7,50.6,56067,208.6
516,328,Illinois,IL,Union,Republican,Donald Trump,0.435,19.9,91.8,83.9,50.1,41848,43.1
517,329,Illinois,IL,Union,Republican,Ted Cruz,0.39399999999999996,19.9,91.8,83.9,50.1,41848,43.1
518,330,Illinois,IL,Union,Republican,John Kasich,0.095,19.9,91.8,83.9,50.1,41848,43.1
519,331,Illinois,IL,Union,Republican,Marco Rubio,0.054000000000000006,19.9,91.8,83.9,50.1,41848,43.1
520,332,Illinois,IL,Vermilion,Republican,Donald Trump,0.446,17.4,79.3,85.7,50.3,41400,90.9
521,333,Illinois,IL,Vermilion,Republican,Ted Cruz,0.331,17.4,79.3,85.7,50.3,41400,90.9
522,334,Illinois,IL,Vermilion,Republican,John Kasich,0.114,17.4,79.3,85.7,50.3,41400,90.9
523,335,Illinois,IL,Vermilion,Republican,Marco Rubio,0.07,17.4,79.3,85.7,50.3,41400,90.9
524,336,Illinois,IL,Wabash,Republican,Donald Trump,0.424,18.9,95.5,89.3,50.6,47365,53.5
525,337,Illinois,IL,Wabash,Republican,Ted Cruz,0.335,18.9,95.5,89.3,50.6,47365,53.5
526,338,Illinois,IL,Wabash,Republican,John Kasich,0.124,18.9,95.5,89.3,50.6,47365,53.5
527,339,Illinois,IL,Wabash,Republican,Marco Rubio,0.084,18.9,95.5,89.3,50.6,47365,53.5
528,340,Illinois,IL,Warren,Republican,Donald Trump,0.33299999999999996,18.4,85.1,87.8,51.2,43536,32.6
529,341,Illinois,IL,Warren,Republican,Ted Cruz,0.32299999999999995,18.4,85.1,87.8,51.2,43536,32.6
530,342,Illinois,IL,Warren,Republican,John Kasich,0.22699999999999998,18.4,85.1,87.8,51.2,43536,32.6
531,343,Illinois,IL,Warren,Republican,Marco Rubio,0.076,18.4,85.1,87.8,51.2,43536,32.6
532,344,Illinois,IL,Washington,Republican,Donald Trump,0.42100000000000004,18.4,96.2,89.7,49.9,52832,26.2
533,345,Illinois,IL,Washington,Republican,Ted Cruz,0.375,18.4,96.2,89.7,49.9,52832,26.2
534,346,Illinois,IL,Washington,Republican,John Kasich,0.111,18.4,96.2,89.7,49.9,52832,26.2
535,347,Illinois,IL,Washington,Republican,Marco Rubio,0.066,18.4,96.2,89.7,49.9,52832,26.2
536,348,Illinois,IL,Wayne,Republican,Donald Trump,0.49700000000000005,19.8,96.4,86.4,50.7,43605,23.5
537,349,Illinois,IL,Wayne,Republican,Ted Cruz,0.31,19.8,96.4,86.4,50.7,43605,23.5
538,350,Illinois,IL,Wayne,Republican,John Kasich,0.10099999999999999,19.8,96.4,86.4,50.7,43605,23.5
539,351,Illinois,IL,Wayne,Republican,Marco Rubio,0.046,19.8,96.4,86.4,50.7,43605,23.5
540,352,Illinois,IL,White,Republican,Donald Trump,0.51,21.8,96.9,85.4,51.4,42914,29.6
541,353,Illinois,IL,White,Republican,Ted Cruz,0.28600000000000003,21.8,96.9,85.4,51.4,42914,29.6
542,354,Illinois,IL,White,Republican,John Kasich,0.102,21.8,96.9,85.4,51.4,42914,29.6
543,355,Illinois,IL,White,Republican,Marco Rubio,0.062,21.8,96.9,85.4,51.4,42914,29.6
544,356,Illinois,IL,Whiteside,Republican,Donald Trump,0.35600000000000004,18.9,84.9,87.4,50.7,47667,85.5
545,357,Illinois,IL,Whiteside,Republican,Ted Cruz,0.348,18.9,84.9,87.4,50.7,47667,85.5
546,358,Illinois,IL,Whiteside,Republican,John Kasich,0.195,18.9,84.9,87.4,50.7,47667,85.5
547,359,Illinois,IL,Whiteside,Republican,Marco Rubio,0.067,18.9,84.9,87.4,50.7,47667,85.5
548,360,Illinois,IL,Will,Republican,Donald Trump,0.46399999999999997,11.2,65.3,90.5,50.4,76147,809.6
549,361,Illinois,IL,Will,Republican,Ted Cruz,0.257,11.2,65.3,90.5,50.4,76147,809.6
550,362,Illinois,IL,Will,Republican,John Kasich,0.179,11.2,65.3,90.5,50.4,76147,809.6
551,363,Illinois,IL,Will,Republican,Marco Rubio,0.08199999999999999,11.2,65.3,90.5,50.4,76147,809.6
552,364,Illinois,IL,Williamson,Republican,Donald Trump,0.45399999999999996,17.6,90.7,88.9,50.3,43125,157.9
553,365,Illinois,IL,Williamson,Republican,Ted Cruz,0.369,17.6,90.7,88.9,50.3,43125,157.9
554,366,Illinois,IL,Williamson,Republican,John Kasich,0.096,17.6,90.7,88.9,50.3,43125,157.9
555,367,Illinois,IL,Williamson,Republican,Marco Rubio,0.062,17.6,90.7,88.9,50.3,43125,157.9
556,368,Illinois,IL,Winnebago,Republican,Ted Cruz,0.405,15.6,70.8,86.2,51.2,47072,575.2
557,369,Illinois,IL,Winnebago,Republican,Donald Trump,0.35200000000000004,15.6,70.8,86.2,51.2,47072,575.2
558,370,Illinois,IL,Winnebago,Republican,John Kasich,0.154,15.6,70.8,86.2,51.2,47072,575.2
559,371,Illinois,IL,Winnebago,Republican,Marco Rubio,0.065,15.6,70.8,86.2,51.2,47072,575.2
560,372,Illinois,IL,Woodford,Republican,Ted Cruz,0.48200000000000004,16.3,95.7,93.0,50.4,66639,73.3
561,373,Illinois,IL,Woodford,Republican,Donald Trump,0.265,16.3,95.7,93.0,50.4,66639,73.3
562,374,Illinois,IL,Woodford,Republican,John Kasich,0.156,16.3,95.7,93.0,50.4,66639,73.3
563,375,Illinois,IL,Woodford,Republican,Marco Rubio,0.07400000000000001,16.3,95.7,93.0,50.4,66639,73.3
