,id,state,state_abbreviation,county,party,candidate,fraction_votes,AGE775214,RHI825214,EDU635213,SEX255214,INC110213,POP060210
0,0,Mississippi,MS,Adams,Democrat,Hillary Clinton,0.867,16.7,37.6,78.8,49.5,27381,69.8
1,1,Mississippi,MS,Adams,Democrat,Bernie Sanders,0.126,16.7,37.6,78.8,49.5,27381,69.8
2,2,Mississippi,MS,Alcorn,Democrat,Hillary Clinton,0.708,17.1,82.9,78.5,51.1,33600,92.6
3,3,Mississippi,MS,Alcorn,Democrat,Bernie Sanders,0.264,17.1,82.9,78.5,51.1,33600,92.6
4,4,Mississippi,MS,Amite,Democrat,Hillary Clinton,0.89,21.0,57.3,74.7,51.4,30750,18.0
5,5,Mississippi,MS,Amite,Democrat,Bernie Sanders,0.09300000000000001,21.0,57.3,74.7,51.4,30750,18.0
6,6,Mississippi,MS,Attala,Democrat,Hillary Clinton,0.877,19.5,54.8,73.2,52.8,31641,26.6
7,7,Mississippi,MS,Attala,Democrat,Bernie Sanders,0.113,19.5,54.8,73.2,52.8,31641,26.6
8,8,Mississippi,MS,Benton,Democrat,Hillary Clinton,0.852,17.9,60.2,73.0,50.0,31060,21.5
9,9,Mississippi,MS,Benton,Democrat,Bernie Sanders,0.142,17.9,60.2,73.0,50.0,31060,21.5
10,10,Mississippi,MS,Bolivar,Democrat,Hillary Clinton,0.8540000000000001,13.7,32.3,73.8,53.2,28599,39.0
11,11,Mississippi,MS,Bolivar,Democrat,Bernie Sanders,0.139,13.7,32.3,73.8,53.2,28599,39.0
12,12,Mississippi,MS,Calhoun,Democrat,Hillary Clinton,0.8490000000000001,17.6,65.5,68.2,51.9,30000,25.5
13,13,Mississippi,MS,Calhoun,Democrat,Bernie Sanders,0.136,17.6,65.5,68.2,51.9,30000,25.5
14,14,Mississippi,MS,Carroll,Democrat,Hillary Clinton,0.9,21.0,63.9,78.2,49.0,31039,16.9
15,15,Mississippi,MS,Carroll,Democrat,Bernie Sanders,0.08900000000000001,21.0,63.9,78.2,49.0,31039,16.9
16,16,Mississippi,MS,Chickasaw,Democrat,Hillary Clinton,0.831,15.6,51.2,72.0,51.9,31061,34.7
17,17,Mississippi,MS,Chickasaw,Democrat,Bernie Sanders,0.156,15.6,51.2,72.0,51.9,31061,34.7
18,18,Mississippi,MS,Choctaw,Democrat,Hillary Clinton,0.8390000000000001,19.2,67.7,78.3,51.6,29876,20.4
19,19,Mississippi,MS,Choctaw,Democrat,Bernie Sanders,0.151,19.2,67.7,78.3,51.6,29876,20.4
20,20,Mississippi,MS,Claiborne,Democrat,Hillary Clinton,0.903,14.3,13.8,80.9,52.5,23689,19.7
21,21,Mississippi,MS,Claiborne,Democrat,Bernie Sanders,0.09,14.3,13.8,80.9,52.5,23689,19.7
22,22,Mississippi,MS,Clarke,Democrat,Hillary Clinton,0.863,18.5,63.5,77.0,52.7,31362,24.2
23,23,Mississippi,MS,Clarke,Democrat,Bernie Sanders,0.125,18.5,63.5,77.0,52.7,31362,24.2
24,24,Mississippi,MS,Clay,Democrat,Hillary Clinton,0.86,16.3,39.4,79.1,53.0,30764,50.3
25,25,Mississippi,MS,Clay,Democrat,Bernie Sanders,0.127,16.3,39.4,79.1,53.0,30764,50.3
26,26,Mississippi,MS,Coahoma,Democrat,Hillary Clinton,0.823,13.3,22.6,76.6,53.9,26407,47.3
27,27,Mississippi,MS,Coahoma,Democrat,Bernie Sanders,0.158,13.3,22.6,76.6,53.9,26407,47.3
28,28,Mississippi,MS,Copiah,Democrat,Hillary Clinton,0.882,15.4,44.9,79.6,51.6,35421,37.9
29,29,Mississippi,MS,Copiah,Democrat,Bernie Sanders,0.107,15.4,44.9,79.6,51.6,35421,37.9
30,30,Mississippi,MS,Covington,Democrat,Hillary Clinton,0.882,17.0,61.2,76.5,51.1,33381,47.3
31,31,Mississippi,MS,Covington,Democrat,Bernie Sanders,0.107,17.0,61.2,76.5,51.1,33381,47.3
32,32,Mississippi,MS,Forrest,Democrat,Hillary Clinton,0.731,12.7,57.5,83.8,52.2,36726,160.7
33,33,Mississippi,MS,Forrest,Democrat,Bernie Sanders,0.261,12.7,57.5,83.8,52.2,36726,160.7
34,34,Mississippi,MS,Franklin,Democrat,Hillary Clinton,0.841,17.8,62.7,81.1,51.2,32372,14.4
35,35,Mississippi,MS,Franklin,Democrat,Bernie Sanders,0.14400000000000002,17.8,62.7,81.1,51.2,32372,14.4
36,36,Mississippi,MS,George,Democrat,Hillary Clinton,0.721,14.5,87.8,83.8,49.5,43958,47.2
37,37,Mississippi,MS,George,Democrat,Bernie Sanders,0.252,14.5,87.8,83.8,49.5,43958,47.2
38,38,Mississippi,MS,Greene,Democrat,Hillary Clinton,0.84,12.9,70.6,75.7,40.5,36888,20.2
39,39,Mississippi,MS,Greene,Democrat,Bernie Sanders,0.13699999999999998,12.9,70.6,75.7,40.5,36888,20.2
40,40,Mississippi,MS,Grenada,Democrat,Hillary Clinton,0.86,16.6,55.2,78.4,52.7,34129,51.9
41,41,Mississippi,MS,Grenada,Democrat,Bernie Sanders,0.129,16.6,55.2,78.4,52.7,34129,51.9
42,42,Mississippi,MS,Hancock,Democrat,Hillary Clinton,0.62,17.3,84.7,85.4,50.9,44522,92.7
43,43,Mississippi,MS,Hancock,Democrat,Bernie Sanders,0.368,17.3,84.7,85.4,50.9,44522,92.7
44,44,Mississippi,MS,Harrison,Democrat,Hillary Clinton,0.743,13.2,65.3,85.6,50.4,43124,326.0
45,45,Mississippi,MS,Harrison,Democrat,Bernie Sanders,0.25,13.2,65.3,85.6,50.4,43124,326.0
46,46,Mississippi,MS,Hinds,Democrat,Hillary Clinton,0.841,12.1,26.2,85.1,53.2,37626,282.0
47,47,Mississippi,MS,Hinds,Democrat,Bernie Sanders,0.153,12.1,26.2,85.1,53.2,37626,282.0
48,48,Mississippi,MS,Holmes,Democrat,Hillary Clinton,0.929,13.5,16.4,71.4,52.2,22325,25.4
49,49,Mississippi,MS,Holmes,Democrat,Bernie Sanders,0.065,13.5,16.4,71.4,52.2,22325,25.4
50,50,Mississippi,MS,Humphreys,Democrat,Hillary Clinton,0.9420000000000001,14.2,22.0,64.1,52.9,23600,22.4
51,51,Mississippi,MS,Humphreys,Democrat,Bernie Sanders,0.044000000000000004,14.2,22.0,64.1,52.9,23600,22.4
52,52,Mississippi,MS,Issaquena,Democrat,Hillary Clinton,0.884,13.7,34.4,56.4,40.6,24767,3.4
53,53,Mississippi,MS,Issaquena,Democrat,Bernie Sanders,0.10099999999999999,13.7,34.4,56.4,40.6,24767,3.4
54,54,Mississippi,MS,Itawamba,Democrat,Hillary Clinton,0.6920000000000001,17.4,90.7,76.7,50.9,36073,43.9
55,55,Mississippi,MS,Itawamba,Democrat,Bernie Sanders,0.27699999999999997,17.4,90.7,76.7,50.9,36073,43.9
56,56,Mississippi,MS,Jackson,Democrat,Hillary Clinton,0.7609999999999999,14.2,68.5,86.3,50.9,48943,193.2
57,57,Mississippi,MS,Jackson,Democrat,Bernie Sanders,0.22899999999999998,14.2,68.5,86.3,50.9,48943,193.2
58,58,Mississippi,MS,Jasper,Democrat,Hillary Clinton,0.8959999999999999,18.0,45.6,76.6,51.3,31170,25.2
59,59,Mississippi,MS,Jasper,Democrat,Bernie Sanders,0.092,18.0,45.6,76.6,51.3,31170,25.2
60,60,Mississippi,MS,Jefferson,Democrat,Hillary Clinton,0.89,13.9,14.0,79.7,50.2,26028,14.9
61,61,Mississippi,MS,Jefferson,Democrat,Hillary Clinton,0.89,19.3,37.9,78.0,52.4,27186,30.6
62,62,Mississippi,MS,Jefferson,Democrat,Bernie Sanders,0.10099999999999999,13.9,14.0,79.7,50.2,26028,14.9
63,63,Mississippi,MS,Jefferson,Democrat,Bernie Sanders,0.10099999999999999,19.3,37.9,78.0,52.4,27186,30.6
64,64,Mississippi,MS,Jones,Democrat,Hillary Clinton,0.835,15.5,65.1,78.7,51.4,38074,97.5
65,65,Mississippi,MS,Jones,Democrat,Bernie Sanders,0.159,15.5,65.1,78.7,51.4,38074,97.5
66,66,Mississippi,MS,Kemper,Democrat,Hillary Clinton,0.892,17.2,34.7,75.9,49.8,29003,13.6
67,67,Mississippi,MS,Kemper,Democrat,Bernie Sanders,0.094,17.2,34.7,75.9,49.8,29003,13.6
68,68,Mississippi,MS,Lafayette,Democrat,Hillary Clinton,0.643,11.3,70.2,86.3,51.2,43328,75.0
69,69,Mississippi,MS,Lafayette,Democrat,Bernie Sanders,0.35,11.3,70.2,86.3,51.2,43328,75.0
70,70,Mississippi,MS,Lamar,Democrat,Hillary Clinton,0.725,11.6,74.4,90.3,51.8,51154,112.0
71,71,Mississippi,MS,Lamar,Democrat,Bernie Sanders,0.27,11.6,74.4,90.3,51.8,51154,112.0
72,72,Mississippi,MS,Lauderdale,Democrat,Hillary Clinton,0.835,15.1,53.2,84.1,51.6,36203,114.1
73,73,Mississippi,MS,Lauderdale,Democrat,Bernie Sanders,0.156,15.1,53.2,84.1,51.6,36203,114.1
74,74,Mississippi,MS,Lawrence,Democrat,Hillary Clinton,0.85,16.2,65.6,82.3,51.0,38393,30.0
75,75,Mississippi,MS,Lawrence,Democrat,Bernie Sanders,0.13699999999999998,16.2,65.6,82.3,51.0,38393,30.0
76,76,Mississippi,MS,Leake,Democrat,Hillary Clinton,0.8540000000000001,14.4,47.7,74.9,47.9,32521,40.8
77,77,Mississippi,MS,Leake,Democrat,Bernie Sanders,0.138,14.4,47.7,74.9,47.9,32521,40.8
78,78,Mississippi,MS,Lee,Democrat,Hillary Clinton,0.769,14.3,66.9,82.9,52.2,42074,184.3
79,79,Mississippi,MS,Lee,Democrat,Bernie Sanders,0.225,14.3,66.9,82.9,52.2,42074,184.3
80,80,Mississippi,MS,Leflore,Democrat,Hillary Clinton,0.904,12.6,24.0,73.2,51.9,24480,54.5
81,81,Mississippi,MS,Leflore,Democrat,Bernie Sanders,0.095,12.6,24.0,73.2,51.9,24480,54.5
82,82,Mississippi,MS,Lincoln,Democrat,Hillary Clinton,0.851,15.6,66.9,82.8,52.2,36498,59.5
83,83,Mississippi,MS,Lincoln,Democrat,Bernie Sanders,0.145,15.6,66.9,82.8,52.2,36498,59.5
84,84,Mississippi,MS,Lowndes,Democrat,Hillary Clinton,0.8240000000000001,14.4,52.5,82.0,52.4,37868,118.3
85,85,Mississippi,MS,Lowndes,Democrat,Bernie Sanders,0.17300000000000001,14.4,52.5,82.0,52.4,37868,118.3
86,86,Mississippi,MS,Madison,Democrat,Hillary Clinton,0.8340000000000001,12.3,55.9,89.2,52.1,59904,133.2
87,87,Mississippi,MS,Madison,Democrat,Bernie Sanders,0.161,12.3,55.9,89.2,52.1,59904,133.2
88,88,Mississippi,MS,Marion,Democrat,Hillary Clinton,0.875,16.6,64.9,74.3,51.7,29400,49.9
89,89,Mississippi,MS,Marion,Democrat,Bernie Sanders,0.115,16.6,64.9,74.3,51.7,29400,49.9
90,90,Mississippi,MS,Marshall,Democrat,Hillary Clinton,0.887,15.0,48.1,73.9,50.6,36022,52.6
91,91,Mississippi,MS,Marshall,Democrat,Bernie Sanders,0.102,15.0,48.1,73.9,50.6,36022,52.6
92,92,Mississippi,MS,Monroe,Democrat,Hillary Clinton,0.8490000000000001,17.6,67.0,76.7,52.0,36308,48.3
93,93,Mississippi,MS,Monroe,Democrat,Bernie Sanders,0.138,17.6,67.0,76.7,52.0,36308,48.3
94,94,Mississippi,MS,Montgomery,Democrat,Hillary Clinton,0.89,19.0,52.4,72.7,52.2,30466,26.8
95,95,Mississippi,MS,Montgomery,Democrat,Bernie Sanders,0.102,19.0,52.4,72.7,52.2,30466,26.8
96,96,Mississippi,MS,Neshoba,Democrat,Hillary Clinton,0.7809999999999999,14.7,59.1,77.2,52.2,37050,52.1
97,97,Mississippi,MS,Neshoba,Democrat,Bernie Sanders,0.209,14.7,59.1,77.2,52.2,37050,52.1
98,98,Mississippi,MS,Newton,Democrat,Hillary Clinton,0.835,16.2,62.2,83.3,52.0,39190,37.6
99,99,Mississippi,MS,Newton,Democrat,Bernie Sanders,0.152,16.2,62.2,83.3,52.0,39190,37.6
100,100,Mississippi,MS,Noxubee,Democrat,Hillary Clinton,0.905,15.7,26.2,65.5,51.9,24338,16.6
101,101,Mississippi,MS,Noxubee,Democrat,Bernie Sanders,0.087,15.7,26.2,65.5,51.9,24338,16.6
102,102,Mississippi,MS,Oktibbeha,Democrat,Hillary Clinton,0.758,10.3,56.8,86.4,50.4,30987,104.0
103,103,Mississippi,MS,Oktibbeha,Democrat,Bernie Sanders,0.235,10.3,56.8,86.4,50.4,30987,104.0
104,104,Mississippi,MS,Panola,Democrat,Hillary Clinton,0.858,14.2,47.5,75.8,51.7,35715,50.7
105,105,Mississippi,MS,Panola,Democrat,Bernie Sanders,0.134,14.2,47.5,75.8,51.7,35715,50.7
106,106,Mississippi,MS,Perry,Democrat,Hillary Clinton,0.8270000000000001,17.2,76.9,80.0,51.4,36124,18.9
107,107,Mississippi,MS,Perry,Democrat,Bernie Sanders,0.159,17.2,76.9,80.0,51.4,36124,18.9
108,108,Mississippi,MS,Pike,Democrat,Hillary Clinton,0.865,15.6,44.9,78.2,52.6,34841,98.8
109,109,Mississippi,MS,Pike,Democrat,Bernie Sanders,0.128,15.6,44.9,78.2,52.6,34841,98.8
110,110,Mississippi,MS,Pontotoc,Democrat,Hillary Clinton,0.7120000000000001,13.9,77.0,76.4,50.4,39899,60.2
111,111,Mississippi,MS,Pontotoc,Democrat,Bernie Sanders,0.263,13.9,77.0,76.4,50.4,39899,60.2
112,112,Mississippi,MS,Prentiss,Democrat,Hillary Clinton,0.71,17.0,83.2,72.7,50.8,32503,60.9
113,113,Mississippi,MS,Prentiss,Democrat,Bernie Sanders,0.262,17.0,83.2,72.7,50.8,32503,60.9
114,114,Mississippi,MS,Quitman,Democrat,Hillary Clinton,0.853,15.0,28.4,68.0,52.1,22863,20.3
115,115,Mississippi,MS,Quitman,Democrat,Bernie Sanders,0.12300000000000001,15.0,28.4,68.0,52.1,22863,20.3
116,116,Mississippi,MS,Rankin,Democrat,Hillary Clinton,0.7709999999999999,13.3,75.0,88.9,51.7,57380,182.6
117,117,Mississippi,MS,Rankin,Democrat,Bernie Sanders,0.223,13.3,75.0,88.9,51.7,57380,182.6
118,118,Mississippi,MS,Scott,Democrat,Hillary Clinton,0.855,13.7,50.5,72.3,51.2,34534,46.4
119,119,Mississippi,MS,Scott,Democrat,Bernie Sanders,0.131,13.7,50.5,72.3,51.2,34534,46.4
120,120,Mississippi,MS,Sharkey,Democrat,Hillary Clinton,0.914,16.1,28.1,77.3,53.8,35125,11.4
121,121,Mississippi,MS,Sharkey,Democrat,Bernie Sanders,0.081,16.1,28.1,77.3,53.8,35125,11.4
122,122,Mississippi,MS,Simpson,Democrat,Hillary Clinton,0.853,15.6,61.5,78.3,51.3,38362,46.7
123,123,Mississippi,MS,Simpson,Democrat,Bernie Sanders,0.135,15.6,61.5,78.3,51.3,38362,46.7
124,124,Mississippi,MS,Smith,Democrat,Hillary Clinton,0.8140000000000001,17.2,74.3,80.8,51.9,34753,25.9
125,125,Mississippi,MS,Smith,Democrat,Bernie Sanders,0.168,17.2,74.3,80.8,51.9,34753,25.9
126,126,Mississippi,MS,Stone,Democrat,Hillary Clinton,0.775,14.3,76.8,84.5,50.1,42963,39.9
127,127,Mississippi,MS,Stone,Democrat,Bernie Sanders,0.205,14.3,76.8,84.5,50.1,42963,39.9
128,128,Mississippi,MS,Sunflower,Democrat,Hillary Clinton,0.878,11.6,25.0,70.2,47.2,26619,42.2
129,129,Mississippi,MS,Sunflower,Democrat,Bernie Sanders,0.113,11.6,25.0,70.2,47.2,26619,42.2
130,130,Mississippi,MS,Tallahatchie,Democrat,Hillary Clinton,0.8740000000000001,13.5,36.1,65.7,44.3,29853,23.8
131,131,Mississippi,MS,Tallahatchie,Democrat,Bernie Sanders,0.10800000000000001,13.5,36.1,65.7,44.3,29853,23.8
132,132,Mississippi,MS,Tate,Democrat,Hillary Clinton,0.851,15.0,64.7,79.9,51.7,41494,71.4
133,133,Mississippi,MS,Tate,Democrat,Bernie Sanders,0.14400000000000002,15.0,64.7,79.9,51.7,41494,71.4
134,134,Mississippi,MS,Tippah,Democrat,Hillary Clinton,0.7490000000000001,15.8,77.1,75.8,50.8,34636,48.6
135,135,Mississippi,MS,Tippah,Democrat,Bernie Sanders,0.22399999999999998,15.8,77.1,75.8,50.8,34636,48.6
136,136,Mississippi,MS,Tishomingo,Democrat,Hillary Clinton,0.613,19.6,93.4,76.8,51.8,32592,46.2
137,137,Mississippi,MS,Tishomingo,Democrat,Bernie Sanders,0.33399999999999996,19.6,93.4,76.8,51.8,32592,46.2
138,138,Mississippi,MS,Tunica,Democrat,Hillary Clinton,0.774,10.2,20.4,76.8,52.9,31446,23.7
139,139,Mississippi,MS,Tunica,Democrat,Bernie Sanders,0.188,10.2,20.4,76.8,52.9,31446,23.7
140,140,Mississippi,MS,Union,Democrat,Hillary Clinton,0.713,15.7,78.8,76.1,51.2,38373,65.3
141,141,Mississippi,MS,Union,Democrat,Bernie Sanders,0.268,15.7,78.8,76.1,51.2,38373,65.3
142,142,Mississippi,MS,Walthall,Democrat,Hillary Clinton,0.885,17.7,52.9,74.8,51.9,31090,38.2
143,143,Mississippi,MS,Walthall,Democrat,Bernie Sanders,0.105,17.7,52.9,74.8,51.9,31090,38.2
144,144,Mississippi,MS,Warren,Democrat,Hillary Clinton,0.8440000000000001,14.6,48.1,83.4,52.4,41025,82.9
145,145,Mississippi,MS,Warren,Democrat,Bernie Sanders,0.149,14.6,48.1,83.4,52.4,41025,82.9
146,146,Mississippi,MS,Washington,Democrat,Hillary Clinton,0.877,13.6,26.3,75.5,53.2,28093,70.6
147,147,Mississippi,MS,Washington,Democrat,Bernie Sanders,0.12,13.6,26.3,75.5,53.2,28093,70.6
148,148,Mississippi,MS,Wayne,Democrat,Hillary Clinton,0.838,15.7,58.1,72.7,51.9,29925,25.6
149,149,Mississippi,MS,Wayne,Democrat,Bernie Sanders,0.146,15.7,58.1,72.7,51.9,29925,25.6
150,150,Mississippi,MS,Webster,Democrat,Hillary Clinton,0.8190000000000001,16.6,77.5,81.3,51.0,33524,24.4
151,151,Mississippi,MS,Webster,Democrat,Bernie Sanders,0.163,16.6,77.5,81.3,51.0,33524,24.4
152,152,Mississippi,MS,Wilkinson,Democrat,Hillary Clinton,0.934,15.5,28.6,71.9,46.6,33618,14.6
153,153,Mississippi,MS,Wilkinson,Democrat,Bernie Sanders,0.051,15.5,28.6,71.9,46.6,33618,14.6
154,154,Mississippi,MS,Winston,Democrat,Hillary Clinton,0.863,17.4,50.5,79.5,51.0,30821,31.6
155,155,Mississippi,MS,Winston,Democrat,Bernie Sanders,0.121,17.4,50.5,79.5,51.0,30821,31.6
156,156,Mississippi,MS,Yalobusha,Democrat,Hillary Clinton,0.8420000000000001,18.3,58.5,77.5,51.8,32930,27.1
157,157,Mississippi,MS,Yalobusha,Democrat,Bernie Sanders,0.149,18.3,58.5,77.5,51.8,32930,27.1
158,158,Mississippi,MS,Yazoo,Democrat,Hillary Clinton,0.9079999999999999,12.4,36.1,74.1,44.6,26336,30.4
159,159,Mississippi,MS,Yazoo,Democrat,Bernie Sanders,0.084,12.4,36.1,74.1,44.6,26336,30.4
160,0,Mississippi,MS,Adams,Republican,Donald Trump,0.47600000000000003,16.7,37.6,78.8,49.5,27381,69.8
161,1,Mississippi,MS,Adams,Republican,Ted Cruz,0.33799999999999997,16.7,37.6,78.8,49.5,27381,69.8
162,2,Mississippi,MS,Adams,Republican,John Kasich,0.1,16.7,37.6,78.8,49.5,27381,69.8
163,3,Mississippi,MS,Adams,Republican,Marco Rubio,0.063,16.7,37.6,78.8,49.5,27381,69.8
164,4,Mississippi,MS,Alcorn,Republican,Donald Trump,0.504,17.1,82.9,78.5,51.1,33600,92.6
165,5,Mississippi,MS,Alcorn,Republican,Ted Cruz,0.348,17.1,82.9,78.5,51.1,33600,92.6
166,6,Mississippi,MS,Alcorn,Republican,John Kasich,0.07200000000000001,17.1,82.9,78.5,51.1,33600,92.6
167,7,Mississippi,MS,Alcorn,Republican,Marco Rubio,0.055999999999999994,17.1,82.9,78.5,51.1,33600,92.6
168,8,Mississippi,MS,Amite,Republican,Donald Trump,0.52,21.0,57.3,74.7,51.4,30750,18.0
169,9,Mississippi,MS,Amite,Republican,Ted Cruz,0.374,21.0,57.3,74.7,51.4,30750,18.0
170,10,Mississippi,MS,Amite,Republican,John Kasich,0.057,21.0,57.3,74.7,51.4,30750,18.0
171,11,Mississippi,MS,Amite,Republican,Marco Rubio,0.031,21.0,57.3,74.7,51.4,30750,18.0
172,12,Mississippi,MS,Attala,Republican,Donald Trump,0.509,19.5,54.8,73.2,52.8,31641,26.6
173,13,Mississippi,MS,Attala,Republican,Ted Cruz,0.35100000000000003,19.5,54.8,73.2,52.8,31641,26.6
174,14,Mississippi,MS,Attala,Republican,John Kasich,0.066,19.5,54.8,73.2,52.8,31641,26.6
175,15,Mississippi,MS,Attala,Republican,Marco Rubio,0.047,19.5,54.8,73.2,52.8,31641,26.6
176,16,Mississippi,MS,Benton,Republican,Donald Trump,0.537,17.9,60.2,73.0,50.0,31060,21.5
177,17,Mississippi,MS,Benton,Republican,Ted Cruz,0.376,17.9,60.2,73.0,50.0,31060,21.5
178,18,Mississippi,MS,Benton,Republican,Marco Rubio,0.033,17.9,60.2,73.0,50.0,31060,21.5
179,19,Mississippi,MS,Benton,Republican,John Kasich,0.03,17.9,60.2,73.0,50.0,31060,21.5
180,20,Mississippi,MS,Bolivar,Republican,Donald Trump,0.534,13.7,32.3,73.8,53.2,28599,39.0
181,21,Mississippi,MS,Bolivar,Republican,Ted Cruz,0.231,13.7,32.3,73.8,53.2,28599,39.0
182,22,Mississippi,MS,Bolivar,Republican,John Kasich,0.145,13.7,32.3,73.8,53.2,28599,39.0
183,23,Mississippi,MS,Bolivar,Republican,Marco Rubio,0.061,13.7,32.3,73.8,53.2,28599,39.0
184,24,Mississippi,MS,Calhoun,Republican,Donald Trump,0.55,17.6,65.5,68.2,51.9,30000,25.5
185,25,Mississippi,MS,Calhoun,Republican,Ted Cruz,0.33799999999999997,17.6,65.5,68.2,51.9,30000,25.5
186,26,Mississippi,MS,Calhoun,Republican,John Kasich,0.048,17.6,65.5,68.2,51.9,30000,25.5
187,27,Mississippi,MS,Calhoun,Republican,Marco Rubio,0.035,17.6,65.5,68.2,51.9,30000,25.5
188,28,Mississippi,MS,Carroll,Republican,Donald Trump,0.5479999999999999,21.0,63.9,78.2,49.0,31039,16.9
189,29,Mississippi,MS,Carroll,Republican,Ted Cruz,0.314,21.0,63.9,78.2,49.0,31039,16.9
190,30,Mississippi,MS,Carroll,Republican,John Kasich,0.07200000000000001,21.0,63.9,78.2,49.0,31039,16.9
191,31,Mississippi,MS,Carroll,Republican,Marco Rubio,0.042,21.0,63.9,78.2,49.0,31039,16.9
192,32,Mississippi,MS,Chickasaw,Republican,Donald Trump,0.516,15.6,51.2,72.0,51.9,31061,34.7
193,33,Mississippi,MS,Chickasaw,Republican,Ted Cruz,0.35200000000000004,15.6,51.2,72.0,51.9,31061,34.7
194,34,Mississippi,MS,Chickasaw,Republican,Marco Rubio,0.047,15.6,51.2,72.0,51.9,31061,34.7
195,35,Mississippi,MS,Chickasaw,Republican,John Kasich,0.046,15.6,51.2,72.0,51.9,31061,34.7
196,36,Mississippi,MS,Choctaw,Republican,Donald Trump,0.47700000000000004,19.2,67.7,78.3,51.6,29876,20.4
197,37,Mississippi,MS,Choctaw,Republican,Ted Cruz,0.387,19.2,67.7,78.3,51.6,29876,20.4
198,38,Mississippi,MS,Choctaw,Republican,John Kasich,0.064,19.2,67.7,78.3,51.6,29876,20.4
199,39,Mississippi,MS,Choctaw,Republican,Marco Rubio,0.043,19.2,67.7,78.3,51.6,29876,20.4
200,40,Mississippi,MS,Claiborne,Republican,Donald Trump,0.596,14.3,13.8,80.9,52.5,23689,19.7
201,41,Mississippi,MS,Claiborne,Republican,Ted Cruz,0.28,14.3,13.8,80.9,52.5,23689,19.7
202,42,Mississippi,MS,Claiborne,Republican,John Kasich,0.071,14.3,13.8,80.9,52.5,23689,19.7
203,43,Mississippi,MS,Claiborne,Republican,Marco Rubio,0.031,14.3,13.8,80.9,52.5,23689,19.7
204,44,Mississippi,MS,Clarke,Republican,Donald Trump,0.494,18.5,63.5,77.0,52.7,31362,24.2
205,45,Mississippi,MS,Clarke,Republican,Ted Cruz,0.37799999999999995,18.5,63.5,77.0,52.7,31362,24.2
206,46,Mississippi,MS,Clarke,Republican,John Kasich,0.057999999999999996,18.5,63.5,77.0,52.7,31362,24.2
207,47,Mississippi,MS,Clarke,Republican,Marco Rubio,0.040999999999999995,18.5,63.5,77.0,52.7,31362,24.2
208,48,Mississippi,MS,Clay,Republican,Donald Trump,0.46399999999999997,16.3,39.4,79.1,53.0,30764,50.3
209,49,Mississippi,MS,Clay,Republican,Ted Cruz,0.38299999999999995,16.3,39.4,79.1,53.0,30764,50.3
210,50,Mississippi,MS,Clay,Republican,John Kasich,0.076,16.3,39.4,79.1,53.0,30764,50.3
211,51,Mississippi,MS,Clay,Republican,Marco Rubio,0.047,16.3,39.4,79.1,53.0,30764,50.3
212,52,Mississippi,MS,Coahoma,Republican,Donald Trump,0.541,13.3,22.6,76.6,53.9,26407,47.3
213,53,Mississippi,MS,Coahoma,Republican,Ted Cruz,0.254,13.3,22.6,76.6,53.9,26407,47.3
214,54,Mississippi,MS,Coahoma,Republican,John Kasich,0.131,13.3,22.6,76.6,53.9,26407,47.3
215,55,Mississippi,MS,Coahoma,Republican,Marco Rubio,0.054000000000000006,13.3,22.6,76.6,53.9,26407,47.3
216,56,Mississippi,MS,Copiah,Republican,Donald Trump,0.5489999999999999,15.4,44.9,79.6,51.6,35421,37.9
217,57,Mississippi,MS,Copiah,Republican,Ted Cruz,0.311,15.4,44.9,79.6,51.6,35421,37.9
218,58,Mississippi,MS,Copiah,Republican,John Kasich,0.071,15.4,44.9,79.6,51.6,35421,37.9
219,59,Mississippi,MS,Copiah,Republican,Marco Rubio,0.044000000000000004,15.4,44.9,79.6,51.6,35421,37.9
220,60,Mississippi,MS,Covington,Republican,Donald Trump,0.56,17.0,61.2,76.5,51.1,33381,47.3
221,61,Mississippi,MS,Covington,Republican,Ted Cruz,0.354,17.0,61.2,76.5,51.1,33381,47.3
222,62,Mississippi,MS,Covington,Republican,John Kasich,0.042,17.0,61.2,76.5,51.1,33381,47.3
223,63,Mississippi,MS,Covington,Republican,Marco Rubio,0.025,17.0,61.2,76.5,51.1,33381,47.3
224,64,Mississippi,MS,Forrest,Republican,Donald Trump,0.434,12.7,57.5,83.8,52.2,36726,160.7
225,65,Mississippi,MS,Forrest,Republican,Ted Cruz,0.373,12.7,57.5,83.8,52.2,36726,160.7
226,66,Mississippi,MS,Forrest,Republican,John Kasich,0.11800000000000001,12.7,57.5,83.8,52.2,36726,160.7
227,67,Mississippi,MS,Forrest,Republican,Marco Rubio,0.051,12.7,57.5,83.8,52.2,36726,160.7
228,68,Mississippi,MS,Franklin,Republican,Donald Trump,0.47600000000000003,17.8,62.7,81.1,51.2,32372,14.4
229,69,Mississippi,MS,Franklin,Republican,Ted Cruz,0.40299999999999997,17.8,62.7,81.1,51.2,32372,14.4
230,70,Mississippi,MS,Franklin,Republican,John Kasich,0.051,17.8,62.7,81.1,51.2,32372,14.4
231,71,Mississippi,MS,Franklin,Republican,Marco Rubio,0.036000000000000004,17.8,62.7,81.1,51.2,32372,14.4
232,72,Mississippi,MS,George,Republican,Donald Trump,0.48200000000000004,14.5,87.8,83.8,49.5,43958,47.2
233,73,Mississippi,MS,George,Republican,Ted Cruz,0.418,14.5,87.8,83.8,49.5,43958,47.2
234,74,Mississippi,MS,George,Republican,Marco Rubio,0.040999999999999995,14.5,87.8,83.8,49.5,43958,47.2
235,75,Mississippi,MS,George,Republican,John Kasich,0.036000000000000004,14.5,87.8,83.8,49.5,43958,47.2
236,76,Mississippi,MS,Greene,Republican,Donald Trump,0.503,12.9,70.6,75.7,40.5,36888,20.2
237,77,Mississippi,MS,Greene,Republican,Ted Cruz,0.382,12.9,70.6,75.7,40.5,36888,20.2
238,78,Mississippi,MS,Greene,Republican,Marco Rubio,0.046,12.9,70.6,75.7,40.5,36888,20.2
239,79,Mississippi,MS,Greene,Republican,John Kasich,0.042,12.9,70.6,75.7,40.5,36888,20.2
240,80,Mississippi,MS,Grenada,Republican,Donald Trump,0.556,16.6,55.2,78.4,52.7,34129,51.9
241,81,Mississippi,MS,Grenada,Republican,Ted Cruz,0.309,16.6,55.2,78.4,52.7,34129,51.9
242,82,Mississippi,MS,Grenada,Republican,John Kasich,0.069,16.6,55.2,78.4,52.7,34129,51.9
243,83,Mississippi,MS,Grenada,Republican,Marco Rubio,0.042,16.6,55.2,78.4,52.7,34129,51.9
244,84,Mississippi,MS,Hancock,Republican,Donald Trump,0.573,17.3,84.7,85.4,50.9,44522,92.7
245,85,Mississippi,MS,Hancock,Republican,Ted Cruz,0.27699999999999997,17.3,84.7,85.4,50.9,44522,92.7
246,86,Mississippi,MS,Hancock,Republican,John Kasich,0.083,17.3,84.7,85.4,50.9,44522,92.7
247,87,Mississippi,MS,Hancock,Republican,Marco Rubio,0.049,17.3,84.7,85.4,50.9,44522,92.7
248,88,Mississippi,MS,Harrison,Republican,Donald Trump,0.507,13.2,65.3,85.6,50.4,43124,326.0
249,89,Mississippi,MS,Harrison,Republican,Ted Cruz,0.316,13.2,65.3,85.6,50.4,43124,326.0
250,90,Mississippi,MS,Harrison,Republican,John Kasich,0.1,13.2,65.3,85.6,50.4,43124,326.0
251,91,Mississippi,MS,Harrison,Republican,Marco Rubio,0.055999999999999994,13.2,65.3,85.6,50.4,43124,326.0
252,92,Mississippi,MS,Hinds,Republican,Donald Trump,0.396,12.1,26.2,85.1,53.2,37626,282.0
253,93,Mississippi,MS,Hinds,Republican,Ted Cruz,0.32799999999999996,12.1,26.2,85.1,53.2,37626,282.0
254,94,Mississippi,MS,Hinds,Republican,John Kasich,0.18100000000000002,12.1,26.2,85.1,53.2,37626,282.0
255,95,Mississippi,MS,Hinds,Republican,Marco Rubio,0.07400000000000001,12.1,26.2,85.1,53.2,37626,282.0
256,96,Mississippi,MS,Holmes,Republican,Donald Trump,0.5720000000000001,13.5,16.4,71.4,52.2,22325,25.4
257,97,Mississippi,MS,Holmes,Republican,Ted Cruz,0.27699999999999997,13.5,16.4,71.4,52.2,22325,25.4
258,98,Mississippi,MS,Holmes,Republican,John Kasich,0.09300000000000001,13.5,16.4,71.4,52.2,22325,25.4
259,99,Mississippi,MS,Holmes,Republican,Marco Rubio,0.037000000000000005,13.5,16.4,71.4,52.2,22325,25.4
260,100,Mississippi,MS,Humphreys,Republican,Donald Trump,0.541,14.2,22.0,64.1,52.9,23600,22.4
261,101,Mississippi,MS,Humphreys,Republican,Ted Cruz,0.157,14.2,22.0,64.1,52.9,23600,22.4
262,102,Mississippi,MS,Humphreys,Republican,John Kasich,0.077,14.2,22.0,64.1,52.9,23600,22.4
263,103,Mississippi,MS,Humphreys,Republican,Marco Rubio,0.06,14.2,22.0,64.1,52.9,23600,22.4
264,104,Mississippi,MS,Issaquena,Republican,Donald Trump,0.688,13.7,34.4,56.4,40.6,24767,3.4
265,105,Mississippi,MS,Issaquena,Republican,Ted Cruz,0.153,13.7,34.4,56.4,40.6,24767,3.4
266,106,Mississippi,MS,Issaquena,Republican,John Kasich,0.08199999999999999,13.7,34.4,56.4,40.6,24767,3.4
267,107,Mississippi,MS,Issaquena,Republican,Marco Rubio,0.047,13.7,34.4,56.4,40.6,24767,3.4
268,108,Mississippi,MS,Itawamba,Republican,Donald Trump,0.455,17.4,90.7,76.7,50.9,36073,43.9
269,109,Mississippi,MS,Itawamba,Republican,Ted Cruz,0.424,17.4,90.7,76.7,50.9,36073,43.9
270,110,Mississippi,MS,Itawamba,Republican,John Kasich,0.054000000000000006,17.4,90.7,76.7,50.9,36073,43.9
271,111,Mississippi,MS,Itawamba,Republican,Marco Rubio,0.043,17.4,90.7,76.7,50.9,36073,43.9
272,112,Mississippi,MS,Jackson,Republican,Donald Trump,0.49,14.2,68.5,86.3,50.9,48943,193.2
273,113,Mississippi,MS,Jackson,Republican,Ted Cruz,0.349,14.2,68.5,86.3,50.9,48943,193.2
274,114,Mississippi,MS,Jackson,Republican,John Kasich,0.085,14.2,68.5,86.3,50.9,48943,193.2
275,115,Mississippi,MS,Jackson,Republican,Marco Rubio,0.054000000000000006,14.2,68.5,86.3,50.9,48943,193.2
276,116,Mississippi,MS,Jasper,Republican,Donald Trump,0.562,18.0,45.6,76.6,51.3,31170,25.2
277,117,Mississippi,MS,Jasper,Republican,Ted Cruz,0.359,18.0,45.6,76.6,51.3,31170,25.2
278,118,Mississippi,MS,Jasper,Republican,John Kasich,0.040999999999999995,18.0,45.6,76.6,51.3,31170,25.2
279,119,Mississippi,MS,Jasper,Republican,Marco Rubio,0.017,18.0,45.6,76.6,51.3,31170,25.2
280,120,Mississippi,MS,Jefferson,Republican,Donald Trump,0.483,13.9,14.0,79.7,50.2,26028,14.9
281,121,Mississippi,MS,Jefferson,Republican,Donald Trump,0.483,19.3,37.9,78.0,52.4,27186,30.6
282,122,Mississippi,MS,Jefferson,Republican,Ted Cruz,0.354,13.9,14.0,79.7,50.2,26028,14.9
283,123,Mississippi,MS,Jefferson,Republican,Ted Cruz,0.354,19.3,37.9,78.0,52.4,27186,30.6
284,124,Mississippi,MS,Jefferson,Republican,John Kasich,0.079,13.9,14.0,79.7,50.2,26028,14.9
285,125,Mississippi,MS,Jefferson,Republican,John Kasich,0.079,19.3,37.9,78.0,52.4,27186,30.6
286,126,Mississippi,MS,Jefferson,Republican,Marco Rubio,0.067,13.9,14.0,79.7,50.2,26028,14.9
287,127,Mississippi,MS,Jefferson,Republican,Marco Rubio,0.067,19.3,37.9,78.0,52.4,27186,30.6
288,128,Mississippi,MS,Jones,Republican,Donald Trump,0.531,15.5,65.1,78.7,51.4,38074,97.5
289,129,Mississippi,MS,Jones,Republican,Ted Cruz,0.386,15.5,65.1,78.7,51.4,38074,97.5
290,130,Mississippi,MS,Jones,Republican,John Kasich,0.038,15.5,65.1,78.7,51.4,38074,97.5
291,131,Mississippi,MS,Jones,Republican,Marco Rubio,0.025,15.5,65.1,78.7,51.4,38074,97.5
292,132,Mississippi,MS,Kemper,Republican,Donald Trump,0.52,17.2,34.7,75.9,49.8,29003,13.6
293,133,Mississippi,MS,Kemper,Republican,Ted Cruz,0.353,17.2,34.7,75.9,49.8,29003,13.6
294,134,Mississippi,MS,Kemper,Republican,John Kasich,0.057,17.2,34.7,75.9,49.8,29003,13.6
295,135,Mississippi,MS,Kemper,Republican,Marco Rubio,0.045,17.2,34.7,75.9,49.8,29003,13.6
296,136,Mississippi,MS,Lafayette,Republican,Donald Trump,0.361,11.3,70.2,86.3,51.2,43328,75.0
297,137,Mississippi,MS,Lafayette,Republican,Ted Cruz,0.33,11.3,70.2,86.3,51.2,43328,75.0
298,138,Mississippi,MS,Lafayette,Republican,John Kasich,0.18100000000000002,11.3,70.2,86.3,51.2,43328,75.0
299,139,Mississippi,MS,Lafayette,Republican,Marco Rubio,0.09699999999999999,11.3,70.2,86.3,51.2,43328,75.0
300,140,Mississippi,MS,Lamar,Republican,Donald Trump,0.456,11.6,74.4,90.3,51.8,51154,112.0
301,141,Mississippi,MS,Lamar,Republican,Ted Cruz,0.382,11.6,74.4,90.3,51.8,51154,112.0
302,142,Mississippi,MS,Lamar,Republican,John Kasich,0.091,11.6,74.4,90.3,51.8,51154,112.0
303,143,Mississippi,MS,Lamar,Republican,Marco Rubio,0.047,11.6,74.4,90.3,51.8,51154,112.0
304,144,Mississippi,MS,Lauderdale,Republican,Donald Trump,0.45299999999999996,15.1,53.2,84.1,51.6,36203,114.1
305,145,Mississippi,MS,Lauderdale,Republican,Ted Cruz,0.369,15.1,53.2,84.1,51.6,36203,114.1
306,146,Mississippi,MS,Lauderdale,Republican,John Kasich,0.091,15.1,53.2,84.1,51.6,36203,114.1
307,147,Mississippi,MS,Lauderdale,Republican,Marco Rubio,0.054000000000000006,15.1,53.2,84.1,51.6,36203,114.1
308,148,Mississippi,MS,Lawrence,Republican,Donald Trump,0.5579999999999999,16.2,65.6,82.3,51.0,38393,30.0
309,149,Mississippi,MS,Lawrence,Republican,Ted Cruz,0.33299999999999996,16.2,65.6,82.3,51.0,38393,30.0
310,150,Mississippi,MS,Lawrence,Republican,John Kasich,0.046,16.2,65.6,82.3,51.0,38393,30.0
311,151,Mississippi,MS,Lawrence,Republican,Marco Rubio,0.042,16.2,65.6,82.3,51.0,38393,30.0
312,152,Mississippi,MS,Leake,Republican,Donald Trump,0.52,14.4,47.7,74.9,47.9,32521,40.8
313,153,Mississippi,MS,Leake,Republican,Ted Cruz,0.37200000000000005,14.4,47.7,74.9,47.9,32521,40.8
314,154,Mississippi,MS,Leake,Republican,John Kasich,0.057999999999999996,14.4,47.7,74.9,47.9,32521,40.8
315,155,Mississippi,MS,Leake,Republican,Marco Rubio,0.033,14.4,47.7,74.9,47.9,32521,40.8
316,156,Mississippi,MS,Lee,Republican,Ted Cruz,0.435,14.3,66.9,82.9,52.2,42074,184.3
317,157,Mississippi,MS,Lee,Republican,Donald Trump,0.395,14.3,66.9,82.9,52.2,42074,184.3
318,158,Mississippi,MS,Lee,Republican,John Kasich,0.091,14.3,66.9,82.9,52.2,42074,184.3
319,159,Mississippi,MS,Lee,Republican,Marco Rubio,0.053,14.3,66.9,82.9,52.2,42074,184.3
320,160,Mississippi,MS,Leflore,Republican,Donald Trump,0.485,12.6,24.0,73.2,51.9,24480,54.5
321,161,Mississippi,MS,Leflore,Republican,Ted Cruz,0.254,12.6,24.0,73.2,51.9,24480,54.5
322,162,Mississippi,MS,Leflore,Republican,John Kasich,0.204,12.6,24.0,73.2,51.9,24480,54.5
323,163,Mississippi,MS,Leflore,Republican,Marco Rubio,0.044000000000000004,12.6,24.0,73.2,51.9,24480,54.5
324,164,Mississippi,MS,Lincoln,Republican,Donald Trump,0.475,15.6,66.9,82.8,52.2,36498,59.5
325,165,Mississippi,MS,Lincoln,Republican,Ted Cruz,0.36200000000000004,15.6,66.9,82.8,52.2,36498,59.5
326,166,Mississippi,MS,Lincoln,Republican,John Kasich,0.079,15.6,66.9,82.8,52.2,36498,59.5
327,167,Mississippi,MS,Lincoln,Republican,Marco Rubio,0.057999999999999996,15.6,66.9,82.8,52.2,36498,59.5
328,168,Mississippi,MS,Lowndes,Republican,Donald Trump,0.423,14.4,52.5,82.0,52.4,37868,118.3
329,169,Mississippi,MS,Lowndes,Republican,Ted Cruz,0.39899999999999997,14.4,52.5,82.0,52.4,37868,118.3
330,170,Mississippi,MS,Lowndes,Republican,John Kasich,0.095,14.4,52.5,82.0,52.4,37868,118.3
331,171,Mississippi,MS,Lowndes,Republican,Marco Rubio,0.057,14.4,52.5,82.0,52.4,37868,118.3
332,172,Mississippi,MS,Madison,Republican,Donald Trump,0.42,12.3,55.9,89.2,52.1,59904,133.2
333,173,Mississippi,MS,Madison,Republican,Ted Cruz,0.301,12.3,55.9,89.2,52.1,59904,133.2
334,174,Mississippi,MS,Madison,Republican,John Kasich,0.191,12.3,55.9,89.2,52.1,59904,133.2
335,175,Mississippi,MS,Madison,Republican,Marco Rubio,0.07,12.3,55.9,89.2,52.1,59904,133.2
336,176,Mississippi,MS,Marion,Republican,Donald Trump,0.522,16.6,64.9,74.3,51.7,29400,49.9
337,177,Mississippi,MS,Marion,Republican,Ted Cruz,0.38,16.6,64.9,74.3,51.7,29400,49.9
338,178,Mississippi,MS,Marion,Republican,John Kasich,0.043,16.6,64.9,74.3,51.7,29400,49.9
339,179,Mississippi,MS,Marion,Republican,Marco Rubio,0.034,16.6,64.9,74.3,51.7,29400,49.9
340,180,Mississippi,MS,Marshall,Republican,Donald Trump,0.457,15.0,48.1,73.9,50.6,36022,52.6
341,181,Mississippi,MS,Marshall,Republican,Ted Cruz,0.44799999999999995,15.0,48.1,73.9,50.6,36022,52.6
342,182,Mississippi,MS,Marshall,Republican,Marco Rubio,0.043,15.0,48.1,73.9,50.6,36022,52.6
343,183,Mississippi,MS,Marshall,Republican,John Kasich,0.035,15.0,48.1,73.9,50.6,36022,52.6
344,184,Mississippi,MS,Monroe,Republican,Donald Trump,0.5,17.6,67.0,76.7,52.0,36308,48.3
345,185,Mississippi,MS,Monroe,Republican,Ted Cruz,0.341,17.6,67.0,76.7,52.0,36308,48.3
346,186,Mississippi,MS,Monroe,Republican,John Kasich,0.067,17.6,67.0,76.7,52.0,36308,48.3
347,187,Mississippi,MS,Monroe,Republican,Marco Rubio,0.057999999999999996,17.6,67.0,76.7,52.0,36308,48.3
348,188,Mississippi,MS,Montgomery,Republican,Donald Trump,0.491,19.0,52.4,72.7,52.2,30466,26.8
349,189,Mississippi,MS,Montgomery,Republican,Ted Cruz,0.365,19.0,52.4,72.7,52.2,30466,26.8
350,190,Mississippi,MS,Montgomery,Republican,John Kasich,0.07200000000000001,19.0,52.4,72.7,52.2,30466,26.8
351,191,Mississippi,MS,Montgomery,Republican,Marco Rubio,0.039,19.0,52.4,72.7,52.2,30466,26.8
352,192,Mississippi,MS,Neshoba,Republican,Donald Trump,0.498,14.7,59.1,77.2,52.2,37050,52.1
353,193,Mississippi,MS,Neshoba,Republican,Ted Cruz,0.332,14.7,59.1,77.2,52.2,37050,52.1
354,194,Mississippi,MS,Neshoba,Republican,John Kasich,0.084,14.7,59.1,77.2,52.2,37050,52.1
355,195,Mississippi,MS,Neshoba,Republican,Marco Rubio,0.045,14.7,59.1,77.2,52.2,37050,52.1
356,196,Mississippi,MS,Newton,Republican,Donald Trump,0.46299999999999997,16.2,62.2,83.3,52.0,39190,37.6
357,197,Mississippi,MS,Newton,Republican,Ted Cruz,0.392,16.2,62.2,83.3,52.0,39190,37.6
358,198,Mississippi,MS,Newton,Republican,John Kasich,0.066,16.2,62.2,83.3,52.0,39190,37.6
359,199,Mississippi,MS,Newton,Republican,Marco Rubio,0.049,16.2,62.2,83.3,52.0,39190,37.6
360,200,Mississippi,MS,Noxubee,Republican,Ted Cruz,0.47600000000000003,15.7,26.2,65.5,51.9,24338,16.6
361,201,Mississippi,MS,Noxubee,Republican,Donald Trump,0.387,15.7,26.2,65.5,51.9,24338,16.6
362,202,Mississippi,MS,Noxubee,Republican,John Kasich,0.078,15.7,26.2,65.5,51.9,24338,16.6
363,203,Mississippi,MS,Noxubee,Republican,Marco Rubio,0.049,15.7,26.2,65.5,51.9,24338,16.6
364,204,Mississippi,MS,Oktibbeha,Republican,Ted Cruz,0.39299999999999996,10.3,56.8,86.4,50.4,30987,104.0
365,205,Mississippi,MS,Oktibbeha,Republican,Donald Trump,0.314,10.3,56.8,86.4,50.4,30987,104.0
366,206,Mississippi,MS,Oktibbeha,Republican,John Kasich,0.174,10.3,56.8,86.4,50.4,30987,104.0
367,207,Mississippi,MS,Oktibbeha,Republican,Marco Rubio,0.085,10.3,56.8,86.4,50.4,30987,104.0
368,208,Mississippi,MS,Panola,Republican,Donald Trump,0.544,14.2,47.5,75.8,51.7,35715,50.7
369,209,Mississippi,MS,Panola,Republican,Ted Cruz,0.336,14.2,47.5,75.8,51.7,35715,50.7
370,210,Mississippi,MS,Panola,Republican,Marco Rubio,0.049,14.2,47.5,75.8,51.7,35715,50.7
371,211,Mississippi,MS,Panola,Republican,John Kasich,0.046,14.2,47.5,75.8,51.7,35715,50.7
372,212,Mississippi,MS,Perry,Republican,Donald Trump,0.506,17.2,76.9,80.0,51.4,36124,18.9
373,213,Mississippi,MS,Perry,Republican,Ted Cruz,0.41100000000000003,17.2,76.9,80.0,51.4,36124,18.9
374,214,Mississippi,MS,Perry,Republican,John Kasich,0.040999999999999995,17.2,76.9,80.0,51.4,36124,18.9
375,215,Mississippi,MS,Perry,Republican,Marco Rubio,0.017,17.2,76.9,80.0,51.4,36124,18.9
376,216,Mississippi,MS,Pike,Republican,Donald Trump,0.501,15.6,44.9,78.2,52.6,34841,98.8
377,217,Mississippi,MS,Pike,Republican,Ted Cruz,0.32899999999999996,15.6,44.9,78.2,52.6,34841,98.8
378,218,Mississippi,MS,Pike,Republican,John Kasich,0.107,15.6,44.9,78.2,52.6,34841,98.8
379,219,Mississippi,MS,Pike,Republican,Marco Rubio,0.037000000000000005,15.6,44.9,78.2,52.6,34841,98.8
380,220,Mississippi,MS,Pontotoc,Republican,Ted Cruz,0.449,13.9,77.0,76.4,50.4,39899,60.2
381,221,Mississippi,MS,Pontotoc,Republican,Donald Trump,0.41700000000000004,13.9,77.0,76.4,50.4,39899,60.2
382,222,Mississippi,MS,Pontotoc,Republican,John Kasich,0.055999999999999994,13.9,77.0,76.4,50.4,39899,60.2
383,223,Mississippi,MS,Pontotoc,Republican,Marco Rubio,0.038,13.9,77.0,76.4,50.4,39899,60.2
384,224,Mississippi,MS,Prentiss,Republican,Donald Trump,0.47,17.0,83.2,72.7,50.8,32503,60.9
385,225,Mississippi,MS,Prentiss,Republican,Ted Cruz,0.40299999999999997,17.0,83.2,72.7,50.8,32503,60.9
386,226,Mississippi,MS,Prentiss,Republican,John Kasich,0.055999999999999994,17.0,83.2,72.7,50.8,32503,60.9
387,227,Mississippi,MS,Prentiss,Republican,Marco Rubio,0.048,17.0,83.2,72.7,50.8,32503,60.9
388,228,Mississippi,MS,Quitman,Republican,Donald Trump,0.529,15.0,28.4,68.0,52.1,22863,20.3
389,229,Mississippi,MS,Quitman,Republican,Ted Cruz,0.322,15.0,28.4,68.0,52.1,22863,20.3
390,230,Mississippi,MS,Quitman,Republican,John Kasich,0.073,15.0,28.4,68.0,52.1,22863,20.3
391,231,Mississippi,MS,Quitman,Republican,Marco Rubio,0.057999999999999996,15.0,28.4,68.0,52.1,22863,20.3
392,232,Mississippi,MS,Rankin,Republican,Donald Trump,0.469,13.3,75.0,88.9,51.7,57380,182.6
393,233,Mississippi,MS,Rankin,Republican,Ted Cruz,0.35100000000000003,13.3,75.0,88.9,51.7,57380,182.6
394,234,Mississippi,MS,Rankin,Republican,John Kasich,0.10400000000000001,13.3,75.0,88.9,51.7,57380,182.6
395,235,Mississippi,MS,Rankin,Republican,Marco Rubio,0.055999999999999994,13.3,75.0,88.9,51.7,57380,182.6
396,236,Mississippi,MS,Scott,Republican,Donald Trump,0.525,13.7,50.5,72.3,51.2,34534,46.4
397,237,Mississippi,MS,Scott,Republican,Ted Cruz,0.349,13.7,50.5,72.3,51.2,34534,46.4
398,238,Mississippi,MS,Scott,Republican,John Kasich,0.06,13.7,50.5,72.3,51.2,34534,46.4
399,239,Mississippi,MS,Scott,Republican,Marco Rubio,0.044000000000000004,13.7,50.5,72.3,51.2,34534,46.4
400,240,Mississippi,MS,Sharkey,Republican,Donald Trump,0.57,16.1,28.1,77.3,53.8,35125,11.4
401,241,Mississippi,MS,Sharkey,Republican,Ted Cruz,0.27,16.1,28.1,77.3,53.8,35125,11.4
402,242,Mississippi,MS,Sharkey,Republican,John Kasich,0.079,16.1,28.1,77.3,53.8,35125,11.4
403,243,Mississippi,MS,Sharkey,Republican,Marco Rubio,0.069,16.1,28.1,77.3,53.8,35125,11.4
404,244,Mississippi,MS,Simpson,Republican,Donald Trump,0.509,15.6,61.5,78.3,51.3,38362,46.7
405,245,Mississippi,MS,Simpson,Republican,Ted Cruz,0.32799999999999996,15.6,61.5,78.3,51.3,38362,46.7
406,246,Mississippi,MS,Simpson,Republican,John Kasich,0.065,15.6,61.5,78.3,51.3,38362,46.7
407,247,Mississippi,MS,Simpson,Republican,Marco Rubio,0.044000000000000004,15.6,61.5,78.3,51.3,38362,46.7
408,248,Mississippi,MS,Smith,Republican,Donald Trump,0.552,17.2,74.3,80.8,51.9,34753,25.9
409,249,Mississippi,MS,Smith,Republican,Ted Cruz,0.359,17.2,74.3,80.8,51.9,34753,25.9
410,250,Mississippi,MS,Smith,Republican,John Kasich,0.035,17.2,74.3,80.8,51.9,34753,25.9
411,251,Mississippi,MS,Smith,Republican,Marco Rubio,0.026000000000000002,17.2,74.3,80.8,51.9,34753,25.9
412,252,Mississippi,MS,Stone,Republican,Ted Cruz,0.446,14.3,76.8,84.5,50.1,42963,39.9
413,253,Mississippi,MS,Stone,Republican,Donald Trump,0.43799999999999994,14.3,76.8,84.5,50.1,42963,39.9
414,254,Mississippi,MS,Stone,Republican,John Kasich,0.054000000000000006,14.3,76.8,84.5,50.1,42963,39.9
415,255,Mississippi,MS,Stone,Republican,Marco Rubio,0.034,14.3,76.8,84.5,50.1,42963,39.9
416,256,Mississippi,MS,Sunflower,Republican,Donald Trump,0.611,11.6,25.0,70.2,47.2,26619,42.2
417,257,Mississippi,MS,Sunflower,Republican,Ted Cruz,0.20800000000000002,11.6,25.0,70.2,47.2,26619,42.2
418,258,Mississippi,MS,Sunflower,Republican,John Kasich,0.111,11.6,25.0,70.2,47.2,26619,42.2
419,259,Mississippi,MS,Sunflower,Republican,Marco Rubio,0.048,11.6,25.0,70.2,47.2,26619,42.2
420,260,Mississippi,MS,Tallahatchie,Republican,Donald Trump,0.636,13.5,36.1,65.7,44.3,29853,23.8
421,261,Mississippi,MS,Tallahatchie,Republican,Ted Cruz,0.259,13.5,36.1,65.7,44.3,29853,23.8
422,262,Mississippi,MS,Tallahatchie,Republican,John Kasich,0.054000000000000006,13.5,36.1,65.7,44.3,29853,23.8
423,263,Mississippi,MS,Tallahatchie,Republican,Marco Rubio,0.033,13.5,36.1,65.7,44.3,29853,23.8
424,264,Mississippi,MS,Tate,Republican,Ted Cruz,0.47700000000000004,15.0,64.7,79.9,51.7,41494,71.4
425,265,Mississippi,MS,Tate,Republican,Donald Trump,0.42100000000000004,15.0,64.7,79.9,51.7,41494,71.4
426,266,Mississippi,MS,Tate,Republican,Marco Rubio,0.043,15.0,64.7,79.9,51.7,41494,71.4
427,267,Mississippi,MS,Tate,Republican,John Kasich,0.042,15.0,64.7,79.9,51.7,41494,71.4
428,268,Mississippi,MS,Tippah,Republican,Donald Trump,0.489,15.8,77.1,75.8,50.8,34636,48.6
429,269,Mississippi,MS,Tippah,Republican,Ted Cruz,0.389,15.8,77.1,75.8,50.8,34636,48.6
430,270,Mississippi,MS,Tippah,Republican,John Kasich,0.055999999999999994,15.8,77.1,75.8,50.8,34636,48.6
431,271,Mississippi,MS,Tippah,Republican,Marco Rubio,0.043,15.8,77.1,75.8,50.8,34636,48.6
432,272,Mississippi,MS,Tishomingo,Republican,Donald Trump,0.523,19.6,93.4,76.8,51.8,32592,46.2
433,273,Mississippi,MS,Tishomingo,Republican,Ted Cruz,0.34700000000000003,19.6,93.4,76.8,51.8,32592,46.2
434,274,Mississippi,MS,Tishomingo,Republican,John Kasich,0.063,19.6,93.4,76.8,51.8,32592,46.2
435,275,Mississippi,MS,Tishomingo,Republican,Marco Rubio,0.043,19.6,93.4,76.8,51.8,32592,46.2
436,276,Mississippi,MS,Tunica,Republican,Donald Trump,0.5579999999999999,10.2,20.4,76.8,52.9,31446,23.7
437,277,Mississippi,MS,Tunica,Republican,Ted Cruz,0.305,10.2,20.4,76.8,52.9,31446,23.7
438,278,Mississippi,MS,Tunica,Republican,John Kasich,0.071,10.2,20.4,76.8,52.9,31446,23.7
439,279,Mississippi,MS,Tunica,Republican,Marco Rubio,0.045,10.2,20.4,76.8,52.9,31446,23.7
440,280,Mississippi,MS,Union,Republican,Donald Trump,0.433,15.7,78.8,76.1,51.2,38373,65.3
441,281,Mississippi,MS,Union,Republican,Ted Cruz,0.42200000000000004,15.7,78.8,76.1,51.2,38373,65.3
442,282,Mississippi,MS,Union,Republican,John Kasich,0.063,15.7,78.8,76.1,51.2,38373,65.3
443,283,Mississippi,MS,Union,Republican,Marco Rubio,0.048,15.7,78.8,76.1,51.2,38373,65.3
444,284,Mississippi,MS,Walthall,Republican,Donald Trump,0.578,17.7,52.9,74.8,51.9,31090,38.2
445,285,Mississippi,MS,Walthall,Republican,Ted Cruz,0.302,17.7,52.9,74.8,51.9,31090,38.2
446,286,Mississippi,MS,Walthall,Republican,John Kasich,0.068,17.7,52.9,74.8,51.9,31090,38.2
447,287,Mississippi,MS,Walthall,Republican,Marco Rubio,0.037000000000000005,17.7,52.9,74.8,51.9,31090,38.2
448,288,Mississippi,MS,Warren,Republican,Donald Trump,0.502,14.6,48.1,83.4,52.4,41025,82.9
449,289,Mississippi,MS,Warren,Republican,Ted Cruz,0.307,14.6,48.1,83.4,52.4,41025,82.9
450,290,Mississippi,MS,Warren,Republican,John Kasich,0.11,14.6,48.1,83.4,52.4,41025,82.9
451,291,Mississippi,MS,Warren,Republican,Marco Rubio,0.061,14.6,48.1,83.4,52.4,41025,82.9
452,292,Mississippi,MS,Washington,Republican,Donald Trump,0.552,13.6,26.3,75.5,53.2,28093,70.6
453,293,Mississippi,MS,Washington,Republican,Ted Cruz,0.252,13.6,26.3,75.5,53.2,28093,70.6
454,294,Mississippi,MS,Washington,Republican,John Kasich,0.131,13.6,26.3,75.5,53.2,28093,70.6
455,295,Mississippi,MS,Washington,Republican,Marco Rubio,0.046,13.6,26.3,75.5,53.2,28093,70.6
456,296,Mississippi,MS,Wayne,Republican,Donald Trump,0.518,15.7,58.1,72.7,51.9,29925,25.6
457,297,Mississippi,MS,Wayne,Republican,Ted Cruz,0.39,15.7,58.1,72.7,51.9,29925,25.6
458,298,Mississippi,MS,Wayne,Republican,John Kasich,0.036000000000000004,15.7,58.1,72.7,51.9,29925,25.6
459,299,Mississippi,MS,Wayne,Republican,Marco Rubio,0.028999999999999998,15.7,58.1,72.7,51.9,29925,25.6
460,300,Mississippi,MS,Webster,Republican,Donald Trump,0.501,16.6,77.5,81.3,51.0,33524,24.4
461,301,Mississippi,MS,Webster,Republican,Ted Cruz,0.37200000000000005,16.6,77.5,81.3,51.0,33524,24.4
462,302,Mississippi,MS,Webster,Republican,John Kasich,0.054000000000000006,16.6,77.5,81.3,51.0,33524,24.4
463,303,Mississippi,MS,Webster,Republican,Marco Rubio,0.042,16.6,77.5,81.3,51.0,33524,24.4
464,304,Mississippi,MS,Wilkinson,Republican,Donald Trump,0.546,15.5,28.6,71.9,46.6,33618,14.6
465,305,Mississippi,MS,Wilkinson,Republican,Ted Cruz,0.337,15.5,28.6,71.9,46.6,33618,14.6
466,306,Mississippi,MS,Wilkinson,Republican,John Kasich,0.045,15.5,28.6,71.9,46.6,33618,14.6
467,307,Mississippi,MS,Wilkinson,Republican,Marco Rubio,0.033,15.5,28.6,71.9,46.6,33618,14.6
468,308,Mississippi,MS,Winston,Republican,Donald Trump,0.45899999999999996,17.4,50.5,79.5,51.0,30821,31.6
469,309,Mississippi,MS,Winston,Republican,Ted Cruz,0.374,17.4,50.5,79.5,51.0,30821,31.6
470,310,Mississippi,MS,Winston,Republican,John Kasich,0.092,17.4,50.5,79.5,51.0,30821,31.6
471,311,Mississippi,MS,Winston,Republican,Marco Rubio,0.048,17.4,50.5,79.5,51.0,30821,31.6
472,312,Mississippi,MS,Yalobusha,Republican,Donald Trump,0.545,18.3,58.5,77.5,51.8,32930,27.1
473,313,Mississippi,MS,Yalobusha,Republican,Ted Cruz,0.324,18.3,58.5,77.5,51.8,32930,27.1
474,314,Mississippi,MS,Yalobusha,Republican,John Kasich,0.061,18.3,58.5,77.5,51.8,32930,27.1
475,315,Mississippi,MS,Yalobusha,Republican,Marco Rubio,0.037000000000000005,18.3,58.5,77.5,51.8,32930,27.1
476,316,Mississippi,MS,Yazoo,Republican,Donald Trump,0.5479999999999999,12.4,36.1,74.1,44.6,26336,30.4
477,317,Mississippi,MS,Yazoo,Republican,Ted Cruz,0.305,12.4,36.1,74.1,44.6,26336,30.4
478,318,Mississippi,MS,Yazoo,Republican,John Kasich,0.075,12.4,36.1,74.1,44.6,26336,30.4
479,319,Mississippi,MS,Yazoo,Republican,Marco Rubio,0.055,12.4,36.1,74.1,44.6,26336,30.4
