,id,state,state_abbreviation,county,party,candidate,fraction_votes,AGE775214,RHI825214,EDU635213,SEX255214,INC110213,POP060210
0,0,Nebraska,NE,Adams,Democrat,Bernie Sanders,0.616,16.5,87.4,90.7,49.9,49440,55.7
1,1,Nebraska,NE,Adams,Democrat,Hillary Clinton,0.384,16.5,87.4,90.7,49.9,49440,55.7
2,2,Nebraska,NE,Antelope,Democrat,Hillary Clinton,0.54,22.4,95.7,90.8,50.5,43518,7.8
3,3,Nebraska,NE,Antelope,Democrat,Bernie Sanders,0.46,22.4,95.7,90.8,50.5,43518,7.8
4,4,Nebraska,NE,Arthur,Democrat,Bernie Sanders,0.75,21.2,93.2,94.5,51.9,40568,0.6
5,5,Nebraska,NE,Arthur,Democrat,Hillary Clinton,0.25,21.2,93.2,94.5,51.9,40568,0.6
6,6,Nebraska,NE,Banner,Democrat,Hillary Clinton,0.5710000000000001,29.6,92.4,91.3,49.5,36875,0.9
7,7,Nebraska,NE,Banner,Democrat,Bernie Sanders,0.429,29.6,92.4,91.3,49.5,36875,0.9
8,8,Nebraska,NE,Blaine,Democrat,Bernie Sanders,0.556,21.8,98.6,99.0,48.0,42917,0.7
9,9,Nebraska,NE,Blaine,Democrat,Hillary Clinton,0.444,21.8,98.6,99.0,48.0,42917,0.7
10,10,Nebraska,NE,Boone,Democrat,Hillary Clinton,0.614,21.6,96.9,93.1,49.8,45246,8.0
11,11,Nebraska,NE,Boone,Democrat,Bernie Sanders,0.386,21.6,96.9,93.1,49.8,45246,8.0
12,12,Nebraska,NE,Boyd,Democrat,Hillary Clinton,0.565,28.7,95.7,91.6,51.1,41279,3.9
13,13,Nebraska,NE,Boyd,Democrat,Bernie Sanders,0.435,28.7,95.7,91.6,51.1,41279,3.9
14,14,Nebraska,NE,Brown,Democrat,Bernie Sanders,0.5379999999999999,24.3,96.9,91.2,50.8,33647,2.6
15,15,Nebraska,NE,Brown,Democrat,Hillary Clinton,0.462,24.3,96.9,91.2,50.8,33647,2.6
16,16,Nebraska,NE,Buffalo,Democrat,Bernie Sanders,0.6920000000000001,12.9,87.5,92.3,50.3,50963,47.6
17,17,Nebraska,NE,Buffalo,Democrat,Hillary Clinton,0.308,12.9,87.5,92.3,50.3,50963,47.6
18,18,Nebraska,NE,Burt,Democrat,Hillary Clinton,0.563,23.9,93.8,91.9,50.5,46817,14.0
19,19,Nebraska,NE,Burt,Democrat,Bernie Sanders,0.43799999999999994,23.9,93.8,91.9,50.5,46817,14.0
20,20,Nebraska,NE,Butler,Democrat,Bernie Sanders,0.528,20.6,95.4,91.0,49.2,50247,14.4
21,21,Nebraska,NE,Butler,Democrat,Hillary Clinton,0.47200000000000003,20.6,95.4,91.0,49.2,50247,14.4
22,22,Nebraska,NE,Cass,Democrat,Bernie Sanders,0.534,16.1,94.3,94.0,49.6,64697,45.3
23,23,Nebraska,NE,Cass,Democrat,Hillary Clinton,0.466,16.1,94.3,94.0,49.6,64697,45.3
24,24,Nebraska,NE,Cedar,Democrat,Bernie Sanders,0.535,21.3,97.2,92.7,49.4,48038,12.0
25,25,Nebraska,NE,Cedar,Democrat,Hillary Clinton,0.465,21.3,97.2,92.7,49.4,48038,12.0
26,26,Nebraska,NE,Chase,Democrat,Hillary Clinton,0.615,20.7,86.3,90.8,51.2,45610,4.4
27,27,Nebraska,NE,Chase,Democrat,Bernie Sanders,0.385,20.7,86.3,90.8,51.2,45610,4.4
28,28,Nebraska,NE,Cherry,Democrat,Hillary Clinton,0.645,21.4,89.1,92.5,50.0,45464,1.0
29,29,Nebraska,NE,Cherry,Democrat,Bernie Sanders,0.355,21.4,89.1,92.5,50.0,45464,1.0
30,30,Nebraska,NE,Cheyenne,Democrat,Bernie Sanders,0.611,16.2,89.9,93.3,50.2,51529,8.4
31,31,Nebraska,NE,Cheyenne,Democrat,Hillary Clinton,0.389,16.2,89.9,93.3,50.2,51529,8.4
32,32,Nebraska,NE,Clay,Democrat,Bernie Sanders,0.745,19.1,89.1,87.3,49.4,46784,11.4
33,33,Nebraska,NE,Clay,Democrat,Hillary Clinton,0.255,19.1,89.1,87.3,49.4,46784,11.4
34,34,Nebraska,NE,Colfax,Democrat,Hillary Clinton,0.6,13.1,53.9,70.4,48.5,51765,25.5
35,35,Nebraska,NE,Colfax,Democrat,Bernie Sanders,0.4,13.1,53.9,70.4,48.5,51765,25.5
36,36,Nebraska,NE,Cuming,Democrat,Hillary Clinton,0.5670000000000001,21.5,88.8,88.7,49.9,47500,16.0
37,37,Nebraska,NE,Cuming,Democrat,Bernie Sanders,0.433,21.5,88.8,88.7,49.9,47500,16.0
38,38,Nebraska,NE,Custer,Democrat,Bernie Sanders,0.649,20.9,95.3,92.6,50.2,44873,4.2
39,39,Nebraska,NE,Custer,Democrat,Hillary Clinton,0.35100000000000003,20.9,95.3,92.6,50.2,44873,4.2
40,40,Nebraska,NE,Dakota,Democrat,Bernie Sanders,0.5660000000000001,12.7,51.8,72.8,50.0,47069,79.5
41,41,Nebraska,NE,Dakota,Democrat,Hillary Clinton,0.434,12.7,51.8,72.8,50.0,47069,79.5
42,42,Nebraska,NE,Dawes,Democrat,Bernie Sanders,0.6859999999999999,17.6,86.1,93.5,50.6,40359,6.6
43,43,Nebraska,NE,Dawes,Democrat,Hillary Clinton,0.314,17.6,86.1,93.5,50.6,40359,6.6
44,44,Nebraska,NE,Dawson,Democrat,Bernie Sanders,0.688,15.0,61.1,75.8,49.2,46078,24.0
45,45,Nebraska,NE,Dawson,Democrat,Hillary Clinton,0.312,15.0,61.1,75.8,49.2,46078,24.0
46,46,Nebraska,NE,Deuel,Democrat,Bernie Sanders,0.6,23.5,92.2,92.6,50.2,44922,4.4
47,47,Nebraska,NE,Deuel,Democrat,Hillary Clinton,0.4,23.5,92.2,92.6,50.2,44922,4.4
48,48,Nebraska,NE,Dixon,Democrat,Bernie Sanders,0.541,19.7,86.2,86.1,49.7,47325,12.6
49,49,Nebraska,NE,Dixon,Democrat,Hillary Clinton,0.45899999999999996,19.7,86.2,86.1,49.7,47325,12.6
50,50,Nebraska,NE,Dodge,Democrat,Hillary Clinton,0.526,19.0,85.7,86.0,50.7,48626,69.4
51,51,Nebraska,NE,Dodge,Democrat,Bernie Sanders,0.474,19.0,85.7,86.0,50.7,48626,69.4
52,52,Nebraska,NE,Douglas,Democrat,Bernie Sanders,0.54,11.5,70.9,89.5,50.7,53325,1574.4
53,53,Nebraska,NE,Douglas,Democrat,Hillary Clinton,0.46,11.5,70.9,89.5,50.7,53325,1574.4
54,54,Nebraska,NE,Dundy,Democrat,Hillary Clinton,0.9329999999999999,23.3,91.0,93.7,49.6,47431,2.2
55,55,Nebraska,NE,Dundy,Democrat,Bernie Sanders,0.067,23.3,91.0,93.7,49.6,47431,2.2
56,56,Nebraska,NE,Fillmore,Democrat,Hillary Clinton,0.5,22.9,94.0,92.5,50.2,48464,10.2
57,57,Nebraska,NE,Fillmore,Democrat,Bernie Sanders,0.5,22.9,94.0,92.5,50.2,48464,10.2
58,58,Nebraska,NE,Franklin,Democrat,Hillary Clinton,0.55,25.7,96.5,91.2,50.0,43011,5.6
59,59,Nebraska,NE,Franklin,Democrat,Bernie Sanders,0.45,25.7,96.5,91.2,50.0,43011,5.6
60,60,Nebraska,NE,Frontier,Democrat,Hillary Clinton,0.643,21.2,96.3,94.7,48.5,50227,2.8
61,61,Nebraska,NE,Frontier,Democrat,Bernie Sanders,0.35700000000000004,21.2,96.3,94.7,48.5,50227,2.8
62,62,Nebraska,NE,Furnas,Democrat,Bernie Sanders,0.52,22.7,94.8,88.9,50.3,39603,6.9
63,63,Nebraska,NE,Furnas,Democrat,Hillary Clinton,0.48,22.7,94.8,88.9,50.3,39603,6.9
64,64,Nebraska,NE,Gage,Democrat,Hillary Clinton,0.5429999999999999,20.4,95.0,90.2,50.5,47654,26.2
65,65,Nebraska,NE,Gage,Democrat,Bernie Sanders,0.457,20.4,95.0,90.2,50.5,47654,26.2
66,66,Nebraska,NE,Garden,Democrat,Bernie Sanders,0.619,27.7,93.0,93.4,48.9,39400,1.2
67,67,Nebraska,NE,Garden,Democrat,Hillary Clinton,0.381,27.7,93.0,93.4,48.9,39400,1.2
68,68,Nebraska,NE,Garfield,Democrat,Hillary Clinton,0.0,26.9,97.7,94.0,50.1,41892,3.6
69,69,Nebraska,NE,Garfield,Democrat,Bernie Sanders,0.0,26.9,97.7,94.0,50.1,41892,3.6
70,70,Nebraska,NE,Gosper,Democrat,Bernie Sanders,0.586,20.9,93.1,94.3,48.0,45893,4.5
71,71,Nebraska,NE,Gosper,Democrat,Hillary Clinton,0.414,20.9,93.1,94.3,48.0,45893,4.5
72,72,Nebraska,NE,Grant,Democrat,Hillary Clinton,0.0,19.7,97.1,93.6,47.0,44167,0.8
73,73,Nebraska,NE,Grant,Democrat,Bernie Sanders,0.0,19.7,97.1,93.6,47.0,44167,0.8
74,74,Nebraska,NE,Greeley,Democrat,Hillary Clinton,0.55,23.7,96.1,92.8,49.3,44950,4.5
75,75,Nebraska,NE,Greeley,Democrat,Bernie Sanders,0.45,23.7,96.1,92.8,49.3,44950,4.5
76,76,Nebraska,NE,Hall,Democrat,Bernie Sanders,0.5529999999999999,14.2,69.4,81.9,49.7,48712,107.3
77,77,Nebraska,NE,Hall,Democrat,Hillary Clinton,0.447,14.2,69.4,81.9,49.7,48712,107.3
78,78,Nebraska,NE,Hamilton,Democrat,Bernie Sanders,0.657,17.8,95.4,93.4,49.7,56065,16.8
79,79,Nebraska,NE,Hamilton,Democrat,Hillary Clinton,0.34299999999999997,17.8,95.4,93.4,49.7,56065,16.8
80,80,Nebraska,NE,Harlan,Democrat,Hillary Clinton,0.52,24.3,96.5,92.1,48.5,45920,6.2
81,81,Nebraska,NE,Harlan,Democrat,Bernie Sanders,0.48,24.3,96.5,92.1,48.5,45920,6.2
82,82,Nebraska,NE,Hayes,Democrat,Hillary Clinton,1.0,24.8,94.9,88.4,48.2,49125,1.4
83,83,Nebraska,NE,Hayes,Democrat,Bernie Sanders,0.0,24.8,94.9,88.4,48.2,49125,1.4
84,84,Nebraska,NE,Hitchcock,Democrat,Hillary Clinton,0.6,23.8,94.8,92.9,49.6,39702,4.1
85,85,Nebraska,NE,Hitchcock,Democrat,Bernie Sanders,0.4,23.8,94.8,92.9,49.6,39702,4.1
86,86,Nebraska,NE,Holt,Democrat,Hillary Clinton,0.556,20.8,94.6,90.1,50.6,44427,4.3
87,87,Nebraska,NE,Holt,Democrat,Bernie Sanders,0.444,20.8,94.6,90.1,50.6,44427,4.3
88,88,Nebraska,NE,Hooker,Democrat,Bernie Sanders,0.5710000000000001,29.0,95.7,95.1,51.6,39327,1.0
89,89,Nebraska,NE,Hooker,Democrat,Hillary Clinton,0.429,29.0,95.7,95.1,51.6,39327,1.0
90,90,Nebraska,NE,Howard,Democrat,Hillary Clinton,0.589,20.2,95.8,92.4,49.2,49088,11.0
91,91,Nebraska,NE,Howard,Democrat,Bernie Sanders,0.41100000000000003,20.2,95.8,92.4,49.2,49088,11.0
92,92,Nebraska,NE,Jefferson,Democrat,Bernie Sanders,0.586,22.5,94.4,89.1,50.3,44843,13.2
93,93,Nebraska,NE,Jefferson,Democrat,Hillary Clinton,0.414,22.5,94.4,89.1,50.3,44843,13.2
94,94,Nebraska,NE,Johnson,Democrat,Bernie Sanders,0.547,16.9,80.3,87.9,40.5,42364,13.9
95,95,Nebraska,NE,Johnson,Democrat,Hillary Clinton,0.45299999999999996,16.9,80.3,87.9,40.5,42364,13.9
96,96,Nebraska,NE,Kearney,Democrat,Bernie Sanders,0.514,18.8,92.9,91.4,50.9,56466,12.6
97,97,Nebraska,NE,Kearney,Democrat,Hillary Clinton,0.486,18.8,92.9,91.4,50.9,56466,12.6
98,98,Nebraska,NE,Keith,Democrat,Hillary Clinton,0.519,23.2,90.9,92.0,50.0,41970,7.9
99,99,Nebraska,NE,Keith,Democrat,Bernie Sanders,0.48100000000000004,23.2,90.9,92.0,50.0,41970,7.9
100,100,Nebraska,NE,Kimball,Democrat,Bernie Sanders,0.652,22.7,87.7,84.8,49.3,42180,4.0
101,101,Nebraska,NE,Kimball,Democrat,Hillary Clinton,0.348,22.7,87.7,84.8,49.3,42180,4.0
102,102,Nebraska,NE,Knox,Democrat,Hillary Clinton,0.61,23.8,86.5,89.0,51.1,42230,7.9
103,103,Nebraska,NE,Knox,Democrat,Bernie Sanders,0.39,23.8,86.5,89.0,51.1,42230,7.9
104,104,Nebraska,NE,Lancaster,Democrat,Bernie Sanders,0.617,12.1,82.8,93.8,50.0,51574,340.8
105,105,Nebraska,NE,Lancaster,Democrat,Hillary Clinton,0.38299999999999995,12.1,82.8,93.8,50.0,51574,340.8
106,106,Nebraska,NE,Lincoln,Democrat,Bernie Sanders,0.525,17.1,88.4,91.5,50.5,48158,14.2
107,107,Nebraska,NE,Lincoln,Democrat,Hillary Clinton,0.475,17.1,88.4,91.5,50.5,48158,14.2
108,108,Nebraska,NE,Logan,Democrat,Hillary Clinton,0.667,18.4,95.5,93.1,50.3,44417,1.3
109,109,Nebraska,NE,Logan,Democrat,Bernie Sanders,0.33299999999999996,18.4,95.5,93.1,50.3,44417,1.3
110,110,Nebraska,NE,Loup,Democrat,Bernie Sanders,0.545,24.8,97.1,93.0,48.3,38125,1.1
111,111,Nebraska,NE,Loup,Democrat,Hillary Clinton,0.455,24.8,97.1,93.0,48.3,38125,1.1
112,112,Nebraska,NE,Madison,Democrat,Bernie Sanders,0.608,15.6,81.3,87.2,50.4,46566,60.9
113,113,Nebraska,NE,Madison,Democrat,Hillary Clinton,0.392,15.6,81.3,87.2,50.4,46566,60.9
114,114,Nebraska,NE,McPherson,Democrat,Hillary Clinton,0.75,19.9,96.6,94.4,50.0,54926,0.6
115,115,Nebraska,NE,McPherson,Democrat,Bernie Sanders,0.25,19.9,96.6,94.4,50.0,54926,0.6
116,116,Nebraska,NE,Merrick,Democrat,Hillary Clinton,0.583,18.8,93.0,90.7,50.1,50859,16.2
117,117,Nebraska,NE,Merrick,Democrat,Bernie Sanders,0.41700000000000004,18.8,93.0,90.7,50.1,50859,16.2
118,118,Nebraska,NE,Morrill,Democrat,Bernie Sanders,0.581,18.2,82.4,87.2,49.3,43886,3.5
119,119,Nebraska,NE,Morrill,Democrat,Hillary Clinton,0.419,18.2,82.4,87.2,49.3,43886,3.5
120,120,Nebraska,NE,Nance,Democrat,Hillary Clinton,0.56,20.6,96.2,88.6,49.9,44286,8.5
121,121,Nebraska,NE,Nance,Democrat,Bernie Sanders,0.44,20.6,96.2,88.6,49.9,44286,8.5
122,122,Nebraska,NE,Nemaha,Democrat,Bernie Sanders,0.527,18.0,94.4,92.2,50.7,42672,17.8
123,123,Nebraska,NE,Nemaha,Democrat,Hillary Clinton,0.473,18.0,94.4,92.2,50.7,42672,17.8
124,124,Nebraska,NE,Nuckolls,Democrat,Bernie Sanders,0.514,26.2,95.8,93.0,50.3,37594,7.8
125,125,Nebraska,NE,Nuckolls,Democrat,Hillary Clinton,0.486,26.2,95.8,93.0,50.3,37594,7.8
126,126,Nebraska,NE,Otoe,Democrat,Bernie Sanders,0.578,19.9,90.5,91.9,50.8,50881,25.6
127,127,Nebraska,NE,Otoe,Democrat,Hillary Clinton,0.42200000000000004,19.9,90.5,91.9,50.8,50881,25.6
128,128,Nebraska,NE,Pawnee,Democrat,Hillary Clinton,0.725,25.6,95.8,87.1,50.1,37321,6.4
129,129,Nebraska,NE,Pawnee,Democrat,Bernie Sanders,0.275,25.6,95.8,87.1,50.1,37321,6.4
130,130,Nebraska,NE,Perkins,Democrat,Hillary Clinton,0.762,21.9,95.1,91.0,49.3,58625,3.4
131,131,Nebraska,NE,Perkins,Democrat,Bernie Sanders,0.23800000000000002,21.9,95.1,91.0,49.3,58625,3.4
132,132,Nebraska,NE,Phelps,Democrat,Bernie Sanders,0.56,20.1,92.7,94.2,50.3,50000,17.0
133,133,Nebraska,NE,Phelps,Democrat,Hillary Clinton,0.44,20.1,92.7,94.2,50.3,50000,17.0
134,134,Nebraska,NE,Pierce,Democrat,Bernie Sanders,0.667,18.0,97.0,93.1,49.5,51924,12.7
135,135,Nebraska,NE,Pierce,Democrat,Hillary Clinton,0.33299999999999996,18.0,97.0,93.1,49.5,51924,12.7
136,136,Nebraska,NE,Platte,Democrat,Hillary Clinton,0.542,15.7,81.2,88.6,49.4,51213,47.8
137,137,Nebraska,NE,Platte,Democrat,Bernie Sanders,0.45799999999999996,15.7,81.2,88.6,49.4,51213,47.8
138,138,Nebraska,NE,Polk,Democrat,Hillary Clinton,0.534,20.2,94.8,93.6,50.2,52848,12.3
139,139,Nebraska,NE,Polk,Democrat,Bernie Sanders,0.466,20.2,94.8,93.6,50.2,52848,12.3
140,140,Nebraska,NE,Richardson,Democrat,Hillary Clinton,0.563,23.8,92.5,92.4,50.4,38582,15.2
141,141,Nebraska,NE,Richardson,Democrat,Bernie Sanders,0.43799999999999994,23.8,92.5,92.4,50.4,38582,15.2
142,142,Nebraska,NE,Rock,Democrat,Bernie Sanders,0.7,21.8,96.3,91.9,49.8,43500,1.5
143,143,Nebraska,NE,Rock,Democrat,Hillary Clinton,0.3,21.8,96.3,91.9,49.8,43500,1.5
144,144,Nebraska,NE,Saline,Democrat,Hillary Clinton,0.551,15.0,72.8,83.4,49.2,44109,24.7
145,145,Nebraska,NE,Saline,Democrat,Bernie Sanders,0.449,15.0,72.8,83.4,49.2,44109,24.7
146,146,Nebraska,NE,Sarpy,Democrat,Bernie Sanders,0.596,10.2,82.3,94.9,49.9,69965,664.6
147,147,Nebraska,NE,Sarpy,Democrat,Hillary Clinton,0.40399999999999997,10.2,82.3,94.9,49.9,69965,664.6
148,148,Nebraska,NE,Saunders,Democrat,Bernie Sanders,0.635,17.4,95.7,93.3,49.4,59870,27.7
149,149,Nebraska,NE,Saunders,Democrat,Hillary Clinton,0.365,17.4,95.7,93.3,49.4,59870,27.7
150,150,Nebraska,NE,Seward,Democrat,Bernie Sanders,0.585,16.6,95.3,91.9,48.9,59435,29.3
151,151,Nebraska,NE,Seward,Democrat,Hillary Clinton,0.415,16.6,95.3,91.9,48.9,59435,29.3
152,152,Nebraska,NE,Sheridan,Democrat,Bernie Sanders,0.615,23.4,82.7,89.8,51.0,38548,2.2
153,153,Nebraska,NE,Sheridan,Democrat,Hillary Clinton,0.385,23.4,82.7,89.8,51.0,38548,2.2
154,154,Nebraska,NE,Sherman,Democrat,Bernie Sanders,0.6559999999999999,26.1,96.6,90.1,50.7,41835,5.6
155,155,Nebraska,NE,Sherman,Democrat,Hillary Clinton,0.344,26.1,96.6,90.1,50.7,41835,5.6
156,156,Nebraska,NE,Sioux,Democrat,Hillary Clinton,0.5710000000000001,21.1,92.5,91.2,49.4,42014,0.6
157,157,Nebraska,NE,Sioux,Democrat,Bernie Sanders,0.429,21.1,92.5,91.2,49.4,42014,0.6
158,158,Nebraska,NE,Stanton,Democrat,Bernie Sanders,0.648,15.0,92.9,91.8,49.6,51493,14.3
159,159,Nebraska,NE,Stanton,Democrat,Hillary Clinton,0.35200000000000004,15.0,92.9,91.8,49.6,51493,14.3
160,160,Nebraska,NE,Thayer,Democrat,Hillary Clinton,0.69,24.7,95.7,91.4,51.1,44422,9.1
161,161,Nebraska,NE,Thayer,Democrat,Bernie Sanders,0.31,24.7,95.7,91.4,51.1,44422,9.1
162,162,Nebraska,NE,Thomas,Democrat,Hillary Clinton,1.0,19.8,96.8,94.5,47.0,55089,0.9
163,163,Nebraska,NE,Thomas,Democrat,Bernie Sanders,0.0,19.8,96.8,94.5,47.0,55089,0.9
164,164,Nebraska,NE,Thurston,Democrat,Bernie Sanders,0.529,12.1,38.4,86.3,50.6,41400,17.6
165,165,Nebraska,NE,Thurston,Democrat,Hillary Clinton,0.47100000000000003,12.1,38.4,86.3,50.6,41400,17.6
166,166,Nebraska,NE,Valley,Democrat,Hillary Clinton,0.614,23.9,96.4,93.9,50.2,40445,7.5
167,167,Nebraska,NE,Valley,Democrat,Bernie Sanders,0.386,23.9,96.4,93.9,50.2,40445,7.5
168,168,Nebraska,NE,Washington,Democrat,Bernie Sanders,0.507,16.0,95.2,95.0,50.0,65409,51.9
169,169,Nebraska,NE,Washington,Democrat,Hillary Clinton,0.493,16.0,95.2,95.0,50.0,65409,51.9
170,170,Nebraska,NE,Wayne,Democrat,Hillary Clinton,0.527,14.1,90.4,94.0,49.2,52147,21.7
171,171,Nebraska,NE,Wayne,Democrat,Bernie Sanders,0.473,14.1,90.4,94.0,49.2,52147,21.7
172,172,Nebraska,NE,Webster,Democrat,Hillary Clinton,0.667,23.0,92.1,91.1,51.3,41045,6.6
173,173,Nebraska,NE,Webster,Democrat,Bernie Sanders,0.33299999999999996,23.0,92.1,91.1,51.3,41045,6.6
174,174,Nebraska,NE,Wheeler,Democrat,Hillary Clinton,0.5,21.9,97.9,95.2,49.3,38807,1.4
175,175,Nebraska,NE,Wheeler,Democrat,Bernie Sanders,0.5,21.9,97.9,95.2,49.3,38807,1.4
176,176,Nebraska,NE,York,Democrat,Bernie Sanders,0.67,18.5,91.3,94.2,51.3,49633,23.9
177,177,Nebraska,NE,York,Democrat,Hillary Clinton,0.33,18.5,91.3,94.2,51.3,49633,23.9
