,id,state,state_abbreviation,county,party,candidate,fraction_votes,AGE775214,RHI825214,EDU635213,SEX255214,INC110213,POP060210
0,0,South Carolina,SC,Abbeville,Democrat,Hillary Clinton,0.818,19.4,68.8,76.8,51.5,35947,51.8
1,1,South Carolina,SC,Abbeville,Democrat,Bernie Sanders,0.17,19.4,68.8,76.8,51.5,35947,51.8
2,2,South Carolina,SC,Aiken,Democrat,Hillary Clinton,0.7020000000000001,17.5,67.0,84.8,51.5,44509,149.5
3,3,South Carolina,SC,Aiken,Democrat,Bernie Sanders,0.293,17.5,67.0,84.8,51.5,44509,149.5
4,4,South Carolina,SC,Allendale,Democrat,Hillary Clinton,0.9079999999999999,16.3,23.3,71.9,46.1,25252,25.5
5,5,South Carolina,SC,Allendale,Democrat,Bernie Sanders,0.084,16.3,23.3,71.9,46.1,25252,25.5
6,6,South Carolina,SC,Anderson,Democrat,Hillary Clinton,0.669,17.0,77.7,81.7,51.7,41579,261.6
7,7,South Carolina,SC,Anderson,Democrat,Bernie Sanders,0.324,17.0,77.7,81.7,51.7,41579,261.6
8,8,South Carolina,SC,Bamberg,Democrat,Hillary Clinton,0.883,18.3,35.8,75.5,51.8,31483,40.6
9,9,South Carolina,SC,Bamberg,Democrat,Bernie Sanders,0.105,18.3,35.8,75.5,51.8,31483,40.6
10,10,South Carolina,SC,Barnwell,Democrat,Hillary Clinton,0.8740000000000001,15.9,51.2,79.7,52.3,35231,41.2
11,11,South Carolina,SC,Barnwell,Democrat,Bernie Sanders,0.11699999999999999,15.9,51.2,79.7,52.3,35231,41.2
12,12,South Carolina,SC,Beaufort,Democrat,Hillary Clinton,0.733,24.1,67.1,91.3,50.9,57316,281.5
13,13,South Carolina,SC,Beaufort,Democrat,Bernie Sanders,0.263,24.1,67.1,91.3,50.9,57316,281.5
14,14,South Carolina,SC,Berkeley,Democrat,Hillary Clinton,0.72,12.3,63.9,86.7,50.2,52427,161.8
15,15,South Carolina,SC,Berkeley,Democrat,Bernie Sanders,0.272,12.3,63.9,86.7,50.2,52427,161.8
16,16,South Carolina,SC,Calhoun,Democrat,Hillary Clinton,0.861,19.7,53.5,82.8,51.3,40704,39.8
17,17,South Carolina,SC,Calhoun,Democrat,Bernie Sanders,0.135,19.7,53.5,82.8,51.3,40704,39.8
18,18,South Carolina,SC,Charleston,Democrat,Hillary Clinton,0.66,14.5,63.4,88.3,51.6,50792,382.3
19,19,South Carolina,SC,Charleston,Democrat,Bernie Sanders,0.33399999999999996,14.5,63.4,88.3,51.6,50792,382.3
20,20,South Carolina,SC,Cherokee,Democrat,Hillary Clinton,0.779,15.2,73.2,75.0,51.5,34202,140.9
21,21,South Carolina,SC,Cherokee,Democrat,Bernie Sanders,0.214,15.2,73.2,75.0,51.5,34202,140.9
22,22,South Carolina,SC,Chester,Democrat,Hillary Clinton,0.7959999999999999,16.7,59.0,78.0,51.5,33103,57.1
23,23,South Carolina,SC,Chester,Democrat,Bernie Sanders,0.2,16.7,59.0,78.0,51.5,33103,57.1
24,24,South Carolina,SC,Chesterfield,Democrat,Hillary Clinton,0.828,16.0,61.3,74.9,51.3,31252,58.5
25,25,South Carolina,SC,Chesterfield,Democrat,Bernie Sanders,0.16699999999999998,16.0,61.3,74.9,51.3,31252,58.5
26,26,South Carolina,SC,Clarendon,Democrat,Hillary Clinton,0.9079999999999999,19.8,47.3,77.7,50.7,31410,57.6
27,27,South Carolina,SC,Clarendon,Democrat,Bernie Sanders,0.086,19.8,47.3,77.7,50.7,31410,57.6
28,28,South Carolina,SC,Colleton,Democrat,Hillary Clinton,0.825,18.6,56.5,78.8,52.1,33233,36.8
29,29,South Carolina,SC,Colleton,Democrat,Bernie Sanders,0.16399999999999998,18.6,56.5,78.8,52.1,33233,36.8
30,30,South Carolina,SC,Darlington,Democrat,Hillary Clinton,0.8190000000000001,16.5,55.3,79.2,52.8,36323,122.4
31,31,South Carolina,SC,Darlington,Democrat,Bernie Sanders,0.177,16.5,55.3,79.2,52.8,36323,122.4
32,32,South Carolina,SC,Dillon,Democrat,Hillary Clinton,0.841,15.0,46.8,70.6,52.7,28817,79.2
33,33,South Carolina,SC,Dillon,Democrat,Bernie Sanders,0.152,15.0,46.8,70.6,52.7,28817,79.2
34,34,South Carolina,SC,Dorchester,Democrat,Hillary Clinton,0.7020000000000001,11.7,64.9,89.4,51.2,53857,238.2
35,35,South Carolina,SC,Dorchester,Democrat,Bernie Sanders,0.292,11.7,64.9,89.4,51.2,53857,238.2
36,36,South Carolina,SC,Edgefield,Democrat,Hillary Clinton,0.818,15.9,56.2,81.3,45.9,43861,53.9
37,37,South Carolina,SC,Edgefield,Democrat,Bernie Sanders,0.16699999999999998,15.9,56.2,81.3,45.9,43861,53.9
38,38,South Carolina,SC,Fairfield,Democrat,Hillary Clinton,0.8740000000000001,18.0,37.8,81.4,52.2,36120,34.9
39,39,South Carolina,SC,Fairfield,Democrat,Bernie Sanders,0.11800000000000001,18.0,37.8,81.4,52.2,36120,34.9
40,40,South Carolina,SC,Florence,Democrat,Hillary Clinton,0.78,15.0,52.9,82.6,53.2,41910,171.1
41,41,South Carolina,SC,Florence,Democrat,Bernie Sanders,0.214,15.0,52.9,82.6,53.2,41910,171.1
42,42,South Carolina,SC,Georgetown,Democrat,Hillary Clinton,0.778,24.1,63.0,84.5,52.4,40131,73.9
43,43,South Carolina,SC,Georgetown,Democrat,Bernie Sanders,0.212,24.1,63.0,84.5,52.4,40131,73.9
44,44,South Carolina,SC,Greenville,Democrat,Hillary Clinton,0.6409999999999999,14.3,69.3,85.7,51.4,49022,574.7
45,45,South Carolina,SC,Greenville,Democrat,Bernie Sanders,0.355,14.3,69.3,85.7,51.4,49022,574.7
46,46,South Carolina,SC,Greenwood,Democrat,Hillary Clinton,0.774,17.1,60.4,80.4,53.2,36540,153.2
47,47,South Carolina,SC,Greenwood,Democrat,Bernie Sanders,0.212,17.1,60.4,80.4,53.2,36540,153.2
48,48,South Carolina,SC,Hampton,Democrat,Hillary Clinton,0.88,15.8,41.2,75.8,48.4,34233,37.7
49,49,South Carolina,SC,Hampton,Democrat,Bernie Sanders,0.11,15.8,41.2,75.8,48.4,34233,37.7
50,50,South Carolina,SC,Horry,Democrat,Hillary Clinton,0.672,20.5,77.2,87.7,51.5,42431,237.5
51,51,South Carolina,SC,Horry,Democrat,Bernie Sanders,0.324,20.5,77.2,87.7,51.5,42431,237.5
52,52,South Carolina,SC,Jasper,Democrat,Hillary Clinton,0.851,15.4,41.0,78.8,48.4,36413,37.8
53,53,South Carolina,SC,Jasper,Democrat,Bernie Sanders,0.138,15.4,41.0,78.8,48.4,36413,37.8
54,54,South Carolina,SC,Kershaw,Democrat,Hillary Clinton,0.7709999999999999,16.4,68.7,84.9,51.5,43765,84.9
55,55,South Carolina,SC,Kershaw,Democrat,Bernie Sanders,0.22399999999999998,16.4,68.7,84.9,51.5,43765,84.9
56,56,South Carolina,SC,Lancaster,Democrat,Hillary Clinton,0.73,18.8,70.2,82.3,50.9,42217,139.6
57,57,South Carolina,SC,Lancaster,Democrat,Bernie Sanders,0.266,18.8,70.2,82.3,50.9,42217,139.6
58,58,South Carolina,SC,Laurens,Democrat,Hillary Clinton,0.784,16.7,68.3,78.2,51.5,37383,93.2
59,59,South Carolina,SC,Laurens,Democrat,Bernie Sanders,0.212,16.7,68.3,78.2,51.5,37383,93.2
60,60,South Carolina,SC,Lee,Democrat,Hillary Clinton,0.8759999999999999,16.1,33.3,72.8,47.8,27373,46.9
61,61,South Carolina,SC,Lee,Democrat,Bernie Sanders,0.114,16.1,33.3,72.8,47.8,27373,46.9
62,62,South Carolina,SC,Lexington,Democrat,Hillary Clinton,0.609,14.2,75.7,88.4,51.1,54061,375.4
63,63,South Carolina,SC,Lexington,Democrat,Bernie Sanders,0.386,14.2,75.7,88.4,51.1,54061,375.4
64,64,South Carolina,SC,Marion,Democrat,Hillary Clinton,0.8540000000000001,17.1,39.2,81.8,53.8,29149,67.6
65,65,South Carolina,SC,Marion,Democrat,Bernie Sanders,0.14,17.1,39.2,81.8,53.8,29149,67.6
66,66,South Carolina,SC,Marlboro,Democrat,Hillary Clinton,0.89,15.2,39.9,69.9,46.8,28297,60.3
67,67,South Carolina,SC,Marlboro,Democrat,Bernie Sanders,0.105,15.2,39.9,69.9,46.8,28297,60.3
68,68,South Carolina,SC,McCormick,Democrat,Hillary Clinton,0.851,29.8,48.7,78.8,44.9,40028,28.5
69,69,South Carolina,SC,McCormick,Democrat,Bernie Sanders,0.142,29.8,48.7,78.8,44.9,40028,28.5
70,70,South Carolina,SC,Newberry,Democrat,Hillary Clinton,0.81,18.0,60.0,76.9,51.4,41718,59.5
71,71,South Carolina,SC,Newberry,Democrat,Bernie Sanders,0.179,18.0,60.0,76.9,51.4,41718,59.5
72,72,South Carolina,SC,Oconee,Democrat,Hillary Clinton,0.596,21.6,85.2,83.1,50.5,41394,118.6
73,73,South Carolina,SC,Oconee,Democrat,Bernie Sanders,0.396,21.6,85.2,83.1,50.5,41394,118.6
74,74,South Carolina,SC,Orangeburg,Democrat,Hillary Clinton,0.887,17.1,33.6,79.3,53.1,34110,83.6
75,75,South Carolina,SC,Orangeburg,Democrat,Bernie Sanders,0.11,17.1,33.6,79.3,53.1,34110,83.6
76,76,South Carolina,SC,Pickens,Democrat,Hillary Clinton,0.555,15.2,86.4,82.2,50.2,41788,240.2
77,77,South Carolina,SC,Pickens,Democrat,Bernie Sanders,0.441,15.2,86.4,82.2,50.2,41788,240.2
78,78,South Carolina,SC,Richland,Democrat,Hillary Clinton,0.758,11.3,44.1,89.7,51.5,48359,507.9
79,79,South Carolina,SC,Richland,Democrat,Bernie Sanders,0.23800000000000002,11.3,44.1,89.7,51.5,48359,507.9
80,80,South Carolina,SC,Saluda,Democrat,Hillary Clinton,0.8370000000000001,18.3,58.0,76.8,49.6,38514,43.9
81,81,South Carolina,SC,Saluda,Democrat,Bernie Sanders,0.157,18.3,58.0,76.8,49.6,38514,43.9
82,82,South Carolina,SC,Spartanburg,Democrat,Hillary Clinton,0.703,15.1,69.0,82.2,51.5,42919,351.9
83,83,South Carolina,SC,Spartanburg,Democrat,Bernie Sanders,0.293,15.1,69.0,82.2,51.5,42919,351.9
84,84,South Carolina,SC,Sumter,Democrat,Hillary Clinton,0.866,14.5,46.4,82.3,51.8,41366,161.6
85,85,South Carolina,SC,Sumter,Democrat,Bernie Sanders,0.127,14.5,46.4,82.3,51.8,41366,161.6
86,86,South Carolina,SC,Union,Democrat,Hillary Clinton,0.8340000000000001,18.5,65.4,78.1,52.5,32556,56.3
87,87,South Carolina,SC,Union,Democrat,Bernie Sanders,0.16399999999999998,18.5,65.4,78.1,52.5,32556,56.3
88,88,South Carolina,SC,Williamsburg,Democrat,Hillary Clinton,0.885,17.9,31.5,77.6,51.5,25849,36.8
89,89,South Carolina,SC,Williamsburg,Democrat,Bernie Sanders,0.107,17.9,31.5,77.6,51.5,25849,36.8
90,90,South Carolina,SC,York,Democrat,Hillary Clinton,0.635,13.1,71.6,87.5,51.7,53740,332.2
91,91,South Carolina,SC,York,Democrat,Bernie Sanders,0.361,13.1,71.6,87.5,51.7,53740,332.2
92,0,South Carolina,SC,Abbeville,Republican,Donald Trump,0.369,19.4,68.8,76.8,51.5,35947,51.8
93,1,South Carolina,SC,Abbeville,Republican,Ted Cruz,0.239,19.4,68.8,76.8,51.5,35947,51.8
94,2,South Carolina,SC,Abbeville,Republican,Marco Rubio,0.20199999999999999,19.4,68.8,76.8,51.5,35947,51.8
95,3,South Carolina,SC,Abbeville,Republican,Ben Carson,0.083,19.4,68.8,76.8,51.5,35947,51.8
96,4,South Carolina,SC,Abbeville,Republican,Jeb Bush,0.064,19.4,68.8,76.8,51.5,35947,51.8
97,5,South Carolina,SC,Abbeville,Republican,John Kasich,0.043,19.4,68.8,76.8,51.5,35947,51.8
98,6,South Carolina,SC,Aiken,Republican,Donald Trump,0.316,17.5,67.0,84.8,51.5,44509,149.5
99,7,South Carolina,SC,Aiken,Republican,Ted Cruz,0.24600000000000002,17.5,67.0,84.8,51.5,44509,149.5
100,8,South Carolina,SC,Aiken,Republican,Marco Rubio,0.23800000000000002,17.5,67.0,84.8,51.5,44509,149.5
101,9,South Carolina,SC,Aiken,Republican,Ben Carson,0.091,17.5,67.0,84.8,51.5,44509,149.5
102,10,South Carolina,SC,Aiken,Republican,John Kasich,0.067,17.5,67.0,84.8,51.5,44509,149.5
103,11,South Carolina,SC,Aiken,Republican,Jeb Bush,0.042,17.5,67.0,84.8,51.5,44509,149.5
104,12,South Carolina,SC,Allendale,Republican,Donald Trump,0.44299999999999995,16.3,23.3,71.9,46.1,25252,25.5
105,13,South Carolina,SC,Allendale,Republican,Marco Rubio,0.255,16.3,23.3,71.9,46.1,25252,25.5
106,14,South Carolina,SC,Allendale,Republican,Ted Cruz,0.122,16.3,23.3,71.9,46.1,25252,25.5
107,15,South Carolina,SC,Allendale,Republican,Ben Carson,0.08900000000000001,16.3,23.3,71.9,46.1,25252,25.5
108,16,South Carolina,SC,Allendale,Republican,Jeb Bush,0.057999999999999996,16.3,23.3,71.9,46.1,25252,25.5
109,17,South Carolina,SC,Allendale,Republican,John Kasich,0.033,16.3,23.3,71.9,46.1,25252,25.5
110,18,South Carolina,SC,Anderson,Republican,Donald Trump,0.319,17.0,77.7,81.7,51.7,41579,261.6
111,19,South Carolina,SC,Anderson,Republican,Ted Cruz,0.255,17.0,77.7,81.7,51.7,41579,261.6
112,20,South Carolina,SC,Anderson,Republican,Marco Rubio,0.209,17.0,77.7,81.7,51.7,41579,261.6
113,21,South Carolina,SC,Anderson,Republican,Ben Carson,0.086,17.0,77.7,81.7,51.7,41579,261.6
114,22,South Carolina,SC,Anderson,Republican,Jeb Bush,0.07,17.0,77.7,81.7,51.7,41579,261.6
115,23,South Carolina,SC,Anderson,Republican,John Kasich,0.059000000000000004,17.0,77.7,81.7,51.7,41579,261.6
116,24,South Carolina,SC,Bamberg,Republican,Donald Trump,0.401,18.3,35.8,75.5,51.8,31483,40.6
117,25,South Carolina,SC,Bamberg,Republican,Marco Rubio,0.278,18.3,35.8,75.5,51.8,31483,40.6
118,26,South Carolina,SC,Bamberg,Republican,Ted Cruz,0.161,18.3,35.8,75.5,51.8,31483,40.6
119,27,South Carolina,SC,Bamberg,Republican,Ben Carson,0.065,18.3,35.8,75.5,51.8,31483,40.6
120,28,South Carolina,SC,Bamberg,Republican,Jeb Bush,0.048,18.3,35.8,75.5,51.8,31483,40.6
121,29,South Carolina,SC,Bamberg,Republican,John Kasich,0.048,18.3,35.8,75.5,51.8,31483,40.6
122,30,South Carolina,SC,Barnwell,Republican,Donald Trump,0.42700000000000005,15.9,51.2,79.7,52.3,35231,41.2
123,31,South Carolina,SC,Barnwell,Republican,Marco Rubio,0.222,15.9,51.2,79.7,52.3,35231,41.2
124,32,South Carolina,SC,Barnwell,Republican,Ted Cruz,0.19899999999999998,15.9,51.2,79.7,52.3,35231,41.2
125,33,South Carolina,SC,Barnwell,Republican,Ben Carson,0.066,15.9,51.2,79.7,52.3,35231,41.2
126,34,South Carolina,SC,Barnwell,Republican,Jeb Bush,0.05,15.9,51.2,79.7,52.3,35231,41.2
127,35,South Carolina,SC,Barnwell,Republican,John Kasich,0.035,15.9,51.2,79.7,52.3,35231,41.2
128,36,South Carolina,SC,Beaufort,Republican,Donald Trump,0.301,24.1,67.1,91.3,50.9,57316,281.5
129,37,South Carolina,SC,Beaufort,Republican,Marco Rubio,0.27699999999999997,24.1,67.1,91.3,50.9,57316,281.5
130,38,South Carolina,SC,Beaufort,Republican,John Kasich,0.18899999999999997,24.1,67.1,91.3,50.9,57316,281.5
131,39,South Carolina,SC,Beaufort,Republican,Ted Cruz,0.134,24.1,67.1,91.3,50.9,57316,281.5
132,40,South Carolina,SC,Beaufort,Republican,Jeb Bush,0.066,24.1,67.1,91.3,50.9,57316,281.5
133,41,South Carolina,SC,Beaufort,Republican,Ben Carson,0.033,24.1,67.1,91.3,50.9,57316,281.5
134,42,South Carolina,SC,Berkeley,Republican,Donald Trump,0.34,12.3,63.9,86.7,50.2,52427,161.8
135,43,South Carolina,SC,Berkeley,Republican,Ted Cruz,0.226,12.3,63.9,86.7,50.2,52427,161.8
136,44,South Carolina,SC,Berkeley,Republican,Marco Rubio,0.223,12.3,63.9,86.7,50.2,52427,161.8
137,45,South Carolina,SC,Berkeley,Republican,Jeb Bush,0.096,12.3,63.9,86.7,50.2,52427,161.8
138,46,South Carolina,SC,Berkeley,Republican,Ben Carson,0.059000000000000004,12.3,63.9,86.7,50.2,52427,161.8
139,47,South Carolina,SC,Berkeley,Republican,John Kasich,0.055999999999999994,12.3,63.9,86.7,50.2,52427,161.8
140,48,South Carolina,SC,Calhoun,Republican,Donald Trump,0.35200000000000004,19.7,53.5,82.8,51.3,40704,39.8
141,49,South Carolina,SC,Calhoun,Republican,Ted Cruz,0.24600000000000002,19.7,53.5,82.8,51.3,40704,39.8
142,50,South Carolina,SC,Calhoun,Republican,Marco Rubio,0.184,19.7,53.5,82.8,51.3,40704,39.8
143,51,South Carolina,SC,Calhoun,Republican,Jeb Bush,0.109,19.7,53.5,82.8,51.3,40704,39.8
144,52,South Carolina,SC,Calhoun,Republican,Ben Carson,0.061,19.7,53.5,82.8,51.3,40704,39.8
145,53,South Carolina,SC,Calhoun,Republican,John Kasich,0.048,19.7,53.5,82.8,51.3,40704,39.8
146,54,South Carolina,SC,Charleston,Republican,Marco Rubio,0.27899999999999997,14.5,63.4,88.3,51.6,50792,382.3
147,55,South Carolina,SC,Charleston,Republican,Donald Trump,0.264,14.5,63.4,88.3,51.6,50792,382.3
148,56,South Carolina,SC,Charleston,Republican,Ted Cruz,0.166,14.5,63.4,88.3,51.6,50792,382.3
149,57,South Carolina,SC,Charleston,Republican,John Kasich,0.134,14.5,63.4,88.3,51.6,50792,382.3
150,58,South Carolina,SC,Charleston,Republican,Jeb Bush,0.11199999999999999,14.5,63.4,88.3,51.6,50792,382.3
151,59,South Carolina,SC,Charleston,Republican,Ben Carson,0.045,14.5,63.4,88.3,51.6,50792,382.3
152,60,South Carolina,SC,Cherokee,Republican,Donald Trump,0.42,15.2,73.2,75.0,51.5,34202,140.9
153,61,South Carolina,SC,Cherokee,Republican,Ted Cruz,0.23,15.2,73.2,75.0,51.5,34202,140.9
154,62,South Carolina,SC,Cherokee,Republican,Marco Rubio,0.168,15.2,73.2,75.0,51.5,34202,140.9
155,63,South Carolina,SC,Cherokee,Republican,Ben Carson,0.102,15.2,73.2,75.0,51.5,34202,140.9
156,64,South Carolina,SC,Cherokee,Republican,Jeb Bush,0.044000000000000004,15.2,73.2,75.0,51.5,34202,140.9
157,65,South Carolina,SC,Cherokee,Republican,John Kasich,0.036000000000000004,15.2,73.2,75.0,51.5,34202,140.9
158,66,South Carolina,SC,Chester,Republican,Donald Trump,0.42100000000000004,16.7,59.0,78.0,51.5,33103,57.1
159,67,South Carolina,SC,Chester,Republican,Ted Cruz,0.254,16.7,59.0,78.0,51.5,33103,57.1
160,68,South Carolina,SC,Chester,Republican,Marco Rubio,0.166,16.7,59.0,78.0,51.5,33103,57.1
161,69,South Carolina,SC,Chester,Republican,Ben Carson,0.085,16.7,59.0,78.0,51.5,33103,57.1
162,70,South Carolina,SC,Chester,Republican,Jeb Bush,0.038,16.7,59.0,78.0,51.5,33103,57.1
163,71,South Carolina,SC,Chester,Republican,John Kasich,0.036000000000000004,16.7,59.0,78.0,51.5,33103,57.1
164,72,South Carolina,SC,Chesterfield,Republican,Donald Trump,0.401,16.0,61.3,74.9,51.3,31252,58.5
165,73,South Carolina,SC,Chesterfield,Republican,Ted Cruz,0.319,16.0,61.3,74.9,51.3,31252,58.5
166,74,South Carolina,SC,Chesterfield,Republican,Marco Rubio,0.154,16.0,61.3,74.9,51.3,31252,58.5
167,75,South Carolina,SC,Chesterfield,Republican,Ben Carson,0.055,16.0,61.3,74.9,51.3,31252,58.5
168,76,South Carolina,SC,Chesterfield,Republican,Jeb Bush,0.04,16.0,61.3,74.9,51.3,31252,58.5
169,77,South Carolina,SC,Chesterfield,Republican,John Kasich,0.031,16.0,61.3,74.9,51.3,31252,58.5
170,78,South Carolina,SC,Clarendon,Republican,Donald Trump,0.373,19.8,47.3,77.7,50.7,31410,57.6
171,79,South Carolina,SC,Clarendon,Republican,Ted Cruz,0.24100000000000002,19.8,47.3,77.7,50.7,31410,57.6
172,80,South Carolina,SC,Clarendon,Republican,Marco Rubio,0.185,19.8,47.3,77.7,50.7,31410,57.6
173,81,South Carolina,SC,Clarendon,Republican,Jeb Bush,0.08199999999999999,19.8,47.3,77.7,50.7,31410,57.6
174,82,South Carolina,SC,Clarendon,Republican,Ben Carson,0.062,19.8,47.3,77.7,50.7,31410,57.6
175,83,South Carolina,SC,Clarendon,Republican,John Kasich,0.057,19.8,47.3,77.7,50.7,31410,57.6
176,84,South Carolina,SC,Colleton,Republican,Donald Trump,0.433,18.6,56.5,78.8,52.1,33233,36.8
177,85,South Carolina,SC,Colleton,Republican,Ted Cruz,0.205,18.6,56.5,78.8,52.1,33233,36.8
178,86,South Carolina,SC,Colleton,Republican,Marco Rubio,0.174,18.6,56.5,78.8,52.1,33233,36.8
179,87,South Carolina,SC,Colleton,Republican,Jeb Bush,0.094,18.6,56.5,78.8,52.1,33233,36.8
180,88,South Carolina,SC,Colleton,Republican,Ben Carson,0.052000000000000005,18.6,56.5,78.8,52.1,33233,36.8
181,89,South Carolina,SC,Colleton,Republican,John Kasich,0.042,18.6,56.5,78.8,52.1,33233,36.8
182,90,South Carolina,SC,Darlington,Republican,Donald Trump,0.37799999999999995,16.5,55.3,79.2,52.8,36323,122.4
183,91,South Carolina,SC,Darlington,Republican,Ted Cruz,0.292,16.5,55.3,79.2,52.8,36323,122.4
184,92,South Carolina,SC,Darlington,Republican,Marco Rubio,0.156,16.5,55.3,79.2,52.8,36323,122.4
185,93,South Carolina,SC,Darlington,Republican,Jeb Bush,0.078,16.5,55.3,79.2,52.8,36323,122.4
186,94,South Carolina,SC,Darlington,Republican,Ben Carson,0.059000000000000004,16.5,55.3,79.2,52.8,36323,122.4
187,95,South Carolina,SC,Darlington,Republican,John Kasich,0.037000000000000005,16.5,55.3,79.2,52.8,36323,122.4
188,96,South Carolina,SC,Dillon,Republican,Donald Trump,0.363,15.0,46.8,70.6,52.7,28817,79.2
189,97,South Carolina,SC,Dillon,Republican,Ted Cruz,0.341,15.0,46.8,70.6,52.7,28817,79.2
190,98,South Carolina,SC,Dillon,Republican,Marco Rubio,0.166,15.0,46.8,70.6,52.7,28817,79.2
191,99,South Carolina,SC,Dillon,Republican,Jeb Bush,0.063,15.0,46.8,70.6,52.7,28817,79.2
192,100,South Carolina,SC,Dillon,Republican,Ben Carson,0.042,15.0,46.8,70.6,52.7,28817,79.2
193,101,South Carolina,SC,Dillon,Republican,John Kasich,0.024,15.0,46.8,70.6,52.7,28817,79.2
194,102,South Carolina,SC,Dorchester,Republican,Donald Trump,0.315,11.7,64.9,89.4,51.2,53857,238.2
195,103,South Carolina,SC,Dorchester,Republican,Marco Rubio,0.23800000000000002,11.7,64.9,89.4,51.2,53857,238.2
196,104,South Carolina,SC,Dorchester,Republican,Ted Cruz,0.23600000000000002,11.7,64.9,89.4,51.2,53857,238.2
197,105,South Carolina,SC,Dorchester,Republican,Jeb Bush,0.08800000000000001,11.7,64.9,89.4,51.2,53857,238.2
198,106,South Carolina,SC,Dorchester,Republican,John Kasich,0.064,11.7,64.9,89.4,51.2,53857,238.2
199,107,South Carolina,SC,Dorchester,Republican,Ben Carson,0.059000000000000004,11.7,64.9,89.4,51.2,53857,238.2
200,108,South Carolina,SC,Edgefield,Republican,Donald Trump,0.341,15.9,56.2,81.3,45.9,43861,53.9
201,109,South Carolina,SC,Edgefield,Republican,Ted Cruz,0.28600000000000003,15.9,56.2,81.3,45.9,43861,53.9
202,110,South Carolina,SC,Edgefield,Republican,Marco Rubio,0.225,15.9,56.2,81.3,45.9,43861,53.9
203,111,South Carolina,SC,Edgefield,Republican,Ben Carson,0.081,15.9,56.2,81.3,45.9,43861,53.9
204,112,South Carolina,SC,Edgefield,Republican,John Kasich,0.038,15.9,56.2,81.3,45.9,43861,53.9
205,113,South Carolina,SC,Edgefield,Republican,Jeb Bush,0.028999999999999998,15.9,56.2,81.3,45.9,43861,53.9
206,114,South Carolina,SC,Fairfield,Republican,Donald Trump,0.359,18.0,37.8,81.4,52.2,36120,34.9
207,115,South Carolina,SC,Fairfield,Republican,Ted Cruz,0.247,18.0,37.8,81.4,52.2,36120,34.9
208,116,South Carolina,SC,Fairfield,Republican,Marco Rubio,0.19399999999999998,18.0,37.8,81.4,52.2,36120,34.9
209,117,South Carolina,SC,Fairfield,Republican,Jeb Bush,0.08,18.0,37.8,81.4,52.2,36120,34.9
210,118,South Carolina,SC,Fairfield,Republican,John Kasich,0.064,18.0,37.8,81.4,52.2,36120,34.9
211,119,South Carolina,SC,Fairfield,Republican,Ben Carson,0.057,18.0,37.8,81.4,52.2,36120,34.9
212,120,South Carolina,SC,Florence,Republican,Donald Trump,0.331,15.0,52.9,82.6,53.2,41910,171.1
213,121,South Carolina,SC,Florence,Republican,Ted Cruz,0.287,15.0,52.9,82.6,53.2,41910,171.1
214,122,South Carolina,SC,Florence,Republican,Marco Rubio,0.185,15.0,52.9,82.6,53.2,41910,171.1
215,123,South Carolina,SC,Florence,Republican,Jeb Bush,0.081,15.0,52.9,82.6,53.2,41910,171.1
216,124,South Carolina,SC,Florence,Republican,Ben Carson,0.07,15.0,52.9,82.6,53.2,41910,171.1
217,125,South Carolina,SC,Florence,Republican,John Kasich,0.045,15.0,52.9,82.6,53.2,41910,171.1
218,126,South Carolina,SC,Georgetown,Republican,Donald Trump,0.402,24.1,63.0,84.5,52.4,40131,73.9
219,127,South Carolina,SC,Georgetown,Republican,Marco Rubio,0.23399999999999999,24.1,63.0,84.5,52.4,40131,73.9
220,128,South Carolina,SC,Georgetown,Republican,Ted Cruz,0.138,24.1,63.0,84.5,52.4,40131,73.9
221,129,South Carolina,SC,Georgetown,Republican,John Kasich,0.08900000000000001,24.1,63.0,84.5,52.4,40131,73.9
222,130,South Carolina,SC,Georgetown,Republican,Jeb Bush,0.083,24.1,63.0,84.5,52.4,40131,73.9
223,131,South Carolina,SC,Georgetown,Republican,Ben Carson,0.053,24.1,63.0,84.5,52.4,40131,73.9
224,132,South Carolina,SC,Greenville,Republican,Donald Trump,0.268,14.3,69.3,85.7,51.4,49022,574.7
225,133,South Carolina,SC,Greenville,Republican,Ted Cruz,0.24600000000000002,14.3,69.3,85.7,51.4,49022,574.7
226,134,South Carolina,SC,Greenville,Republican,Marco Rubio,0.24600000000000002,14.3,69.3,85.7,51.4,49022,574.7
227,135,South Carolina,SC,Greenville,Republican,Ben Carson,0.086,14.3,69.3,85.7,51.4,49022,574.7
228,136,South Carolina,SC,Greenville,Republican,John Kasich,0.083,14.3,69.3,85.7,51.4,49022,574.7
229,137,South Carolina,SC,Greenville,Republican,Jeb Bush,0.07,14.3,69.3,85.7,51.4,49022,574.7
230,138,South Carolina,SC,Greenwood,Republican,Donald Trump,0.28800000000000003,17.1,60.4,80.4,53.2,36540,153.2
231,139,South Carolina,SC,Greenwood,Republican,Marco Rubio,0.24100000000000002,17.1,60.4,80.4,53.2,36540,153.2
232,140,South Carolina,SC,Greenwood,Republican,Ted Cruz,0.22899999999999998,17.1,60.4,80.4,53.2,36540,153.2
233,141,South Carolina,SC,Greenwood,Republican,Ben Carson,0.094,17.1,60.4,80.4,53.2,36540,153.2
234,142,South Carolina,SC,Greenwood,Republican,Jeb Bush,0.08199999999999999,17.1,60.4,80.4,53.2,36540,153.2
235,143,South Carolina,SC,Greenwood,Republican,John Kasich,0.066,17.1,60.4,80.4,53.2,36540,153.2
236,144,South Carolina,SC,Hampton,Republican,Donald Trump,0.434,15.8,41.2,75.8,48.4,34233,37.7
237,145,South Carolina,SC,Hampton,Republican,Ted Cruz,0.21899999999999997,15.8,41.2,75.8,48.4,34233,37.7
238,146,South Carolina,SC,Hampton,Republican,Marco Rubio,0.18899999999999997,15.8,41.2,75.8,48.4,34233,37.7
239,147,South Carolina,SC,Hampton,Republican,Ben Carson,0.055,15.8,41.2,75.8,48.4,34233,37.7
240,148,South Carolina,SC,Hampton,Republican,John Kasich,0.053,15.8,41.2,75.8,48.4,34233,37.7
241,149,South Carolina,SC,Hampton,Republican,Jeb Bush,0.05,15.8,41.2,75.8,48.4,34233,37.7
242,150,South Carolina,SC,Horry,Republican,Donald Trump,0.49200000000000005,20.5,77.2,87.7,51.5,42431,237.5
243,151,South Carolina,SC,Horry,Republican,Marco Rubio,0.179,20.5,77.2,87.7,51.5,42431,237.5
244,152,South Carolina,SC,Horry,Republican,Ted Cruz,0.158,20.5,77.2,87.7,51.5,42431,237.5
245,153,South Carolina,SC,Horry,Republican,John Kasich,0.064,20.5,77.2,87.7,51.5,42431,237.5
246,154,South Carolina,SC,Horry,Republican,Jeb Bush,0.059000000000000004,20.5,77.2,87.7,51.5,42431,237.5
247,155,South Carolina,SC,Horry,Republican,Ben Carson,0.049,20.5,77.2,87.7,51.5,42431,237.5
248,156,South Carolina,SC,Jasper,Republican,Donald Trump,0.39,15.4,41.0,78.8,48.4,36413,37.8
249,157,South Carolina,SC,Jasper,Republican,Marco Rubio,0.23199999999999998,15.4,41.0,78.8,48.4,36413,37.8
250,158,South Carolina,SC,Jasper,Republican,Ted Cruz,0.18899999999999997,15.4,41.0,78.8,48.4,36413,37.8
251,159,South Carolina,SC,Jasper,Republican,John Kasich,0.098,15.4,41.0,78.8,48.4,36413,37.8
252,160,South Carolina,SC,Jasper,Republican,Ben Carson,0.052000000000000005,15.4,41.0,78.8,48.4,36413,37.8
253,161,South Carolina,SC,Jasper,Republican,Jeb Bush,0.04,15.4,41.0,78.8,48.4,36413,37.8
254,162,South Carolina,SC,Kershaw,Republican,Donald Trump,0.344,16.4,68.7,84.9,51.5,43765,84.9
255,163,South Carolina,SC,Kershaw,Republican,Ted Cruz,0.259,16.4,68.7,84.9,51.5,43765,84.9
256,164,South Carolina,SC,Kershaw,Republican,Marco Rubio,0.177,16.4,68.7,84.9,51.5,43765,84.9
257,165,South Carolina,SC,Kershaw,Republican,Jeb Bush,0.10800000000000001,16.4,68.7,84.9,51.5,43765,84.9
258,166,South Carolina,SC,Kershaw,Republican,Ben Carson,0.057999999999999996,16.4,68.7,84.9,51.5,43765,84.9
259,167,South Carolina,SC,Kershaw,Republican,John Kasich,0.054000000000000006,16.4,68.7,84.9,51.5,43765,84.9
260,168,South Carolina,SC,Lancaster,Republican,Donald Trump,0.33899999999999997,18.8,70.2,82.3,50.9,42217,139.6
261,169,South Carolina,SC,Lancaster,Republican,Marco Rubio,0.223,18.8,70.2,82.3,50.9,42217,139.6
262,170,South Carolina,SC,Lancaster,Republican,Ted Cruz,0.217,18.8,70.2,82.3,50.9,42217,139.6
263,171,South Carolina,SC,Lancaster,Republican,Ben Carson,0.092,18.8,70.2,82.3,50.9,42217,139.6
264,172,South Carolina,SC,Lancaster,Republican,John Kasich,0.085,18.8,70.2,82.3,50.9,42217,139.6
265,173,South Carolina,SC,Lancaster,Republican,Jeb Bush,0.045,18.8,70.2,82.3,50.9,42217,139.6
266,174,South Carolina,SC,Laurens,Republican,Donald Trump,0.345,16.7,68.3,78.2,51.5,37383,93.2
267,175,South Carolina,SC,Laurens,Republican,Ted Cruz,0.285,16.7,68.3,78.2,51.5,37383,93.2
268,176,South Carolina,SC,Laurens,Republican,Marco Rubio,0.16399999999999998,16.7,68.3,78.2,51.5,37383,93.2
269,177,South Carolina,SC,Laurens,Republican,Ben Carson,0.08199999999999999,16.7,68.3,78.2,51.5,37383,93.2
270,178,South Carolina,SC,Laurens,Republican,Jeb Bush,0.079,16.7,68.3,78.2,51.5,37383,93.2
271,179,South Carolina,SC,Laurens,Republican,John Kasich,0.045,16.7,68.3,78.2,51.5,37383,93.2
272,180,South Carolina,SC,Lee,Republican,Donald Trump,0.474,16.1,33.3,72.8,47.8,27373,46.9
273,181,South Carolina,SC,Lee,Republican,Ted Cruz,0.225,16.1,33.3,72.8,47.8,27373,46.9
274,182,South Carolina,SC,Lee,Republican,Marco Rubio,0.125,16.1,33.3,72.8,47.8,27373,46.9
275,183,South Carolina,SC,Lee,Republican,Jeb Bush,0.09699999999999999,16.1,33.3,72.8,47.8,27373,46.9
276,184,South Carolina,SC,Lee,Republican,Ben Carson,0.042,16.1,33.3,72.8,47.8,27373,46.9
277,185,South Carolina,SC,Lee,Republican,John Kasich,0.037000000000000005,16.1,33.3,72.8,47.8,27373,46.9
278,186,South Carolina,SC,Lexington,Republican,Donald Trump,0.3,14.2,75.7,88.4,51.1,54061,375.4
279,187,South Carolina,SC,Lexington,Republican,Ted Cruz,0.24100000000000002,14.2,75.7,88.4,51.1,54061,375.4
280,188,South Carolina,SC,Lexington,Republican,Marco Rubio,0.209,14.2,75.7,88.4,51.1,54061,375.4
281,189,South Carolina,SC,Lexington,Republican,Jeb Bush,0.09699999999999999,14.2,75.7,88.4,51.1,54061,375.4
282,190,South Carolina,SC,Lexington,Republican,Ben Carson,0.08900000000000001,14.2,75.7,88.4,51.1,54061,375.4
283,191,South Carolina,SC,Lexington,Republican,John Kasich,0.063,14.2,75.7,88.4,51.1,54061,375.4
284,192,South Carolina,SC,Marion,Republican,Donald Trump,0.425,17.1,39.2,81.8,53.8,29149,67.6
285,193,South Carolina,SC,Marion,Republican,Ted Cruz,0.261,17.1,39.2,81.8,53.8,29149,67.6
286,194,South Carolina,SC,Marion,Republican,Marco Rubio,0.154,17.1,39.2,81.8,53.8,29149,67.6
287,195,South Carolina,SC,Marion,Republican,Jeb Bush,0.076,17.1,39.2,81.8,53.8,29149,67.6
288,196,South Carolina,SC,Marion,Republican,Ben Carson,0.049,17.1,39.2,81.8,53.8,29149,67.6
289,197,South Carolina,SC,Marion,Republican,John Kasich,0.035,17.1,39.2,81.8,53.8,29149,67.6
290,198,South Carolina,SC,Marlboro,Republican,Donald Trump,0.42100000000000004,15.2,39.9,69.9,46.8,28297,60.3
291,199,South Carolina,SC,Marlboro,Republican,Ted Cruz,0.23399999999999999,15.2,39.9,69.9,46.8,28297,60.3
292,200,South Carolina,SC,Marlboro,Republican,Marco Rubio,0.145,15.2,39.9,69.9,46.8,28297,60.3
293,201,South Carolina,SC,Marlboro,Republican,Jeb Bush,0.094,15.2,39.9,69.9,46.8,28297,60.3
294,202,South Carolina,SC,Marlboro,Republican,Ben Carson,0.073,15.2,39.9,69.9,46.8,28297,60.3
295,203,South Carolina,SC,Marlboro,Republican,John Kasich,0.033,15.2,39.9,69.9,46.8,28297,60.3
296,204,South Carolina,SC,McCormick,Republican,Donald Trump,0.33899999999999997,29.8,48.7,78.8,44.9,40028,28.5
297,205,South Carolina,SC,McCormick,Republican,Marco Rubio,0.258,29.8,48.7,78.8,44.9,40028,28.5
298,206,South Carolina,SC,McCormick,Republican,Ted Cruz,0.204,29.8,48.7,78.8,44.9,40028,28.5
299,207,South Carolina,SC,McCormick,Republican,John Kasich,0.099,29.8,48.7,78.8,44.9,40028,28.5
300,208,South Carolina,SC,McCormick,Republican,Ben Carson,0.057999999999999996,29.8,48.7,78.8,44.9,40028,28.5
301,209,South Carolina,SC,McCormick,Republican,Jeb Bush,0.042,29.8,48.7,78.8,44.9,40028,28.5
302,210,South Carolina,SC,Newberry,Republican,Donald Trump,0.344,18.0,60.0,76.9,51.4,41718,59.5
303,211,South Carolina,SC,Newberry,Republican,Ted Cruz,0.213,18.0,60.0,76.9,51.4,41718,59.5
304,212,South Carolina,SC,Newberry,Republican,Marco Rubio,0.195,18.0,60.0,76.9,51.4,41718,59.5
305,213,South Carolina,SC,Newberry,Republican,Jeb Bush,0.10300000000000001,18.0,60.0,76.9,51.4,41718,59.5
306,214,South Carolina,SC,Newberry,Republican,Ben Carson,0.08800000000000001,18.0,60.0,76.9,51.4,41718,59.5
307,215,South Carolina,SC,Newberry,Republican,John Kasich,0.057,18.0,60.0,76.9,51.4,41718,59.5
308,216,South Carolina,SC,Oconee,Republican,Donald Trump,0.284,21.6,85.2,83.1,50.5,41394,118.6
309,217,South Carolina,SC,Oconee,Republican,Marco Rubio,0.257,21.6,85.2,83.1,50.5,41394,118.6
310,218,South Carolina,SC,Oconee,Republican,Ted Cruz,0.203,21.6,85.2,83.1,50.5,41394,118.6
311,219,South Carolina,SC,Oconee,Republican,John Kasich,0.095,21.6,85.2,83.1,50.5,41394,118.6
312,220,South Carolina,SC,Oconee,Republican,Jeb Bush,0.08900000000000001,21.6,85.2,83.1,50.5,41394,118.6
313,221,South Carolina,SC,Oconee,Republican,Ben Carson,0.07200000000000001,21.6,85.2,83.1,50.5,41394,118.6
314,222,South Carolina,SC,Orangeburg,Republican,Donald Trump,0.38,17.1,33.6,79.3,53.1,34110,83.6
315,223,South Carolina,SC,Orangeburg,Republican,Marco Rubio,0.195,17.1,33.6,79.3,53.1,34110,83.6
316,224,South Carolina,SC,Orangeburg,Republican,Ted Cruz,0.195,17.1,33.6,79.3,53.1,34110,83.6
317,225,South Carolina,SC,Orangeburg,Republican,Jeb Bush,0.11699999999999999,17.1,33.6,79.3,53.1,34110,83.6
318,226,South Carolina,SC,Orangeburg,Republican,Ben Carson,0.06,17.1,33.6,79.3,53.1,34110,83.6
319,227,South Carolina,SC,Orangeburg,Republican,John Kasich,0.053,17.1,33.6,79.3,53.1,34110,83.6
320,228,South Carolina,SC,Pickens,Republican,Donald Trump,0.301,15.2,86.4,82.2,50.2,41788,240.2
321,229,South Carolina,SC,Pickens,Republican,Ted Cruz,0.27,15.2,86.4,82.2,50.2,41788,240.2
322,230,South Carolina,SC,Pickens,Republican,Marco Rubio,0.209,15.2,86.4,82.2,50.2,41788,240.2
323,231,South Carolina,SC,Pickens,Republican,Jeb Bush,0.086,15.2,86.4,82.2,50.2,41788,240.2
324,232,South Carolina,SC,Pickens,Republican,Ben Carson,0.07200000000000001,15.2,86.4,82.2,50.2,41788,240.2
325,233,South Carolina,SC,Pickens,Republican,John Kasich,0.061,15.2,86.4,82.2,50.2,41788,240.2
326,234,South Carolina,SC,Richland,Republican,Marco Rubio,0.27899999999999997,11.3,44.1,89.7,51.5,48359,507.9
327,235,South Carolina,SC,Richland,Republican,Donald Trump,0.23399999999999999,11.3,44.1,89.7,51.5,48359,507.9
328,236,South Carolina,SC,Richland,Republican,Ted Cruz,0.203,11.3,44.1,89.7,51.5,48359,507.9
329,237,South Carolina,SC,Richland,Republican,Jeb Bush,0.114,11.3,44.1,89.7,51.5,48359,507.9
330,238,South Carolina,SC,Richland,Republican,John Kasich,0.10300000000000001,11.3,44.1,89.7,51.5,48359,507.9
331,239,South Carolina,SC,Richland,Republican,Ben Carson,0.067,11.3,44.1,89.7,51.5,48359,507.9
332,240,South Carolina,SC,Saluda,Republican,Donald Trump,0.364,18.3,58.0,76.8,49.6,38514,43.9
333,241,South Carolina,SC,Saluda,Republican,Ted Cruz,0.23199999999999998,18.3,58.0,76.8,49.6,38514,43.9
334,242,South Carolina,SC,Saluda,Republican,Marco Rubio,0.161,18.3,58.0,76.8,49.6,38514,43.9
335,243,South Carolina,SC,Saluda,Republican,Jeb Bush,0.111,18.3,58.0,76.8,49.6,38514,43.9
336,244,South Carolina,SC,Saluda,Republican,Ben Carson,0.086,18.3,58.0,76.8,49.6,38514,43.9
337,245,South Carolina,SC,Saluda,Republican,John Kasich,0.045,18.3,58.0,76.8,49.6,38514,43.9
338,246,South Carolina,SC,Spartanburg,Republican,Donald Trump,0.327,15.1,69.0,82.2,51.5,42919,351.9
339,247,South Carolina,SC,Spartanburg,Republican,Ted Cruz,0.24600000000000002,15.1,69.0,82.2,51.5,42919,351.9
340,248,South Carolina,SC,Spartanburg,Republican,Marco Rubio,0.22899999999999998,15.1,69.0,82.2,51.5,42919,351.9
341,249,South Carolina,SC,Spartanburg,Republican,Ben Carson,0.087,15.1,69.0,82.2,51.5,42919,351.9
342,250,South Carolina,SC,Spartanburg,Republican,Jeb Bush,0.059000000000000004,15.1,69.0,82.2,51.5,42919,351.9
343,251,South Carolina,SC,Spartanburg,Republican,John Kasich,0.053,15.1,69.0,82.2,51.5,42919,351.9
344,252,South Carolina,SC,Sumter,Republican,Donald Trump,0.337,14.5,46.4,82.3,51.8,41366,161.6
345,253,South Carolina,SC,Sumter,Republican,Ted Cruz,0.221,14.5,46.4,82.3,51.8,41366,161.6
346,254,South Carolina,SC,Sumter,Republican,Marco Rubio,0.2,14.5,46.4,82.3,51.8,41366,161.6
347,255,South Carolina,SC,Sumter,Republican,Jeb Bush,0.121,14.5,46.4,82.3,51.8,41366,161.6
348,256,South Carolina,SC,Sumter,Republican,Ben Carson,0.073,14.5,46.4,82.3,51.8,41366,161.6
349,257,South Carolina,SC,Sumter,Republican,John Kasich,0.048,14.5,46.4,82.3,51.8,41366,161.6
350,258,South Carolina,SC,Union,Republican,Donald Trump,0.389,18.5,65.4,78.1,52.5,32556,56.3
351,259,South Carolina,SC,Union,Republican,Ted Cruz,0.245,18.5,65.4,78.1,52.5,32556,56.3
352,260,South Carolina,SC,Union,Republican,Marco Rubio,0.20800000000000002,18.5,65.4,78.1,52.5,32556,56.3
353,261,South Carolina,SC,Union,Republican,Jeb Bush,0.07400000000000001,18.5,65.4,78.1,52.5,32556,56.3
354,262,South Carolina,SC,Union,Republican,Ben Carson,0.052000000000000005,18.5,65.4,78.1,52.5,32556,56.3
355,263,South Carolina,SC,Union,Republican,John Kasich,0.032,18.5,65.4,78.1,52.5,32556,56.3
356,264,South Carolina,SC,Williamsburg,Republican,Donald Trump,0.433,17.9,31.5,77.6,51.5,25849,36.8
357,265,South Carolina,SC,Williamsburg,Republican,Ted Cruz,0.21,17.9,31.5,77.6,51.5,25849,36.8
358,266,South Carolina,SC,Williamsburg,Republican,Marco Rubio,0.19,17.9,31.5,77.6,51.5,25849,36.8
359,267,South Carolina,SC,Williamsburg,Republican,Jeb Bush,0.084,17.9,31.5,77.6,51.5,25849,36.8
360,268,South Carolina,SC,Williamsburg,Republican,Ben Carson,0.055,17.9,31.5,77.6,51.5,25849,36.8
361,269,South Carolina,SC,Williamsburg,Republican,John Kasich,0.027999999999999997,17.9,31.5,77.6,51.5,25849,36.8
362,270,South Carolina,SC,York,Republican,Donald Trump,0.317,13.1,71.6,87.5,51.7,53740,332.2
363,271,South Carolina,SC,York,Republican,Ted Cruz,0.242,13.1,71.6,87.5,51.7,53740,332.2
364,272,South Carolina,SC,York,Republican,Marco Rubio,0.213,13.1,71.6,87.5,51.7,53740,332.2
365,273,South Carolina,SC,York,Republican,Ben Carson,0.10400000000000001,13.1,71.6,87.5,51.7,53740,332.2
366,274,South Carolina,SC,York,Republican,John Kasich,0.069,13.1,71.6,87.5,51.7,53740,332.2
367,275,South Carolina,SC,York,Republican,Jeb Bush,0.054000000000000006,13.1,71.6,87.5,51.7,53740,332.2
